size_mp	w	h	mode	peak_heap_GB_si	mb_per_mp	t_score_s	score_jod	notes
16.78	4096	4096	full	3.66	218.2	6.24	9.458502769470215	heaptrack 1.3.0; master@origin=5979e084; deterministic XorShift synth
23.98	5120	4683	full	5.23	218.1	8.18	9.455544471740723
28.00	5824	4807	full	6.10	217.9	9.75	9.445217132568360
32.00	6144	5208	full	6.98	218.1	11.77	9.456428527832031
35.96	6656	5402	full	7.84	218.0	12.52	9.454692840576172
39.81	7680	5184	full	8.68	218.0	14.32	9.456094741821289	matches prior 2026-05-28 40 MP run (8.6796 GB / 8.0835 GiB)
