size_mp	width	height	mode	peak_heap_bytes	peak_heap_GB	wall_time_ms	jod_score
4	2048	2048	full	953688064	0.9145	2750	N/A
4	2048	2048	strip	641057280	0.6108	1500	N/A
4	2048	2048	warm_ref_strip	641057280	0.6108	1500	N/A
16	4096	4096	full	3924148224	3.66	11320	9.458502769470215
16	4096	4096	strip	1664339968	1.55	6040	9.458502769470215
16	4096	4096	warm_ref	3217612800	3.0	10010	9.458502769470215
16	4096	4096	warm_ref_strip	1664339968	1.55	6060	9.458502769470215
40	7680	5184	strip	3474616320	3.24	15750	N/A
40	7680	5184	warm_ref_strip	3474616320	3.24	14500	N/A
