pass,class,image,width,height,megapixels,scale_label,quality,jpeg_bytes,bodies_tested,body_h_list,n_strips_list,body_invariant,whole_score,strip_score,abs_score,rel_score,whole_p3,strip_p3,abs_p3,rel_p3,opaque_full,opaque_auto,rel_opaque,singleres_whole_score,rel_singleres_control,cpu_whole_score,cpu_strip_score,rel_cpu_strip_vs_cpu_whole,rel_gpu_whole_vs_cpu_whole
native,photo-cid22,1001682.png,512,512,0.262144,native,100,312744,4,512|128|256|512,1|4|2|1,yes,0.721908867,0.721908867,0.000e0,0.000e0,0.275602907,0.275602907,0.000e0,0.000e0,0.721908867,0.721908867,0.000e0,0.634389043,1.212e-1,NaN,NaN,NaN,NaN
native,photo-cid22,1001682.png,512,512,0.262144,native,98,228153,4,512|128|256|512,1|4|2|1,yes,0.718446076,0.718446076,0.000e0,0.000e0,0.290726721,0.290726751,2.980e-8,1.025e-7,0.718446076,0.718446076,0.000e0,0.688474298,4.172e-2,NaN,NaN,NaN,NaN
native,photo-cid22,1001682.png,512,512,0.262144,native,95,149522,4,512|128|256|512,1|4|2|1,yes,1.058098078,1.058098078,0.000e0,0.000e0,0.420297593,0.420297623,2.980e-8,7.091e-8,1.058098078,1.058098078,0.000e0,1.142634988,7.990e-2,NaN,NaN,NaN,NaN
native,photo-cid22,1001682.png,512,512,0.262144,native,90,98604,4,512|128|256|512,1|4|2|1,yes,1.800750256,1.800750256,0.000e0,0.000e0,0.644713402,0.644713402,0.000e0,0.000e0,1.800750256,1.800750256,0.000e0,1.903546095,5.709e-2,NaN,NaN,NaN,NaN
native,photo-cid22,1001682.png,512,512,0.262144,native,85,77253,4,512|128|256|512,1|4|2|1,yes,2.359960318,2.359960318,0.000e0,0.000e0,0.827826738,0.827826858,1.192e-7,1.440e-7,2.359960318,2.359960318,0.000e0,2.529570103,7.187e-2,NaN,NaN,NaN,NaN
native,photo-cid22,1001682.png,512,512,0.262144,native,75,56673,4,512|128|256|512,1|4|2|1,yes,2.608909369,2.608909369,0.000e0,0.000e0,1.088220477,1.088220358,1.192e-7,1.095e-7,2.608909369,2.608909369,0.000e0,2.747990847,5.331e-2,NaN,NaN,NaN,NaN
native,photo-cid22,1001682.png,512,512,0.262144,native,65,46493,4,512|128|256|512,1|4|2|1,yes,3.021179438,3.021179438,0.000e0,0.000e0,1.291162252,1.291162372,1.192e-7,9.233e-8,3.021179438,3.021179438,0.000e0,3.205682755,6.107e-2,NaN,NaN,NaN,NaN
native,photo-cid22,1001682.png,512,512,0.262144,native,50,37791,4,512|128|256|512,1|4|2|1,yes,3.294322968,3.294322968,0.000e0,0.000e0,1.507202744,1.507202744,0.000e0,0.000e0,3.294322968,3.294322968,0.000e0,3.295409679,3.299e-4,NaN,NaN,NaN,NaN
native,photo-cid22,1001682.png,512,512,0.262144,native,35,30513,4,512|128|256|512,1|4|2|1,yes,4.210027695,4.210027695,0.000e0,0.000e0,1.789269090,1.789268970,1.192e-7,6.662e-8,4.210027695,4.210027695,0.000e0,3.970453024,5.691e-2,NaN,NaN,NaN,NaN
native,photo-cid22,1001682.png,512,512,0.262144,native,20,21939,4,512|128|256|512,1|4|2|1,yes,5.356782913,5.356782913,0.000e0,0.000e0,2.612823963,2.612824440,4.768e-7,1.825e-7,5.356782913,5.356782913,0.000e0,5.142181873,4.006e-2,NaN,NaN,NaN,NaN
native,photo-cid22,1001682.png,512,512,0.262144,native,10,14972,4,512|128|256|512,1|4|2|1,yes,9.134098053,9.134098053,0.000e0,0.000e0,4.382759094,4.382758141,9.537e-7,2.176e-7,9.134098053,9.134098053,0.000e0,8.059123993,1.177e-1,NaN,NaN,NaN,NaN
native,photo-cid22,1001682.png,512,512,0.262144,native,5,10708,4,512|128|256|512,1|4|2|1,yes,18.947912216,18.947912216,0.000e0,0.000e0,8.025936127,8.025935173,9.537e-7,1.188e-7,18.947912216,18.947912216,0.000e0,15.491248131,1.824e-1,NaN,NaN,NaN,NaN
native,photo-cid22,1147124.png,512,512,0.262144,native,100,378559,4,512|128|256|512,1|4|2|1,yes,0.635167062,0.635167062,0.000e0,0.000e0,0.267840177,0.267840147,2.980e-8,1.113e-7,0.635167062,0.635167062,0.000e0,0.648991168,2.176e-2,NaN,NaN,NaN,NaN
native,photo-cid22,1147124.png,512,512,0.262144,native,98,275117,4,512|128|256|512,1|4|2|1,yes,0.709380031,0.709380031,0.000e0,0.000e0,0.324482709,0.324482679,2.980e-8,9.185e-8,0.709380031,0.709380031,0.000e0,0.759309888,7.039e-2,NaN,NaN,NaN,NaN
native,photo-cid22,1147124.png,512,512,0.262144,native,95,183639,4,512|128|256|512,1|4|2|1,yes,1.303071141,1.303071141,0.000e0,0.000e0,0.483362138,0.483362108,2.980e-8,6.166e-8,1.303071141,1.303071141,0.000e0,1.435402513,1.016e-1,NaN,NaN,NaN,NaN
native,photo-cid22,1147124.png,512,512,0.262144,native,90,124068,4,512|128|256|512,1|4|2|1,yes,1.796152353,1.796152353,0.000e0,0.000e0,0.698731780,0.698731959,1.788e-7,2.559e-7,1.796152353,1.796152353,0.000e0,1.983993888,1.046e-1,NaN,NaN,NaN,NaN
native,photo-cid22,1147124.png,512,512,0.262144,native,85,97416,4,512|128|256|512,1|4|2|1,yes,2.298182726,2.298182726,0.000e0,0.000e0,0.865896821,0.865896881,5.960e-8,6.884e-8,2.298182726,2.298182726,0.000e0,2.516397953,9.495e-2,NaN,NaN,NaN,NaN
native,photo-cid22,1147124.png,512,512,0.262144,native,75,71209,4,512|128|256|512,1|4|2|1,yes,3.101752996,3.101752996,0.000e0,0.000e0,1.119332194,1.119332075,1.192e-7,1.065e-7,3.101752996,3.101752996,0.000e0,3.445456266,1.108e-1,NaN,NaN,NaN,NaN
native,photo-cid22,1147124.png,512,512,0.262144,native,65,58424,4,512|128|256|512,1|4|2|1,yes,3.264654636,3.264654636,0.000e0,0.000e0,1.307773590,1.307773590,0.000e0,0.000e0,3.264654636,3.264654636,0.000e0,3.647594213,1.173e-1,NaN,NaN,NaN,NaN
native,photo-cid22,1147124.png,512,512,0.262144,native,50,47356,4,512|128|256|512,1|4|2|1,yes,3.744342327,3.744342327,0.000e0,0.000e0,1.544480324,1.544480205,1.192e-7,7.718e-8,3.744342327,3.744342327,0.000e0,4.042601585,7.966e-2,NaN,NaN,NaN,NaN
native,photo-cid22,1147124.png,512,512,0.262144,native,35,37876,4,512|128|256|512,1|4|2|1,yes,4.513564587,4.513564587,0.000e0,0.000e0,1.840498447,1.840498686,2.384e-7,1.295e-7,4.513564587,4.513564587,0.000e0,4.872039318,7.942e-2,NaN,NaN,NaN,NaN
native,photo-cid22,1147124.png,512,512,0.262144,native,20,26396,4,512|128|256|512,1|4|2|1,yes,5.843062401,5.843062401,0.000e0,0.000e0,2.572841644,2.572841883,2.384e-7,9.267e-8,5.843062401,5.843062401,0.000e0,5.996833324,2.632e-2,NaN,NaN,NaN,NaN
native,photo-cid22,1147124.png,512,512,0.262144,native,10,17322,4,512|128|256|512,1|4|2|1,yes,9.169561386,9.169561386,0.000e0,0.000e0,4.177794456,4.177793980,4.768e-7,1.141e-7,9.169561386,9.169561386,0.000e0,9.072144508,1.062e-2,NaN,NaN,NaN,NaN
native,photo-cid22,1147124.png,512,512,0.262144,native,5,12024,4,512|128|256|512,1|4|2|1,yes,18.487871170,18.487871170,0.000e0,0.000e0,7.943657398,7.943656921,4.768e-7,6.003e-8,18.487871170,18.487871170,0.000e0,17.188396454,7.029e-2,NaN,NaN,NaN,NaN
native,photo-cid22,1424246.png,512,512,0.262144,native,100,349019,4,512|128|256|512,1|4|2|1,yes,0.717424095,0.717424095,0.000e0,0.000e0,0.309680074,0.309680045,2.980e-8,9.624e-8,0.717424095,0.717424095,0.000e0,0.685745358,4.416e-2,NaN,NaN,NaN,NaN
native,photo-cid22,1424246.png,512,512,0.262144,native,98,244300,4,512|128|256|512,1|4|2|1,yes,0.820465147,0.820465147,0.000e0,0.000e0,0.373620987,0.373620987,0.000e0,0.000e0,0.820465147,0.820465147,0.000e0,0.751475453,8.409e-2,NaN,NaN,NaN,NaN
native,photo-cid22,1424246.png,512,512,0.262144,native,95,154128,4,512|128|256|512,1|4|2|1,yes,1.380695939,1.380695939,0.000e0,0.000e0,0.533699691,0.533699751,5.960e-8,1.117e-7,1.380695939,1.380695939,0.000e0,1.526957750,1.059e-1,NaN,NaN,NaN,NaN
native,photo-cid22,1424246.png,512,512,0.262144,native,90,99475,4,512|128|256|512,1|4|2|1,yes,1.924110293,1.924110293,0.000e0,0.000e0,0.763393283,0.763393283,0.000e0,0.000e0,1.924110293,1.924110293,0.000e0,2.057315588,6.923e-2,NaN,NaN,NaN,NaN
native,photo-cid22,1424246.png,512,512,0.262144,native,85,76549,4,512|128|256|512,1|4|2|1,yes,2.275856256,2.275856256,0.000e0,0.000e0,0.935703576,0.935703635,5.960e-8,6.370e-8,2.275856256,2.275856256,0.000e0,2.374885798,4.351e-2,NaN,NaN,NaN,NaN
native,photo-cid22,1424246.png,512,512,0.262144,native,75,54504,4,512|128|256|512,1|4|2|1,yes,2.957283497,2.957283497,0.000e0,0.000e0,1.193218470,1.193218350,1.192e-7,9.991e-8,2.957283497,2.957283497,0.000e0,3.202618122,8.296e-2,NaN,NaN,NaN,NaN
native,photo-cid22,1424246.png,512,512,0.262144,native,65,44334,4,512|128|256|512,1|4|2|1,yes,3.384146214,3.384146214,0.000e0,0.000e0,1.368978739,1.368978620,1.192e-7,8.708e-8,3.384146214,3.384146214,0.000e0,3.580942154,5.815e-2,NaN,NaN,NaN,NaN
native,photo-cid22,1424246.png,512,512,0.262144,native,50,35549,4,512|128|256|512,1|4|2|1,yes,3.811943293,3.811943293,0.000e0,0.000e0,1.600162148,1.600162029,1.192e-7,7.450e-8,3.811943293,3.811943293,0.000e0,3.782849789,7.632e-3,NaN,NaN,NaN,NaN
native,photo-cid22,1424246.png,512,512,0.262144,native,35,28032,4,512|128|256|512,1|4|2|1,yes,4.502737999,4.502737999,0.000e0,0.000e0,1.902535081,1.902535439,3.576e-7,1.880e-7,4.502737999,4.502737999,0.000e0,4.466649532,8.015e-3,NaN,NaN,NaN,NaN
native,photo-cid22,1424246.png,512,512,0.262144,native,20,19237,4,512|128|256|512,1|4|2|1,yes,6.301061153,6.301061153,0.000e0,0.000e0,2.699051857,2.699051380,4.768e-7,1.767e-7,6.301061153,6.301061153,0.000e0,6.140481949,2.548e-2,NaN,NaN,NaN,NaN
native,photo-cid22,1424246.png,512,512,0.262144,native,10,12734,4,512|128|256|512,1|4|2|1,yes,9.178390503,9.178390503,0.000e0,0.000e0,4.160919189,4.160918713,4.768e-7,1.146e-7,9.178390503,9.178390503,0.000e0,8.869016647,3.371e-2,NaN,NaN,NaN,NaN
native,photo-cid22,1424246.png,512,512,0.262144,native,5,9642,4,512|128|256|512,1|4|2|1,yes,15.903169632,15.903169632,0.000e0,0.000e0,6.999482632,6.999481201,1.431e-6,2.044e-7,15.903169632,15.903169632,0.000e0,14.469197273,9.017e-2,NaN,NaN,NaN,NaN
native,photo-cid22,1536017106.png,512,512,0.262144,native,100,167673,4,512|128|256|512,1|4|2|1,yes,0.492667586,0.492667586,0.000e0,0.000e0,0.174421310,0.174421281,2.980e-8,1.709e-7,0.492667586,0.492667586,0.000e0,0.474178702,3.753e-2,NaN,NaN,NaN,NaN
native,photo-cid22,1536017106.png,512,512,0.262144,native,98,128667,4,512|128|256|512,1|4|2|1,yes,0.713477194,0.713477194,0.000e0,0.000e0,0.225056484,0.225056499,1.490e-8,6.621e-8,0.713477194,0.713477194,0.000e0,0.779502511,9.254e-2,NaN,NaN,NaN,NaN
native,photo-cid22,1536017106.png,512,512,0.262144,native,95,93363,4,512|128|256|512,1|4|2|1,yes,1.225988507,1.225988507,0.000e0,0.000e0,0.411171198,0.411171198,0.000e0,0.000e0,1.225988507,1.225988507,0.000e0,1.342349172,9.491e-2,NaN,NaN,NaN,NaN
native,photo-cid22,1536017106.png,512,512,0.262144,native,90,68357,4,512|128|256|512,1|4|2|1,yes,2.044172287,2.044172287,0.000e0,0.000e0,0.680525064,0.680525005,5.960e-8,8.759e-8,2.044172287,2.044172287,0.000e0,2.248537302,9.997e-2,NaN,NaN,NaN,NaN
native,photo-cid22,1536017106.png,512,512,0.262144,native,85,55897,4,512|128|256|512,1|4|2|1,yes,2.460956335,2.460956335,0.000e0,0.000e0,0.887754917,0.887754798,1.192e-7,1.343e-7,2.460956335,2.460956335,0.000e0,2.653810501,7.837e-2,NaN,NaN,NaN,NaN
native,photo-cid22,1536017106.png,512,512,0.262144,native,75,42958,4,512|128|256|512,1|4|2|1,yes,4.241219044,4.241219044,0.000e0,0.000e0,1.239563584,1.239563584,0.000e0,0.000e0,4.241219044,4.241219044,0.000e0,4.561519146,7.552e-2,NaN,NaN,NaN,NaN
native,photo-cid22,1536017106.png,512,512,0.262144,native,65,36352,4,512|128|256|512,1|4|2|1,yes,4.031014442,4.031014442,0.000e0,0.000e0,1.465702176,1.465702057,1.192e-7,8.133e-8,4.031014442,4.031014442,0.000e0,4.433602810,9.987e-2,NaN,NaN,NaN,NaN
native,photo-cid22,1536017106.png,512,512,0.262144,native,50,30542,4,512|128|256|512,1|4|2|1,yes,4.143736839,4.143736839,0.000e0,0.000e0,1.738858104,1.738857746,3.576e-7,2.057e-7,4.143736839,4.143736839,0.000e0,4.264423370,2.913e-2,NaN,NaN,NaN,NaN
native,photo-cid22,1536017106.png,512,512,0.262144,native,35,25652,4,512|128|256|512,1|4|2|1,yes,5.340308189,5.340308189,0.000e0,0.000e0,2.083203316,2.083204031,7.153e-7,3.433e-7,5.340308189,5.340308189,0.000e0,5.695285320,6.647e-2,NaN,NaN,NaN,NaN
native,photo-cid22,1536017106.png,512,512,0.262144,native,20,19512,4,512|128|256|512,1|4|2|1,yes,7.860839367,7.860839367,0.000e0,0.000e0,3.002238750,3.002238989,2.384e-7,7.941e-8,7.860839367,7.860839367,0.000e0,7.729366302,1.673e-2,NaN,NaN,NaN,NaN
native,photo-cid22,1536017106.png,512,512,0.262144,native,10,14365,4,512|128|256|512,1|4|2|1,yes,8.777626991,8.777626991,0.000e0,0.000e0,3.733946085,3.733945847,2.384e-7,6.385e-8,8.777626991,8.777626991,0.000e0,8.504110336,3.116e-2,NaN,NaN,NaN,NaN
native,photo-cid22,1536017106.png,512,512,0.262144,native,5,10880,4,512|128|256|512,1|4|2|1,yes,14.093842506,14.093842506,0.000e0,0.000e0,8.759252548,8.759252548,0.000e0,0.000e0,14.093842506,14.093842506,0.000e0,13.486646652,4.308e-2,NaN,NaN,NaN,NaN
native,photo-cid22,1624307.png,512,512,0.262144,native,100,433136,4,512|128|256|512,1|4|2|1,yes,0.600548923,0.600548923,0.000e0,0.000e0,0.234253019,0.234252989,2.980e-8,1.272e-7,0.600548923,0.600548923,0.000e0,0.572697043,4.638e-2,NaN,NaN,NaN,NaN
native,photo-cid22,1624307.png,512,512,0.262144,native,98,313483,4,512|128|256|512,1|4|2|1,yes,0.689106166,0.689106166,0.000e0,0.000e0,0.289865673,0.289865673,0.000e0,0.000e0,0.689106166,0.689106166,0.000e0,0.727666199,5.596e-2,NaN,NaN,NaN,NaN
native,photo-cid22,1624307.png,512,512,0.262144,native,95,205021,4,512|128|256|512,1|4|2|1,yes,1.255991936,1.255991936,0.000e0,0.000e0,0.476452678,0.476452649,2.980e-8,6.255e-8,1.255991936,1.255991936,0.000e0,1.355649710,7.935e-2,NaN,NaN,NaN,NaN
native,photo-cid22,1624307.png,512,512,0.262144,native,90,136781,4,512|128|256|512,1|4|2|1,yes,1.927325606,1.927325606,0.000e0,0.000e0,0.728942871,0.728942752,1.192e-7,1.635e-7,1.927325606,1.927325606,0.000e0,1.995273471,3.526e-2,NaN,NaN,NaN,NaN
native,photo-cid22,1624307.png,512,512,0.262144,native,85,107331,4,512|128|256|512,1|4|2|1,yes,2.687965870,2.687965870,0.000e0,0.000e0,0.932611406,0.932611346,5.960e-8,6.391e-8,2.687965870,2.687965870,0.000e0,2.977890730,1.079e-1,NaN,NaN,NaN,NaN
native,photo-cid22,1624307.png,512,512,0.262144,native,75,78179,4,512|128|256|512,1|4|2|1,yes,2.802925587,2.802925587,0.000e0,0.000e0,1.202697515,1.202697277,2.384e-7,1.982e-7,2.802925587,2.802925587,0.000e0,2.941773891,4.954e-2,NaN,NaN,NaN,NaN
native,photo-cid22,1624307.png,512,512,0.262144,native,65,63787,4,512|128|256|512,1|4|2|1,yes,3.681503534,3.681503534,0.000e0,0.000e0,1.412269473,1.412269592,1.192e-7,8.441e-8,3.681503534,3.681503534,0.000e0,4.037458897,9.669e-2,NaN,NaN,NaN,NaN
native,photo-cid22,1624307.png,512,512,0.262144,native,50,51178,4,512|128|256|512,1|4|2|1,yes,4.255013466,4.255013466,0.000e0,0.000e0,1.659217358,1.659217596,2.384e-7,1.437e-7,4.255013466,4.255013466,0.000e0,4.273406029,4.323e-3,NaN,NaN,NaN,NaN
native,photo-cid22,1624307.png,512,512,0.262144,native,35,40600,4,512|128|256|512,1|4|2|1,yes,4.365983963,4.365983963,0.000e0,0.000e0,1.926441431,1.926441550,1.192e-7,6.188e-8,4.365983963,4.365983963,0.000e0,4.506135464,3.210e-2,NaN,NaN,NaN,NaN
native,photo-cid22,1624307.png,512,512,0.262144,native,20,27935,4,512|128|256|512,1|4|2|1,yes,5.432280064,5.432280064,0.000e0,0.000e0,2.565899849,2.565900326,4.768e-7,1.858e-7,5.432280064,5.432280064,0.000e0,5.516576290,1.552e-2,NaN,NaN,NaN,NaN
native,photo-cid22,1624307.png,512,512,0.262144,native,10,17831,4,512|128|256|512,1|4|2|1,yes,7.833775043,7.833775043,0.000e0,0.000e0,3.926724195,3.926724434,2.384e-7,6.072e-8,7.833775043,7.833775043,0.000e0,7.567917824,3.394e-2,NaN,NaN,NaN,NaN
native,photo-cid22,1624307.png,512,512,0.262144,native,5,12076,4,512|128|256|512,1|4|2|1,yes,13.924885750,13.924885750,0.000e0,0.000e0,6.462074757,6.462075233,4.768e-7,7.379e-8,13.924885750,13.924885750,0.000e0,13.194279671,5.247e-2,NaN,NaN,NaN,NaN
native,photo-cid22,1938351.png,512,512,0.262144,native,100,246386,4,512|128|256|512,1|4|2|1,yes,0.689484715,0.689484715,0.000e0,0.000e0,0.337991565,0.337991536,2.980e-8,8.817e-8,0.689484715,0.689484715,0.000e0,0.678275704,1.626e-2,NaN,NaN,NaN,NaN
native,photo-cid22,1938351.png,512,512,0.262144,native,98,162748,4,512|128|256|512,1|4|2|1,yes,0.943940818,0.943940818,0.000e0,0.000e0,0.449896485,0.449896574,8.941e-8,1.987e-7,0.943940818,0.943940818,0.000e0,0.944981039,1.102e-3,NaN,NaN,NaN,NaN
native,photo-cid22,1938351.png,512,512,0.262144,native,95,95217,4,512|128|256|512,1|4|2|1,yes,1.285792708,1.285792708,0.000e0,0.000e0,0.621298850,0.621298850,0.000e0,0.000e0,1.285792708,1.285792708,0.000e0,1.310387135,1.913e-2,NaN,NaN,NaN,NaN
native,photo-cid22,1938351.png,512,512,0.262144,native,90,59235,4,512|128|256|512,1|4|2|1,yes,1.952034712,1.952034712,0.000e0,0.000e0,0.796753645,0.796753585,5.960e-8,7.481e-8,1.952034712,1.952034712,0.000e0,2.156208992,1.046e-1,NaN,NaN,NaN,NaN
native,photo-cid22,1938351.png,512,512,0.262144,native,85,44447,4,512|128|256|512,1|4|2|1,yes,2.267295361,2.267295361,0.000e0,0.000e0,0.940546513,0.940546572,5.960e-8,6.337e-8,2.267295361,2.267295361,0.000e0,2.378205538,4.892e-2,NaN,NaN,NaN,NaN
native,photo-cid22,1938351.png,512,512,0.262144,native,75,30556,4,512|128|256|512,1|4|2|1,yes,2.757219315,2.757219315,0.000e0,0.000e0,1.154073834,1.154073715,1.192e-7,1.033e-7,2.757219315,2.757219315,0.000e0,2.923516989,6.031e-2,NaN,NaN,NaN,NaN
native,photo-cid22,1938351.png,512,512,0.262144,native,65,24688,4,512|128|256|512,1|4|2|1,yes,3.170267820,3.170267820,0.000e0,0.000e0,1.308599353,1.308599234,1.192e-7,9.110e-8,3.170267820,3.170267820,0.000e0,2.986712933,5.790e-2,NaN,NaN,NaN,NaN
native,photo-cid22,1938351.png,512,512,0.262144,native,50,20018,4,512|128|256|512,1|4|2|1,yes,3.556245565,3.556245565,0.000e0,0.000e0,1.535847902,1.535848141,2.384e-7,1.552e-7,3.556245565,3.556245565,0.000e0,3.538582325,4.967e-3,NaN,NaN,NaN,NaN
native,photo-cid22,1938351.png,512,512,0.262144,native,35,16294,4,512|128|256|512,1|4|2|1,yes,4.102972031,4.102972031,0.000e0,0.000e0,1.833842278,1.833842278,0.000e0,0.000e0,4.102972031,4.102972031,0.000e0,3.806791782,7.219e-2,NaN,NaN,NaN,NaN
native,photo-cid22,1938351.png,512,512,0.262144,native,20,12375,4,512|128|256|512,1|4|2|1,yes,6.126073837,6.126073837,0.000e0,0.000e0,2.577899694,2.577899456,2.384e-7,9.249e-8,6.126073837,6.126073837,0.000e0,5.856645584,4.398e-2,NaN,NaN,NaN,NaN
native,photo-cid22,1938351.png,512,512,0.262144,native,10,9713,4,512|128|256|512,1|4|2|1,yes,10.068575859,10.068575859,0.000e0,0.000e0,4.370294571,4.370295048,4.768e-7,1.091e-7,10.068575859,10.068575859,0.000e0,9.015080452,1.046e-1,NaN,NaN,NaN,NaN
native,photo-cid22,1938351.png,512,512,0.262144,native,5,8429,4,512|128|256|512,1|4|2|1,yes,19.033227921,19.033227921,0.000e0,0.000e0,7.545331001,7.545331478,4.768e-7,6.320e-8,19.033227921,19.033227921,0.000e0,16.389711380,1.389e-1,NaN,NaN,NaN,NaN
native,photo-cid22,2123337.png,512,512,0.262144,native,100,323397,4,512|128|256|512,1|4|2|1,yes,0.548804402,0.548804402,0.000e0,0.000e0,0.235022143,0.235022157,1.490e-8,6.340e-8,0.548804402,0.548804402,0.000e0,0.537881970,1.990e-2,NaN,NaN,NaN,NaN
native,photo-cid22,2123337.png,512,512,0.262144,native,98,235462,4,512|128|256|512,1|4|2|1,yes,0.674599767,0.674599767,0.000e0,0.000e0,0.301608622,0.301608592,2.980e-8,9.881e-8,0.674599767,0.674599767,0.000e0,0.700619936,3.857e-2,NaN,NaN,NaN,NaN
native,photo-cid22,2123337.png,512,512,0.262144,native,95,155282,4,512|128|256|512,1|4|2|1,yes,1.062469959,1.062469959,0.000e0,0.000e0,0.465130985,0.465131044,5.960e-8,1.281e-7,1.062469959,1.062469959,0.000e0,1.139164805,7.219e-2,NaN,NaN,NaN,NaN
native,photo-cid22,2123337.png,512,512,0.262144,native,90,103609,4,512|128|256|512,1|4|2|1,yes,1.600586176,1.600586176,0.000e0,0.000e0,0.670695901,0.670695782,1.192e-7,1.777e-7,1.600586176,1.600586176,0.000e0,1.727246404,7.913e-2,NaN,NaN,NaN,NaN
native,photo-cid22,2123337.png,512,512,0.262144,native,85,81717,4,512|128|256|512,1|4|2|1,yes,2.006804943,2.006804943,0.000e0,0.000e0,0.828391433,0.828391314,1.192e-7,1.439e-7,2.006804943,2.006804943,0.000e0,2.148935080,7.082e-2,NaN,NaN,NaN,NaN
native,photo-cid22,2123337.png,512,512,0.262144,native,75,60372,4,512|128|256|512,1|4|2|1,yes,2.697481394,2.697481394,0.000e0,0.000e0,1.062105656,1.062105894,2.384e-7,2.245e-7,2.697481394,2.697481394,0.000e0,2.867857456,6.316e-2,NaN,NaN,NaN,NaN
native,photo-cid22,2123337.png,512,512,0.262144,native,65,49730,4,512|128|256|512,1|4|2|1,yes,3.392932653,3.392932653,0.000e0,0.000e0,1.237208247,1.237208366,1.192e-7,9.635e-8,3.392932653,3.392932653,0.000e0,3.266611338,3.723e-2,NaN,NaN,NaN,NaN
native,photo-cid22,2123337.png,512,512,0.262144,native,50,40597,4,512|128|256|512,1|4|2|1,yes,3.176571608,3.176571608,0.000e0,0.000e0,1.462744713,1.462744594,1.192e-7,8.150e-8,3.176571608,3.176571608,0.000e0,3.258040190,2.565e-2,NaN,NaN,NaN,NaN
native,photo-cid22,2123337.png,512,512,0.262144,native,35,32655,4,512|128|256|512,1|4|2|1,yes,3.854562283,3.854562283,0.000e0,0.000e0,1.725126743,1.725126982,2.384e-7,1.382e-7,3.854562283,3.854562283,0.000e0,4.013058186,4.112e-2,NaN,NaN,NaN,NaN
native,photo-cid22,2123337.png,512,512,0.262144,native,20,23205,4,512|128|256|512,1|4|2|1,yes,5.113974094,5.113974094,0.000e0,0.000e0,2.320705891,2.320706129,2.384e-7,1.027e-7,5.113974094,5.113974094,0.000e0,5.087766171,5.125e-3,NaN,NaN,NaN,NaN
native,photo-cid22,2123337.png,512,512,0.262144,native,10,15956,4,512|128|256|512,1|4|2|1,yes,8.271843910,8.271843910,0.000e0,0.000e0,3.588285685,3.588285685,0.000e0,0.000e0,8.271843910,8.271843910,0.000e0,7.816781044,5.501e-2,NaN,NaN,NaN,NaN
native,photo-cid22,2123337.png,512,512,0.262144,native,5,11827,4,512|128|256|512,1|4|2|1,yes,15.883095741,15.883095741,0.000e0,0.000e0,6.608381748,6.608382225,4.768e-7,7.216e-8,15.883095741,15.883095741,0.000e0,14.644776344,7.796e-2,NaN,NaN,NaN,NaN
native,photo-cid22,2291004.png,512,512,0.262144,native,100,400328,4,512|128|256|512,1|4|2|1,yes,0.467167884,0.467167884,0.000e0,0.000e0,0.229960382,0.229960337,4.470e-8,1.944e-7,0.467167884,0.467167884,0.000e0,0.477329791,2.175e-2,NaN,NaN,NaN,NaN
native,photo-cid22,2291004.png,512,512,0.262144,native,98,284444,4,512|128|256|512,1|4|2|1,yes,0.655948639,0.655948639,0.000e0,0.000e0,0.321791500,0.321791470,2.980e-8,9.261e-8,0.655948639,0.655948639,0.000e0,0.653760135,3.336e-3,NaN,NaN,NaN,NaN
native,photo-cid22,2291004.png,512,512,0.262144,native,95,180648,4,512|128|256|512,1|4|2|1,yes,1.236383438,1.236383438,0.000e0,0.000e0,0.524195969,0.524195969,0.000e0,0.000e0,1.236383438,1.236383438,0.000e0,1.340659738,8.434e-2,NaN,NaN,NaN,NaN
native,photo-cid22,2291004.png,512,512,0.262144,native,90,120021,4,512|128|256|512,1|4|2|1,yes,1.889443994,1.889443994,0.000e0,0.000e0,0.771172404,0.771172523,1.192e-7,1.546e-7,1.889443994,1.889443994,0.000e0,1.972824335,4.413e-2,NaN,NaN,NaN,NaN
native,photo-cid22,2291004.png,512,512,0.262144,native,85,93305,4,512|128|256|512,1|4|2|1,yes,2.616762161,2.616762161,0.000e0,0.000e0,0.969394088,0.969394028,5.960e-8,6.149e-8,2.616762161,2.616762161,0.000e0,2.821458578,7.823e-2,NaN,NaN,NaN,NaN
native,photo-cid22,2291004.png,512,512,0.262144,native,75,66993,4,512|128|256|512,1|4|2|1,yes,2.885338306,2.885338306,0.000e0,0.000e0,1.241101265,1.241101146,1.192e-7,9.605e-8,2.885338306,2.885338306,0.000e0,2.905448675,6.970e-3,NaN,NaN,NaN,NaN
native,photo-cid22,2291004.png,512,512,0.262144,native,65,53722,4,512|128|256|512,1|4|2|1,yes,3.370916367,3.370916367,0.000e0,0.000e0,1.456052184,1.456052303,1.192e-7,8.187e-8,3.370916367,3.370916367,0.000e0,3.451151371,2.380e-2,NaN,NaN,NaN,NaN
native,photo-cid22,2291004.png,512,512,0.262144,native,50,42644,4,512|128|256|512,1|4|2|1,yes,3.691092253,3.691092253,0.000e0,0.000e0,1.706921339,1.706921220,1.192e-7,6.984e-8,3.691092253,3.691092253,0.000e0,3.889890432,5.386e-2,NaN,NaN,NaN,NaN
native,photo-cid22,2291004.png,512,512,0.262144,native,35,33119,4,512|128|256|512,1|4|2|1,yes,4.509440422,4.509440422,0.000e0,0.000e0,2.025628805,2.025628567,2.384e-7,1.177e-7,4.509440422,4.509440422,0.000e0,4.608510971,2.197e-2,NaN,NaN,NaN,NaN
native,photo-cid22,2291004.png,512,512,0.262144,native,20,22340,4,512|128|256|512,1|4|2|1,yes,5.908833981,5.908833981,0.000e0,0.000e0,2.716193199,2.716192961,2.384e-7,8.778e-8,5.908833981,5.908833981,0.000e0,5.538926601,6.260e-2,NaN,NaN,NaN,NaN
native,photo-cid22,2291004.png,512,512,0.262144,native,10,14570,4,512|128|256|512,1|4|2|1,yes,9.032176018,9.032176018,0.000e0,0.000e0,4.089813709,4.089812756,9.537e-7,2.332e-7,9.032176018,9.032176018,0.000e0,8.283332825,8.291e-2,NaN,NaN,NaN,NaN
native,photo-cid22,2291004.png,512,512,0.262144,native,5,10764,4,512|128|256|512,1|4|2|1,yes,15.672062874,15.672062874,0.000e0,0.000e0,7.084575653,7.084574223,1.431e-6,2.019e-7,15.672062874,15.672062874,0.000e0,14.490929604,7.537e-2,NaN,NaN,NaN,NaN
native,photo-cid22,2600340.png,512,512,0.262144,native,100,280570,4,512|128|256|512,1|4|2|1,yes,0.645688355,0.645688355,0.000e0,0.000e0,0.258162618,0.258162588,2.980e-8,1.154e-7,0.645688355,0.645688355,0.000e0,0.632916152,1.978e-2,NaN,NaN,NaN,NaN
native,photo-cid22,2600340.png,512,512,0.262144,native,98,203647,4,512|128|256|512,1|4|2|1,yes,0.678156197,0.678156197,0.000e0,0.000e0,0.297717988,0.297717988,0.000e0,0.000e0,0.678156197,0.678156197,0.000e0,0.677446485,1.047e-3,NaN,NaN,NaN,NaN
native,photo-cid22,2600340.png,512,512,0.262144,native,95,133529,4,512|128|256|512,1|4|2|1,yes,1.159871221,1.159871221,0.000e0,0.000e0,0.450772136,0.450772226,8.941e-8,1.983e-7,1.159871221,1.159871221,0.000e0,1.307146907,1.270e-1,NaN,NaN,NaN,NaN
native,photo-cid22,2600340.png,512,512,0.262144,native,90,89032,4,512|128|256|512,1|4|2|1,yes,1.647248507,1.647248507,0.000e0,0.000e0,0.669709206,0.669709206,0.000e0,0.000e0,1.647248507,1.647248507,0.000e0,1.765967488,7.207e-2,NaN,NaN,NaN,NaN
native,photo-cid22,2600340.png,512,512,0.262144,native,85,69890,4,512|128|256|512,1|4|2|1,yes,2.241715908,2.241715908,0.000e0,0.000e0,0.849803567,0.849803507,5.960e-8,7.014e-8,2.241715908,2.241715908,0.000e0,2.469409466,1.016e-1,NaN,NaN,NaN,NaN
native,photo-cid22,2600340.png,512,512,0.262144,native,75,50380,4,512|128|256|512,1|4|2|1,yes,2.782074690,2.782074690,0.000e0,0.000e0,1.104981661,1.104981780,1.192e-7,1.079e-7,2.782074690,2.782074690,0.000e0,3.140757799,1.289e-1,NaN,NaN,NaN,NaN
native,photo-cid22,2600340.png,512,512,0.262144,native,65,41075,4,512|128|256|512,1|4|2|1,yes,3.247254848,3.247254848,0.000e0,0.000e0,1.304492474,1.304492474,0.000e0,0.000e0,3.247254848,3.247254848,0.000e0,3.425885677,5.501e-2,NaN,NaN,NaN,NaN
native,photo-cid22,2600340.png,512,512,0.262144,native,50,33171,4,512|128|256|512,1|4|2|1,yes,3.584299088,3.584299088,0.000e0,0.000e0,1.541113853,1.541113734,1.192e-7,7.735e-8,3.584299088,3.584299088,0.000e0,3.605124950,5.810e-3,NaN,NaN,NaN,NaN
native,photo-cid22,2600340.png,512,512,0.262144,native,35,26731,4,512|128|256|512,1|4|2|1,yes,4.232077122,4.232077122,0.000e0,0.000e0,1.838202596,1.838202477,1.192e-7,6.485e-8,4.232077122,4.232077122,0.000e0,4.338527203,2.515e-2,NaN,NaN,NaN,NaN
native,photo-cid22,2600340.png,512,512,0.262144,native,20,19028,4,512|128|256|512,1|4|2|1,yes,5.283332825,5.283332825,0.000e0,0.000e0,2.521668911,2.521668673,2.384e-7,9.455e-8,5.283332825,5.283332825,0.000e0,5.426016808,2.701e-2,NaN,NaN,NaN,NaN
native,photo-cid22,2600340.png,512,512,0.262144,native,10,13125,4,512|128|256|512,1|4|2|1,yes,8.309106827,8.309106827,0.000e0,0.000e0,4.102020741,4.102020264,4.768e-7,1.162e-7,8.309106827,8.309106827,0.000e0,7.825634003,5.819e-2,NaN,NaN,NaN,NaN
native,photo-cid22,2600340.png,512,512,0.262144,native,5,9973,4,512|128|256|512,1|4|2|1,yes,14.512097359,14.512097359,0.000e0,0.000e0,6.778429508,6.778430462,9.537e-7,1.407e-7,14.512097359,14.512097359,0.000e0,13.253614426,8.672e-2,NaN,NaN,NaN,NaN
native,photo-cid22,2866385.png,512,512,0.262144,native,100,262962,4,512|128|256|512,1|4|2|1,yes,1.055155039,1.055155039,0.000e0,0.000e0,0.449207634,0.449207664,2.980e-8,6.634e-8,1.055155039,1.055155039,0.000e0,0.876457572,1.694e-1,NaN,NaN,NaN,NaN
native,photo-cid22,2866385.png,512,512,0.262144,native,98,187203,4,512|128|256|512,1|4|2|1,yes,1.019831300,1.019831300,0.000e0,0.000e0,0.462101310,0.462101370,5.960e-8,1.290e-7,1.019831300,1.019831300,0.000e0,0.847864270,1.686e-1,NaN,NaN,NaN,NaN
native,photo-cid22,2866385.png,512,512,0.262144,native,95,121765,4,512|128|256|512,1|4|2|1,yes,1.184635282,1.184635282,0.000e0,0.000e0,0.500632763,0.500632763,0.000e0,0.000e0,1.184635282,1.184635282,0.000e0,1.295925498,9.394e-2,NaN,NaN,NaN,NaN
native,photo-cid22,2866385.png,512,512,0.262144,native,90,79122,4,512|128|256|512,1|4|2|1,yes,1.714731574,1.714731574,0.000e0,0.000e0,0.662886381,0.662886500,1.192e-7,1.798e-7,1.714731574,1.714731574,0.000e0,1.843609691,7.516e-2,NaN,NaN,NaN,NaN
native,photo-cid22,2866385.png,512,512,0.262144,native,85,62592,4,512|128|256|512,1|4|2|1,yes,2.062963486,2.062963486,0.000e0,0.000e0,0.829235733,0.829235852,1.192e-7,1.438e-7,2.062963486,2.062963486,0.000e0,2.274081945,1.023e-1,NaN,NaN,NaN,NaN
native,photo-cid22,2866385.png,512,512,0.262144,native,75,46222,4,512|128|256|512,1|4|2|1,yes,3.208997011,3.208997011,0.000e0,0.000e0,1.108416915,1.108416915,0.000e0,0.000e0,3.208997011,3.208997011,0.000e0,3.615772724,1.268e-1,NaN,NaN,NaN,NaN
native,photo-cid22,2866385.png,512,512,0.262144,native,65,37927,4,512|128|256|512,1|4|2|1,yes,3.331859827,3.331859827,0.000e0,0.000e0,1.328318477,1.328318596,1.192e-7,8.974e-8,3.331859827,3.331859827,0.000e0,3.339713335,2.357e-3,NaN,NaN,NaN,NaN
native,photo-cid22,2866385.png,512,512,0.262144,native,50,30653,4,512|128|256|512,1|4|2|1,yes,3.291664362,3.291664362,0.000e0,0.000e0,1.553646564,1.553646445,1.192e-7,7.673e-8,3.291664362,3.291664362,0.000e0,3.518140078,6.880e-2,NaN,NaN,NaN,NaN
native,photo-cid22,2866385.png,512,512,0.262144,native,35,24833,4,512|128|256|512,1|4|2|1,yes,4.227511406,4.227511406,0.000e0,0.000e0,1.855402589,1.855402827,2.384e-7,1.285e-7,4.227511406,4.227511406,0.000e0,4.515547752,6.813e-2,NaN,NaN,NaN,NaN
native,photo-cid22,2866385.png,512,512,0.262144,native,20,18477,4,512|128|256|512,1|4|2|1,yes,6.096518517,6.096518517,0.000e0,0.000e0,2.521706343,2.521706820,4.768e-7,1.891e-7,6.096518517,6.096518517,0.000e0,5.982213497,1.875e-2,NaN,NaN,NaN,NaN
native,photo-cid22,2866385.png,512,512,0.262144,native,10,13426,4,512|128|256|512,1|4|2|1,yes,7.665314198,7.665314198,0.000e0,0.000e0,4.184472561,4.184473038,4.768e-7,1.140e-7,7.665314198,7.665314198,0.000e0,7.538285255,1.657e-2,NaN,NaN,NaN,NaN
native,photo-cid22,2866385.png,512,512,0.262144,native,5,10142,4,512|128|256|512,1|4|2|1,yes,16.077215195,16.077215195,0.000e0,0.000e0,9.165150642,9.165150642,0.000e0,0.000e0,16.077215195,16.077215195,0.000e0,13.451572418,1.633e-1,NaN,NaN,NaN,NaN
native,photo-cid22,3363331.png,512,512,0.262144,native,100,241962,4,512|128|256|512,1|4|2|1,yes,0.753235459,0.753235459,0.000e0,0.000e0,0.284242094,0.284242094,0.000e0,0.000e0,0.753235459,0.753235459,0.000e0,0.640903473,1.491e-1,NaN,NaN,NaN,NaN
native,photo-cid22,3363331.png,512,512,0.262144,native,98,178811,4,512|128|256|512,1|4|2|1,yes,0.722641349,0.722641349,0.000e0,0.000e0,0.337019742,0.337019712,2.980e-8,8.843e-8,0.722641349,0.722641349,0.000e0,0.757542193,4.830e-2,NaN,NaN,NaN,NaN
native,photo-cid22,3363331.png,512,512,0.262144,native,95,120054,4,512|128|256|512,1|4|2|1,yes,1.159230947,1.159230947,0.000e0,0.000e0,0.493025780,0.493025839,5.960e-8,1.209e-7,1.159230947,1.159230947,0.000e0,1.256204963,8.365e-2,NaN,NaN,NaN,NaN
native,photo-cid22,3363331.png,512,512,0.262144,native,90,79524,4,512|128|256|512,1|4|2|1,yes,1.919600606,1.919600606,0.000e0,0.000e0,0.715005398,0.715005338,5.960e-8,8.336e-8,1.919600606,1.919600606,0.000e0,2.105555296,9.687e-2,NaN,NaN,NaN,NaN
native,photo-cid22,3363331.png,512,512,0.262144,native,85,61935,4,512|128|256|512,1|4|2|1,yes,2.126830339,2.126830339,0.000e0,0.000e0,0.883497000,0.883497059,5.960e-8,6.746e-8,2.126830339,2.126830339,0.000e0,2.277266741,7.073e-2,NaN,NaN,NaN,NaN
native,photo-cid22,3363331.png,512,512,0.262144,native,75,45509,4,512|128|256|512,1|4|2|1,yes,3.186690331,3.186690331,0.000e0,0.000e0,1.158248782,1.158248782,0.000e0,0.000e0,3.186690331,3.186690331,0.000e0,3.585067749,1.250e-1,NaN,NaN,NaN,NaN
native,photo-cid22,3363331.png,512,512,0.262144,native,65,37672,4,512|128|256|512,1|4|2|1,yes,4.191723347,4.191723347,0.000e0,0.000e0,1.357423902,1.357423902,0.000e0,0.000e0,4.191723347,4.191723347,0.000e0,4.647120953,1.086e-1,NaN,NaN,NaN,NaN
native,photo-cid22,3363331.png,512,512,0.262144,native,50,30648,4,512|128|256|512,1|4|2|1,yes,3.944346428,3.944346428,0.000e0,0.000e0,1.547731519,1.547731876,3.576e-7,2.311e-7,3.944346428,3.944346428,0.000e0,4.340063572,1.003e-1,NaN,NaN,NaN,NaN
native,photo-cid22,3363331.png,512,512,0.262144,native,35,25051,4,512|128|256|512,1|4|2|1,yes,4.590671539,4.590671539,0.000e0,0.000e0,1.828037620,1.828037739,1.192e-7,6.521e-8,4.590671539,4.590671539,0.000e0,4.748649597,3.441e-2,NaN,NaN,NaN,NaN
native,photo-cid22,3363331.png,512,512,0.262144,native,20,18141,4,512|128|256|512,1|4|2|1,yes,5.557611465,5.557611465,0.000e0,0.000e0,2.498308659,2.498308659,0.000e0,0.000e0,5.557611465,5.557611465,0.000e0,5.374628544,3.292e-2,NaN,NaN,NaN,NaN
native,photo-cid22,3363331.png,512,512,0.262144,native,10,12782,4,512|128|256|512,1|4|2|1,yes,9.465656281,9.465656281,0.000e0,0.000e0,4.112263680,4.112264156,4.768e-7,1.160e-7,9.465656281,9.465656281,0.000e0,9.037366867,4.525e-2,NaN,NaN,NaN,NaN
native,photo-cid22,3363331.png,512,512,0.262144,native,5,9831,4,512|128|256|512,1|4|2|1,yes,14.176115990,14.176115990,0.000e0,0.000e0,6.702501774,6.702501297,4.768e-7,7.114e-8,14.176115990,14.176115990,0.000e0,13.552605629,4.398e-2,NaN,NaN,NaN,NaN
native,photo-cid22,3779187.png,512,512,0.262144,native,100,465343,4,512|128|256|512,1|4|2|1,yes,0.457088858,0.457088858,0.000e0,0.000e0,0.175830498,0.175830513,1.490e-8,8.475e-8,0.457088858,0.457088858,0.000e0,0.439252675,3.902e-2,NaN,NaN,NaN,NaN
native,photo-cid22,3779187.png,512,512,0.262144,native,98,343246,4,512|128|256|512,1|4|2|1,yes,0.543813288,0.543813288,0.000e0,0.000e0,0.216312781,0.216312811,2.980e-8,1.378e-7,0.543813288,0.543813288,0.000e0,0.559093893,2.810e-2,NaN,NaN,NaN,NaN
native,photo-cid22,3779187.png,512,512,0.262144,native,95,234194,4,512|128|256|512,1|4|2|1,yes,1.167975068,1.167975068,0.000e0,0.000e0,0.376132309,0.376132339,2.980e-8,7.923e-8,1.167975068,1.167975068,0.000e0,1.291055560,1.054e-1,NaN,NaN,NaN,NaN
native,photo-cid22,3779187.png,512,512,0.262144,native,90,162295,4,512|128|256|512,1|4|2|1,yes,1.643440008,1.643440008,0.000e0,0.000e0,0.591041088,0.591041088,0.000e0,0.000e0,1.643440008,1.643440008,0.000e0,1.818321586,1.064e-1,NaN,NaN,NaN,NaN
native,photo-cid22,3779187.png,512,512,0.262144,native,85,129843,4,512|128|256|512,1|4|2|1,yes,2.017042637,2.017042637,0.000e0,0.000e0,0.781441152,0.781441152,0.000e0,0.000e0,2.017042637,2.017042637,0.000e0,2.192876339,8.717e-2,NaN,NaN,NaN,NaN
native,photo-cid22,3779187.png,512,512,0.262144,native,75,96949,4,512|128|256|512,1|4|2|1,yes,2.936196327,2.936196327,0.000e0,0.000e0,1.086590886,1.086590886,0.000e0,0.000e0,2.936196327,2.936196327,0.000e0,3.086568832,5.121e-2,NaN,NaN,NaN,NaN
native,photo-cid22,3779187.png,512,512,0.262144,native,65,80257,4,512|128|256|512,1|4|2|1,yes,3.587598801,3.587598801,0.000e0,0.000e0,1.295178533,1.295178533,0.000e0,0.000e0,3.587598801,3.587598801,0.000e0,3.901447773,8.748e-2,NaN,NaN,NaN,NaN
native,photo-cid22,3779187.png,512,512,0.262144,native,50,65340,4,512|128|256|512,1|4|2|1,yes,4.325431824,4.325431824,0.000e0,0.000e0,1.550652742,1.550652742,0.000e0,0.000e0,4.325431824,4.325431824,0.000e0,4.677969456,8.150e-2,NaN,NaN,NaN,NaN
native,photo-cid22,3779187.png,512,512,0.262144,native,35,52649,4,512|128|256|512,1|4|2|1,yes,4.022552967,4.022552967,0.000e0,0.000e0,1.819649935,1.819649816,1.192e-7,6.551e-8,4.022552967,4.022552967,0.000e0,4.167213917,3.596e-2,NaN,NaN,NaN,NaN
native,photo-cid22,3779187.png,512,512,0.262144,native,20,36856,4,512|128|256|512,1|4|2|1,yes,5.336754799,5.336754799,0.000e0,0.000e0,2.441660643,2.441660643,0.000e0,0.000e0,5.336754799,5.336754799,0.000e0,5.111380100,4.223e-2,NaN,NaN,NaN,NaN
native,photo-cid22,3779187.png,512,512,0.262144,native,10,23841,4,512|128|256|512,1|4|2|1,yes,8.293342590,8.293342590,0.000e0,0.000e0,3.711956263,3.711956024,2.384e-7,6.423e-8,8.293342590,8.293342590,0.000e0,8.303581238,1.235e-3,NaN,NaN,NaN,NaN
native,photo-cid22,3779187.png,512,512,0.262144,native,5,15779,4,512|128|256|512,1|4|2|1,yes,13.990227699,13.990227699,0.000e0,0.000e0,6.070959091,6.070959568,4.768e-7,7.854e-8,13.990227699,13.990227699,0.000e0,13.397762299,4.235e-2,NaN,NaN,NaN,NaN
native,photo-cid22,4843579.png,512,512,0.262144,native,100,339731,4,512|128|256|512,1|4|2|1,yes,0.522187650,0.522187650,0.000e0,0.000e0,0.207466021,0.207466021,0.000e0,0.000e0,0.522187650,0.522187650,0.000e0,0.526447892,8.158e-3,NaN,NaN,NaN,NaN
native,photo-cid22,4843579.png,512,512,0.262144,native,98,253121,4,512|128|256|512,1|4|2|1,yes,0.699639738,0.699639738,0.000e0,0.000e0,0.282326370,0.282326370,0.000e0,0.000e0,0.699639738,0.699639738,0.000e0,0.731190383,4.510e-2,NaN,NaN,NaN,NaN
native,photo-cid22,4843579.png,512,512,0.262144,native,95,171728,4,512|128|256|512,1|4|2|1,yes,1.084581614,1.084581614,0.000e0,0.000e0,0.451946020,0.451945961,5.960e-8,1.319e-7,1.084581614,1.084581614,0.000e0,1.162613630,7.195e-2,NaN,NaN,NaN,NaN
native,photo-cid22,4843579.png,512,512,0.262144,native,90,118285,4,512|128|256|512,1|4|2|1,yes,1.851564765,1.851564765,0.000e0,0.000e0,0.693546534,0.693546295,2.384e-7,3.438e-7,1.851564765,1.851564765,0.000e0,1.882181168,1.654e-2,NaN,NaN,NaN,NaN
native,photo-cid22,4843579.png,512,512,0.262144,native,85,94561,4,512|128|256|512,1|4|2|1,yes,2.152148247,2.152148247,0.000e0,0.000e0,0.876833558,0.876833379,1.788e-7,2.039e-7,2.152148247,2.152148247,0.000e0,2.401247501,1.157e-1,NaN,NaN,NaN,NaN
native,photo-cid22,4843579.png,512,512,0.262144,native,75,70452,4,512|128|256|512,1|4|2|1,yes,2.946240425,2.946240425,0.000e0,0.000e0,1.167016983,1.167016864,1.192e-7,1.021e-7,2.946240425,2.946240425,0.000e0,3.173175573,7.703e-2,NaN,NaN,NaN,NaN
native,photo-cid22,4843579.png,512,512,0.262144,native,65,58239,4,512|128|256|512,1|4|2|1,yes,3.503515482,3.503515482,0.000e0,0.000e0,1.379780769,1.379780769,0.000e0,0.000e0,3.503515482,3.503515482,0.000e0,3.741897583,6.804e-2,NaN,NaN,NaN,NaN
native,photo-cid22,4843579.png,512,512,0.262144,native,50,47481,4,512|128|256|512,1|4|2|1,yes,3.873544931,3.873544931,0.000e0,0.000e0,1.604658127,1.604658127,0.000e0,0.000e0,3.873544931,3.873544931,0.000e0,4.154587746,7.255e-2,NaN,NaN,NaN,NaN
native,photo-cid22,4843579.png,512,512,0.262144,native,35,38395,4,512|128|256|512,1|4|2|1,yes,5.587935925,5.587935925,0.000e0,0.000e0,1.930360317,1.930360198,1.192e-7,6.175e-8,5.587935925,5.587935925,0.000e0,6.105930805,9.270e-2,NaN,NaN,NaN,NaN
native,photo-cid22,4843579.png,512,512,0.262144,native,20,27325,4,512|128|256|512,1|4|2|1,yes,5.840853214,5.840853214,0.000e0,0.000e0,2.478417635,2.478417635,0.000e0,0.000e0,5.840853214,5.840853214,0.000e0,5.858998299,3.107e-3,NaN,NaN,NaN,NaN
native,photo-cid22,4843579.png,512,512,0.262144,native,10,18470,4,512|128|256|512,1|4|2|1,yes,11.338513374,11.338513374,0.000e0,0.000e0,3.898080587,3.898080349,2.384e-7,6.116e-8,11.338513374,11.338513374,0.000e0,11.844627380,4.464e-2,NaN,NaN,NaN,NaN
native,photo-cid22,4843579.png,512,512,0.262144,native,5,13104,4,512|128|256|512,1|4|2|1,yes,14.807684898,14.807684898,0.000e0,0.000e0,6.444793701,6.444793701,0.000e0,0.000e0,14.807684898,14.807684898,0.000e0,14.771235466,2.462e-3,NaN,NaN,NaN,NaN
native,photo-cid22,5739122.png,512,512,0.262144,native,100,267355,4,512|128|256|512,1|4|2|1,yes,0.531526983,0.531526983,0.000e0,0.000e0,0.228666589,0.228666559,2.980e-8,1.303e-7,0.531526983,0.531526983,0.000e0,0.537270546,1.081e-2,NaN,NaN,NaN,NaN
native,photo-cid22,5739122.png,512,512,0.262144,native,98,203107,4,512|128|256|512,1|4|2|1,yes,0.657084823,0.657084823,0.000e0,0.000e0,0.288463086,0.288463116,2.980e-8,1.033e-7,0.657084823,0.657084823,0.000e0,0.685063243,4.258e-2,NaN,NaN,NaN,NaN
native,photo-cid22,5739122.png,512,512,0.262144,native,95,139166,4,512|128|256|512,1|4|2|1,yes,0.981833279,0.981833279,0.000e0,0.000e0,0.402856678,0.402856678,0.000e0,0.000e0,0.981833279,0.981833279,0.000e0,1.071231127,9.105e-2,NaN,NaN,NaN,NaN
native,photo-cid22,5739122.png,512,512,0.262144,native,90,95984,4,512|128|256|512,1|4|2|1,yes,1.583882093,1.583882093,0.000e0,0.000e0,0.582418978,0.582418978,0.000e0,0.000e0,1.583882093,1.583882093,0.000e0,1.720742583,8.641e-2,NaN,NaN,NaN,NaN
native,photo-cid22,5739122.png,512,512,0.262144,native,85,76980,4,512|128|256|512,1|4|2|1,yes,2.039573908,2.039573908,0.000e0,0.000e0,0.711530089,0.711530149,5.960e-8,8.377e-8,2.039573908,2.039573908,0.000e0,2.112309933,3.566e-2,NaN,NaN,NaN,NaN
native,photo-cid22,5739122.png,512,512,0.262144,native,75,57975,4,512|128|256|512,1|4|2|1,yes,3.042912960,3.042912960,0.000e0,0.000e0,0.949283123,0.949283302,1.788e-7,1.884e-7,3.042912960,3.042912960,0.000e0,3.256257772,7.011e-2,NaN,NaN,NaN,NaN
native,photo-cid22,5739122.png,512,512,0.262144,native,65,48554,4,512|128|256|512,1|4|2|1,yes,3.244394064,3.244394064,0.000e0,0.000e0,1.097225904,1.097225785,1.192e-7,1.086e-7,3.244394064,3.244394064,0.000e0,3.570311308,1.005e-1,NaN,NaN,NaN,NaN
native,photo-cid22,5739122.png,512,512,0.262144,native,50,40017,4,512|128|256|512,1|4|2|1,yes,3.306781769,3.306781769,0.000e0,0.000e0,1.313926816,1.313926816,0.000e0,0.000e0,3.306781769,3.306781769,0.000e0,3.478654861,5.198e-2,NaN,NaN,NaN,NaN
native,photo-cid22,5739122.png,512,512,0.262144,native,35,32752,4,512|128|256|512,1|4|2|1,yes,4.105110645,4.105110645,0.000e0,0.000e0,1.576747060,1.576747298,2.384e-7,1.512e-7,4.105110645,4.105110645,0.000e0,4.345542908,5.857e-2,NaN,NaN,NaN,NaN
native,photo-cid22,5739122.png,512,512,0.262144,native,20,24093,4,512|128|256|512,1|4|2|1,yes,5.503289223,5.503289223,0.000e0,0.000e0,2.230760336,2.230760574,2.384e-7,1.069e-7,5.503289223,5.503289223,0.000e0,5.677093506,3.158e-2,NaN,NaN,NaN,NaN
native,photo-cid22,5739122.png,512,512,0.262144,native,10,17182,4,512|128|256|512,1|4|2|1,yes,9.447345734,9.447345734,0.000e0,0.000e0,3.768480539,3.768480539,0.000e0,0.000e0,9.447345734,9.447345734,0.000e0,9.580229759,1.407e-2,NaN,NaN,NaN,NaN
native,photo-cid22,5739122.png,512,512,0.262144,native,5,12691,4,512|128|256|512,1|4|2|1,yes,14.530428886,14.530428886,0.000e0,0.000e0,6.835542202,6.835543156,9.537e-7,1.395e-7,14.530428886,14.530428886,0.000e0,13.952456474,3.978e-2,NaN,NaN,NaN,NaN
native,photo-cid22,6763758.png,512,512,0.262144,native,100,228239,4,512|128|256|512,1|4|2|1,yes,0.577234149,0.577234149,0.000e0,0.000e0,0.260061264,0.260061264,0.000e0,0.000e0,0.577234149,0.577234149,0.000e0,0.573201060,6.987e-3,NaN,NaN,NaN,NaN
native,photo-cid22,6763758.png,512,512,0.262144,native,98,177425,4,512|128|256|512,1|4|2|1,yes,0.662673831,0.662673831,0.000e0,0.000e0,0.305285066,0.305285096,2.980e-8,9.762e-8,0.662673831,0.662673831,0.000e0,0.711587429,7.381e-2,NaN,NaN,NaN,NaN
native,photo-cid22,6763758.png,512,512,0.262144,native,95,126482,4,512|128|256|512,1|4|2|1,yes,1.130384922,1.130384922,0.000e0,0.000e0,0.447816283,0.447816283,0.000e0,0.000e0,1.130384922,1.130384922,0.000e0,1.213205338,7.327e-2,NaN,NaN,NaN,NaN
native,photo-cid22,6763758.png,512,512,0.262144,native,90,88051,4,512|128|256|512,1|4|2|1,yes,1.735443830,1.735443830,0.000e0,0.000e0,0.645942986,0.645943105,1.192e-7,1.846e-7,1.735443830,1.735443830,0.000e0,1.919981956,1.063e-1,NaN,NaN,NaN,NaN
native,photo-cid22,6763758.png,512,512,0.262144,native,85,70702,4,512|128|256|512,1|4|2|1,yes,2.122504711,2.122504711,0.000e0,0.000e0,0.799757898,0.799757898,0.000e0,0.000e0,2.122504711,2.122504711,0.000e0,2.200693846,3.684e-2,NaN,NaN,NaN,NaN
native,photo-cid22,6763758.png,512,512,0.262144,native,75,52985,4,512|128|256|512,1|4|2|1,yes,2.512544394,2.512544394,0.000e0,0.000e0,1.017795444,1.017795444,0.000e0,0.000e0,2.512544394,2.512544394,0.000e0,2.567726135,2.196e-2,NaN,NaN,NaN,NaN
native,photo-cid22,6763758.png,512,512,0.262144,native,65,44326,4,512|128|256|512,1|4|2|1,yes,3.245456457,3.245456457,0.000e0,0.000e0,1.188619494,1.188619375,1.192e-7,1.003e-7,3.245456457,3.245456457,0.000e0,3.140271902,3.241e-2,NaN,NaN,NaN,NaN
native,photo-cid22,6763758.png,512,512,0.262144,native,50,36513,4,512|128|256|512,1|4|2|1,yes,4.345838070,4.345838070,0.000e0,0.000e0,1.429183125,1.429183245,1.192e-7,8.341e-8,4.345838070,4.345838070,0.000e0,4.780082703,9.992e-2,NaN,NaN,NaN,NaN
native,photo-cid22,6763758.png,512,512,0.262144,native,35,29711,4,512|128|256|512,1|4|2|1,yes,3.946944952,3.946944952,0.000e0,0.000e0,1.653894782,1.653894901,1.192e-7,7.208e-8,3.946944952,3.946944952,0.000e0,4.187238216,6.088e-2,NaN,NaN,NaN,NaN
native,photo-cid22,6763758.png,512,512,0.262144,native,20,21556,4,512|128|256|512,1|4|2|1,yes,5.267017365,5.267017365,0.000e0,0.000e0,2.351153135,2.351152897,2.384e-7,1.014e-7,5.267017365,5.267017365,0.000e0,5.179220676,1.667e-2,NaN,NaN,NaN,NaN
native,photo-cid22,6763758.png,512,512,0.262144,native,10,15144,4,512|128|256|512,1|4|2|1,yes,9.437489510,9.437489510,0.000e0,0.000e0,4.012657166,4.012657166,0.000e0,0.000e0,9.437489510,9.437489510,0.000e0,9.260815620,1.872e-2,NaN,NaN,NaN,NaN
native,photo-cid22,6763758.png,512,512,0.262144,native,5,11286,4,512|128|256|512,1|4|2|1,yes,15.021905899,15.021905899,0.000e0,0.000e0,6.986069679,6.986069202,4.768e-7,6.826e-8,15.021905899,15.021905899,0.000e0,14.260409355,5.069e-2,NaN,NaN,NaN,NaN
native,photo-cid22,7394483.png,512,512,0.262144,native,100,151760,4,512|128|256|512,1|4|2|1,yes,0.726295710,0.726295710,0.000e0,0.000e0,0.305415899,0.305415958,5.960e-8,1.952e-7,0.726295710,0.726295710,0.000e0,0.644395471,1.128e-1,NaN,NaN,NaN,NaN
native,photo-cid22,7394483.png,512,512,0.262144,native,98,117773,4,512|128|256|512,1|4|2|1,yes,0.723507643,0.723507643,0.000e0,0.000e0,0.331264824,0.331264764,5.960e-8,1.799e-7,0.723507643,0.723507643,0.000e0,0.679266036,6.115e-2,NaN,NaN,NaN,NaN
native,photo-cid22,7394483.png,512,512,0.262144,native,95,83122,4,512|128|256|512,1|4|2|1,yes,0.932582915,0.932582915,0.000e0,0.000e0,0.405759990,0.405760109,1.192e-7,2.938e-7,0.932582915,0.932582915,0.000e0,1.012344837,8.553e-2,NaN,NaN,NaN,NaN
native,photo-cid22,7394483.png,512,512,0.262144,native,90,56138,4,512|128|256|512,1|4|2|1,yes,1.521576405,1.521576405,0.000e0,0.000e0,0.558700383,0.558700383,0.000e0,0.000e0,1.521576405,1.521576405,0.000e0,1.717742920,1.289e-1,NaN,NaN,NaN,NaN
native,photo-cid22,7394483.png,512,512,0.262144,native,85,44861,4,512|128|256|512,1|4|2|1,yes,2.178937435,2.178937435,0.000e0,0.000e0,0.712655067,0.712655127,5.960e-8,8.364e-8,2.178937435,2.178937435,0.000e0,2.355827093,8.118e-2,NaN,NaN,NaN,NaN
native,photo-cid22,7394483.png,512,512,0.262144,native,75,33715,4,512|128|256|512,1|4|2|1,yes,3.084964514,3.084964514,0.000e0,0.000e0,0.940958679,0.940958619,5.960e-8,6.334e-8,3.084964514,3.084964514,0.000e0,3.373456717,9.352e-2,NaN,NaN,NaN,NaN
native,photo-cid22,7394483.png,512,512,0.262144,native,65,28259,4,512|128|256|512,1|4|2|1,yes,2.760192394,2.760192394,0.000e0,0.000e0,1.116082430,1.116082311,1.192e-7,1.068e-7,2.760192394,2.760192394,0.000e0,2.921888590,5.858e-2,NaN,NaN,NaN,NaN
native,photo-cid22,7394483.png,512,512,0.262144,native,50,23545,4,512|128|256|512,1|4|2|1,yes,3.297561646,3.297561646,0.000e0,0.000e0,1.322754025,1.322754025,0.000e0,0.000e0,3.297561646,3.297561646,0.000e0,3.461430311,4.969e-2,NaN,NaN,NaN,NaN
native,photo-cid22,7394483.png,512,512,0.262144,native,35,19597,4,512|128|256|512,1|4|2|1,yes,4.117667675,4.117667675,0.000e0,0.000e0,1.621364355,1.621363997,3.576e-7,2.206e-7,4.117667675,4.117667675,0.000e0,4.295661449,4.323e-2,NaN,NaN,NaN,NaN
native,photo-cid22,7394483.png,512,512,0.262144,native,20,15054,4,512|128|256|512,1|4|2|1,yes,5.046473503,5.046473503,0.000e0,0.000e0,2.426446915,2.426447153,2.384e-7,9.826e-8,5.046473503,5.046473503,0.000e0,4.880173683,3.295e-2,NaN,NaN,NaN,NaN
native,photo-cid22,7394483.png,512,512,0.262144,native,10,11558,4,512|128|256|512,1|4|2|1,yes,10.305410385,10.305410385,0.000e0,0.000e0,4.282569885,4.282569885,0.000e0,0.000e0,10.305410385,10.305410385,0.000e0,10.032145500,2.652e-2,NaN,NaN,NaN,NaN
native,photo-cid22,7394483.png,512,512,0.262144,native,5,9460,4,512|128|256|512,1|4|2|1,yes,17.777597427,17.777597427,0.000e0,0.000e0,7.590308189,7.590308189,0.000e0,0.000e0,17.777597427,17.777597427,0.000e0,16.478332520,7.308e-2,NaN,NaN,NaN,NaN
native,photo-cid22,EPICA Delta D Plot.png,512,512,0.262144,native,100,145394,4,512|128|256|512,1|4|2|1,yes,0.396178126,0.396178126,0.000e0,0.000e0,0.108220868,0.108220883,1.490e-8,1.377e-7,0.396178126,0.396178126,0.000e0,0.427345037,7.867e-2,NaN,NaN,NaN,NaN
native,photo-cid22,EPICA Delta D Plot.png,512,512,0.262144,native,98,114945,4,512|128|256|512,1|4|2|1,yes,0.577900648,0.577900648,0.000e0,0.000e0,0.182636991,0.182637006,1.490e-8,8.159e-8,0.577900648,0.577900648,0.000e0,0.608946741,5.372e-2,NaN,NaN,NaN,NaN
native,photo-cid22,EPICA Delta D Plot.png,512,512,0.262144,native,95,86519,4,512|128|256|512,1|4|2|1,yes,1.055276632,1.055276632,0.000e0,0.000e0,0.363392770,0.363392830,5.960e-8,1.640e-7,1.055276632,1.055276632,0.000e0,1.027211308,2.660e-2,NaN,NaN,NaN,NaN
native,photo-cid22,EPICA Delta D Plot.png,512,512,0.262144,native,90,65107,4,512|128|256|512,1|4|2|1,yes,1.614999890,1.614999890,0.000e0,0.000e0,0.621919334,0.621919334,0.000e0,0.000e0,1.614999890,1.614999890,0.000e0,1.584379435,1.896e-2,NaN,NaN,NaN,NaN
native,photo-cid22,EPICA Delta D Plot.png,512,512,0.262144,native,85,54638,4,512|128|256|512,1|4|2|1,yes,2.346258640,2.346258640,0.000e0,0.000e0,0.823568285,0.823568285,0.000e0,0.000e0,2.346258640,2.346258640,0.000e0,2.323616505,9.650e-3,NaN,NaN,NaN,NaN
native,photo-cid22,EPICA Delta D Plot.png,512,512,0.262144,native,75,42873,4,512|128|256|512,1|4|2|1,yes,3.452331781,3.452331781,0.000e0,0.000e0,1.160960793,1.160960793,0.000e0,0.000e0,3.452331781,3.452331781,0.000e0,3.259739399,5.579e-2,NaN,NaN,NaN,NaN
native,photo-cid22,EPICA Delta D Plot.png,512,512,0.262144,native,65,37398,4,512|128|256|512,1|4|2|1,yes,3.482655048,3.482655048,0.000e0,0.000e0,1.391520977,1.391520977,0.000e0,0.000e0,3.482655048,3.482655048,0.000e0,3.213720322,7.722e-2,NaN,NaN,NaN,NaN
native,photo-cid22,EPICA Delta D Plot.png,512,512,0.262144,native,50,31794,4,512|128|256|512,1|4|2|1,yes,4.180881023,4.180881023,0.000e0,0.000e0,1.694332480,1.694332719,2.384e-7,1.407e-7,4.180881023,4.180881023,0.000e0,4.018242836,3.890e-2,NaN,NaN,NaN,NaN
native,photo-cid22,EPICA Delta D Plot.png,512,512,0.262144,native,35,26963,4,512|128|256|512,1|4|2|1,yes,4.718100071,4.718100071,0.000e0,0.000e0,1.995941162,1.995941401,2.384e-7,1.195e-7,4.718100071,4.718100071,0.000e0,4.368908882,7.401e-2,NaN,NaN,NaN,NaN
native,photo-cid22,EPICA Delta D Plot.png,512,512,0.262144,native,20,20878,4,512|128|256|512,1|4|2|1,yes,6.913075924,6.913075924,0.000e0,0.000e0,2.805368423,2.805368423,0.000e0,0.000e0,6.913075924,6.913075924,0.000e0,6.656971455,3.705e-2,NaN,NaN,NaN,NaN
native,photo-cid22,EPICA Delta D Plot.png,512,512,0.262144,native,10,15118,4,512|128|256|512,1|4|2|1,yes,8.996975899,8.996975899,0.000e0,0.000e0,3.620097399,3.620097637,2.384e-7,6.586e-8,8.996975899,8.996975899,0.000e0,8.038410187,1.065e-1,NaN,NaN,NaN,NaN
native,photo-cid22,EPICA Delta D Plot.png,512,512,0.262144,native,5,11515,4,512|128|256|512,1|4|2|1,yes,12.644757271,12.644757271,0.000e0,0.000e0,7.910095215,7.910095215,0.000e0,0.000e0,12.644757271,12.644757271,0.000e0,11.684094429,7.597e-2,NaN,NaN,NaN,NaN
native,photo-cid22,pexels-photo-1130297.png,512,512,0.262144,native,100,285990,4,512|128|256|512,1|4|2|1,yes,0.594046891,0.594046891,0.000e0,0.000e0,0.209410280,0.209410295,1.490e-8,7.116e-8,0.594046891,0.594046891,0.000e0,0.579036176,2.527e-2,NaN,NaN,NaN,NaN
native,photo-cid22,pexels-photo-1130297.png,512,512,0.262144,native,98,218400,4,512|128|256|512,1|4|2|1,yes,0.695404410,0.695404410,0.000e0,0.000e0,0.251019627,0.251019657,2.980e-8,1.187e-7,0.695404410,0.695404410,0.000e0,0.753296018,8.325e-2,NaN,NaN,NaN,NaN
native,photo-cid22,pexels-photo-1130297.png,512,512,0.262144,native,95,155346,4,512|128|256|512,1|4|2|1,yes,1.178431392,1.178431392,0.000e0,0.000e0,0.422189832,0.422189832,0.000e0,0.000e0,1.178431392,1.178431392,0.000e0,1.322236896,1.220e-1,NaN,NaN,NaN,NaN
native,photo-cid22,pexels-photo-1130297.png,512,512,0.262144,native,90,109833,4,512|128|256|512,1|4|2|1,yes,2.151208162,2.151208162,0.000e0,0.000e0,0.672254443,0.672254503,5.960e-8,8.866e-8,2.151208162,2.151208162,0.000e0,2.360998154,9.752e-2,NaN,NaN,NaN,NaN
native,photo-cid22,pexels-photo-1130297.png,512,512,0.262144,native,85,88806,4,512|128|256|512,1|4|2|1,yes,2.691990137,2.691990137,0.000e0,0.000e0,0.847804785,0.847805023,2.384e-7,2.812e-7,2.691990137,2.691990137,0.000e0,2.847880840,5.791e-2,NaN,NaN,NaN,NaN
native,photo-cid22,pexels-photo-1130297.png,512,512,0.262144,native,75,67126,4,512|128|256|512,1|4|2|1,yes,3.415250063,3.415250063,0.000e0,0.000e0,1.165944099,1.165944219,1.192e-7,1.022e-7,3.415250063,3.415250063,0.000e0,3.664310694,7.293e-2,NaN,NaN,NaN,NaN
native,photo-cid22,pexels-photo-1130297.png,512,512,0.262144,native,65,55889,4,512|128|256|512,1|4|2|1,yes,4.228121281,4.228121281,0.000e0,0.000e0,1.388197899,1.388197780,1.192e-7,8.587e-8,4.228121281,4.228121281,0.000e0,4.391557217,3.865e-2,NaN,NaN,NaN,NaN
native,photo-cid22,pexels-photo-1130297.png,512,512,0.262144,native,50,46038,4,512|128|256|512,1|4|2|1,yes,5.103204727,5.103204727,0.000e0,0.000e0,1.671207666,1.671207666,0.000e0,0.000e0,5.103204727,5.103204727,0.000e0,5.524004459,8.246e-2,NaN,NaN,NaN,NaN
native,photo-cid22,pexels-photo-1130297.png,512,512,0.262144,native,35,37726,4,512|128|256|512,1|4|2|1,yes,6.326597691,6.326597691,0.000e0,0.000e0,2.013664722,2.013664722,0.000e0,0.000e0,6.326597691,6.326597691,0.000e0,6.925797939,9.471e-2,NaN,NaN,NaN,NaN
native,photo-cid22,pexels-photo-1130297.png,512,512,0.262144,native,20,27410,4,512|128|256|512,1|4|2|1,yes,6.610181332,6.610181332,0.000e0,0.000e0,2.615027666,2.615027905,2.384e-7,9.117e-8,6.610181332,6.610181332,0.000e0,6.243771553,5.543e-2,NaN,NaN,NaN,NaN
native,photo-cid22,pexels-photo-1130297.png,512,512,0.262144,native,10,18926,4,512|128|256|512,1|4|2|1,yes,9.338960648,9.338960648,0.000e0,0.000e0,4.067869663,4.067869186,4.768e-7,1.172e-7,9.338960648,9.338960648,0.000e0,9.079332352,2.780e-2,NaN,NaN,NaN,NaN
native,photo-cid22,pexels-photo-1130297.png,512,512,0.262144,native,5,13339,4,512|128|256|512,1|4|2|1,yes,20.220680237,20.220680237,0.000e0,0.000e0,6.864282608,6.864282608,0.000e0,0.000e0,20.220680237,20.220680237,0.000e0,19.265888214,4.722e-2,NaN,NaN,NaN,NaN
native,photo-cid22,pexels-photo-3193731.png,512,512,0.262144,native,100,236812,4,512|128|256|512,1|4|2|1,yes,0.915096283,0.915096283,0.000e0,0.000e0,0.289903939,0.289903939,0.000e0,0.000e0,0.915096283,0.915096283,0.000e0,0.814396799,1.100e-1,NaN,NaN,NaN,NaN
native,photo-cid22,pexels-photo-3193731.png,512,512,0.262144,native,98,181220,4,512|128|256|512,1|4|2|1,yes,0.924388289,0.924388289,0.000e0,0.000e0,0.317647189,0.317647159,2.980e-8,9.382e-8,0.924388289,0.924388289,0.000e0,0.827500522,1.048e-1,NaN,NaN,NaN,NaN
native,photo-cid22,pexels-photo-3193731.png,512,512,0.262144,native,95,127637,4,512|128|256|512,1|4|2|1,yes,1.201476574,1.201476574,0.000e0,0.000e0,0.465595961,0.465595931,2.980e-8,6.401e-8,1.201476574,1.201476574,0.000e0,1.261682034,5.011e-2,NaN,NaN,NaN,NaN
native,photo-cid22,pexels-photo-3193731.png,512,512,0.262144,native,90,87804,4,512|128|256|512,1|4|2|1,yes,1.771774411,1.771774411,0.000e0,0.000e0,0.698398650,0.698398650,0.000e0,0.000e0,1.771774411,1.771774411,0.000e0,1.973810673,1.140e-1,NaN,NaN,NaN,NaN
native,photo-cid22,pexels-photo-3193731.png,512,512,0.262144,native,85,69889,4,512|128|256|512,1|4|2|1,yes,2.287935495,2.287935495,0.000e0,0.000e0,0.869119287,0.869119227,5.960e-8,6.858e-8,2.287935495,2.287935495,0.000e0,2.529128313,1.054e-1,NaN,NaN,NaN,NaN
native,photo-cid22,pexels-photo-3193731.png,512,512,0.262144,native,75,51566,4,512|128|256|512,1|4|2|1,yes,3.568546772,3.568546772,0.000e0,0.000e0,1.132678866,1.132678866,0.000e0,0.000e0,3.568546772,3.568546772,0.000e0,3.910799503,9.591e-2,NaN,NaN,NaN,NaN
native,photo-cid22,pexels-photo-3193731.png,512,512,0.262144,native,65,42597,4,512|128|256|512,1|4|2|1,yes,3.455911398,3.455911398,0.000e0,0.000e0,1.330599070,1.330599070,0.000e0,0.000e0,3.455911398,3.455911398,0.000e0,3.551039934,2.753e-2,NaN,NaN,NaN,NaN
native,photo-cid22,pexels-photo-3193731.png,512,512,0.262144,native,50,34783,4,512|128|256|512,1|4|2|1,yes,4.134740353,4.134740353,0.000e0,0.000e0,1.571360111,1.571360230,1.192e-7,7.586e-8,4.134740353,4.134740353,0.000e0,4.517990112,9.269e-2,NaN,NaN,NaN,NaN
native,photo-cid22,pexels-photo-3193731.png,512,512,0.262144,native,35,28084,4,512|128|256|512,1|4|2|1,yes,4.726375580,4.726375580,0.000e0,0.000e0,1.875711799,1.875711679,1.192e-7,6.355e-8,4.726375580,4.726375580,0.000e0,4.743911266,3.710e-3,NaN,NaN,NaN,NaN
native,photo-cid22,pexels-photo-3193731.png,512,512,0.262144,native,20,20294,4,512|128|256|512,1|4|2|1,yes,6.792192936,6.792192936,0.000e0,0.000e0,2.615559340,2.615559578,2.384e-7,9.115e-8,6.792192936,6.792192936,0.000e0,6.452065468,5.008e-2,NaN,NaN,NaN,NaN
native,photo-cid22,pexels-photo-3193731.png,512,512,0.262144,native,10,14241,4,512|128|256|512,1|4|2|1,yes,10.079823494,10.079823494,0.000e0,0.000e0,4.203510284,4.203509808,4.768e-7,1.134e-7,10.079823494,10.079823494,0.000e0,10.201885223,1.211e-2,NaN,NaN,NaN,NaN
native,photo-cid22,pexels-photo-3193731.png,512,512,0.262144,native,5,10729,4,512|128|256|512,1|4|2|1,yes,17.075250626,17.075250626,0.000e0,0.000e0,7.920106888,7.920107841,9.537e-7,1.204e-7,17.075250626,17.075250626,0.000e0,14.873822212,1.289e-1,NaN,NaN,NaN,NaN
native,photo-cid22,pexels-photo-4405455.png,512,512,0.262144,native,100,339180,4,512|128|256|512,1|4|2|1,yes,0.494286180,0.494286180,0.000e0,0.000e0,0.225469232,0.225469276,4.470e-8,1.983e-7,0.494286180,0.494286180,0.000e0,0.486669213,1.541e-2,NaN,NaN,NaN,NaN
native,photo-cid22,pexels-photo-4405455.png,512,512,0.262144,native,98,249022,4,512|128|256|512,1|4|2|1,yes,0.663600206,0.663600206,0.000e0,0.000e0,0.310050517,0.310050488,2.980e-8,9.612e-8,0.663600206,0.663600206,0.000e0,0.688205659,3.708e-2,NaN,NaN,NaN,NaN
native,photo-cid22,pexels-photo-4405455.png,512,512,0.262144,native,95,164074,4,512|128|256|512,1|4|2|1,yes,1.161534905,1.161534905,0.000e0,0.000e0,0.542263150,0.542263210,5.960e-8,1.099e-7,1.161534905,1.161534905,0.000e0,1.153919220,6.557e-3,NaN,NaN,NaN,NaN
native,photo-cid22,pexels-photo-4405455.png,512,512,0.262144,native,90,108673,4,512|128|256|512,1|4|2|1,yes,1.873180628,1.873180628,0.000e0,0.000e0,0.814190805,0.814190984,1.788e-7,2.196e-7,1.873180628,1.873180628,0.000e0,1.957367420,4.494e-2,NaN,NaN,NaN,NaN
native,photo-cid22,pexels-photo-4405455.png,512,512,0.262144,native,85,84340,4,512|128|256|512,1|4|2|1,yes,2.172296047,2.172296047,0.000e0,0.000e0,1.005871058,1.005871177,1.192e-7,1.185e-7,2.172296047,2.172296047,0.000e0,2.200336695,1.291e-2,NaN,NaN,NaN,NaN
native,photo-cid22,pexels-photo-4405455.png,512,512,0.262144,native,75,60545,4,512|128|256|512,1|4|2|1,yes,2.658600569,2.658600569,0.000e0,0.000e0,1.262204051,1.262204289,2.384e-7,1.889e-7,2.658600569,2.658600569,0.000e0,2.781086922,4.607e-2,NaN,NaN,NaN,NaN
native,photo-cid22,pexels-photo-4405455.png,512,512,0.262144,native,65,49150,4,512|128|256|512,1|4|2|1,yes,3.560176134,3.560176134,0.000e0,0.000e0,1.449056268,1.449056268,0.000e0,0.000e0,3.560176134,3.560176134,0.000e0,3.362864256,5.542e-2,NaN,NaN,NaN,NaN
native,photo-cid22,pexels-photo-4405455.png,512,512,0.262144,native,50,39269,4,512|128|256|512,1|4|2|1,yes,3.436666250,3.436666250,0.000e0,0.000e0,1.670381427,1.670381427,0.000e0,0.000e0,3.436666250,3.436666250,0.000e0,3.338791847,2.848e-2,NaN,NaN,NaN,NaN
native,photo-cid22,pexels-photo-4405455.png,512,512,0.262144,native,35,30945,4,512|128|256|512,1|4|2|1,yes,3.855597973,3.855597973,0.000e0,0.000e0,1.949025035,1.949024558,4.768e-7,2.447e-7,3.855597973,3.855597973,0.000e0,4.041651249,4.826e-2,NaN,NaN,NaN,NaN
native,photo-cid22,pexels-photo-4405455.png,512,512,0.262144,native,20,21216,4,512|128|256|512,1|4|2|1,yes,5.021440506,5.021440506,0.000e0,0.000e0,2.613140106,2.613140345,2.384e-7,9.124e-8,5.021440506,5.021440506,0.000e0,4.866125107,3.093e-2,NaN,NaN,NaN,NaN
native,photo-cid22,pexels-photo-4405455.png,512,512,0.262144,native,10,14087,4,512|128|256|512,1|4|2|1,yes,8.749166489,8.749166489,0.000e0,0.000e0,4.041545868,4.041545868,0.000e0,0.000e0,8.749166489,8.749166489,0.000e0,8.574022293,2.002e-2,NaN,NaN,NaN,NaN
native,photo-cid22,pexels-photo-4405455.png,512,512,0.262144,native,5,10474,4,512|128|256|512,1|4|2|1,yes,17.424812317,17.424812317,0.000e0,0.000e0,6.782443523,6.782444000,4.768e-7,7.030e-8,17.424812317,17.424812317,0.000e0,16.071491241,7.767e-2,NaN,NaN,NaN,NaN
native,photo-cid22,pexels-photo-7263002.png,512,512,0.262144,native,100,298230,4,512|128|256|512,1|4|2|1,yes,0.524616539,0.524616539,0.000e0,0.000e0,0.211161777,0.211161733,4.470e-8,2.117e-7,0.524616539,0.524616539,0.000e0,0.513870537,2.048e-2,NaN,NaN,NaN,NaN
native,photo-cid22,pexels-photo-7263002.png,512,512,0.262144,native,98,229290,4,512|128|256|512,1|4|2|1,yes,0.635840297,0.635840297,0.000e0,0.000e0,0.269211233,0.269211262,2.980e-8,1.107e-7,0.635840297,0.635840297,0.000e0,0.678928435,6.777e-2,NaN,NaN,NaN,NaN
native,photo-cid22,pexels-photo-7263002.png,512,512,0.262144,native,95,160565,4,512|128|256|512,1|4|2|1,yes,1.025574088,1.025574088,0.000e0,0.000e0,0.421021312,0.421021283,2.980e-8,7.079e-8,1.025574088,1.025574088,0.000e0,1.084729075,5.768e-2,NaN,NaN,NaN,NaN
native,photo-cid22,pexels-photo-7263002.png,512,512,0.262144,native,90,112330,4,512|128|256|512,1|4|2|1,yes,1.532010674,1.532010674,0.000e0,0.000e0,0.618621826,0.618621945,1.192e-7,1.927e-7,1.532010674,1.532010674,0.000e0,1.687195778,1.013e-1,NaN,NaN,NaN,NaN
native,photo-cid22,pexels-photo-7263002.png,512,512,0.262144,native,85,90223,4,512|128|256|512,1|4|2|1,yes,1.772708297,1.772708297,0.000e0,0.000e0,0.762631655,0.762631357,2.980e-7,3.908e-7,1.772708297,1.772708297,0.000e0,1.937649369,9.304e-2,NaN,NaN,NaN,NaN
native,photo-cid22,pexels-photo-7263002.png,512,512,0.262144,native,75,67837,4,512|128|256|512,1|4|2|1,yes,2.375726223,2.375726223,0.000e0,0.000e0,0.992043376,0.992043257,1.192e-7,1.202e-7,2.375726223,2.375726223,0.000e0,2.449369907,3.100e-2,NaN,NaN,NaN,NaN
native,photo-cid22,pexels-photo-7263002.png,512,512,0.262144,native,65,56639,4,512|128|256|512,1|4|2|1,yes,3.048232079,3.048232079,0.000e0,0.000e0,1.155405521,1.155405283,2.384e-7,2.064e-7,3.048232079,3.048232079,0.000e0,3.254783154,6.776e-2,NaN,NaN,NaN,NaN
native,photo-cid22,pexels-photo-7263002.png,512,512,0.262144,native,50,46630,4,512|128|256|512,1|4|2|1,yes,2.955963373,2.955963373,0.000e0,0.000e0,1.380257964,1.380257964,0.000e0,0.000e0,2.955963373,2.955963373,0.000e0,3.103131294,4.979e-2,NaN,NaN,NaN,NaN
native,photo-cid22,pexels-photo-7263002.png,512,512,0.262144,native,35,37789,4,512|128|256|512,1|4|2|1,yes,3.587209225,3.587209225,0.000e0,0.000e0,1.674500108,1.674500108,0.000e0,0.000e0,3.587209225,3.587209225,0.000e0,3.618881226,8.829e-3,NaN,NaN,NaN,NaN
native,photo-cid22,pexels-photo-7263002.png,512,512,0.262144,native,20,26905,4,512|128|256|512,1|4|2|1,yes,4.857409477,4.857409477,0.000e0,0.000e0,2.367316246,2.367316246,0.000e0,0.000e0,4.857409477,4.857409477,0.000e0,4.526502609,6.812e-2,NaN,NaN,NaN,NaN
native,photo-cid22,pexels-photo-7263002.png,512,512,0.262144,native,10,17935,4,512|128|256|512,1|4|2|1,yes,8.555632591,8.555632591,0.000e0,0.000e0,3.973855495,3.973855257,2.384e-7,6.000e-8,8.555632591,8.555632591,0.000e0,8.577522278,2.559e-3,NaN,NaN,NaN,NaN
native,photo-cid22,pexels-photo-7263002.png,512,512,0.262144,native,5,12508,4,512|128|256|512,1|4|2|1,yes,16.212211609,16.212211609,0.000e0,0.000e0,6.801467896,6.801469326,1.431e-6,2.103e-7,16.212211609,16.212211609,0.000e0,16.168729782,2.682e-3,NaN,NaN,NaN,NaN
native,photo-clic,097cb426910ba8ce2525dd8bb7fb1777.png,1507,2048,3.086336,native,100,1030647,4,2048|128|256|512,1|16|8|4,yes,0.609017372,0.609017372,0.000e0,0.000e0,0.262377322,0.262377352,2.980e-8,1.136e-7,0.609017372,0.609017372,0.000e0,0.566182077,7.034e-2,NaN,NaN,NaN,NaN
native,photo-clic,097cb426910ba8ce2525dd8bb7fb1777.png,1507,2048,3.086336,native,98,813082,4,2048|128|256|512,1|16|8|4,yes,0.776226223,0.776226223,0.000e0,0.000e0,0.308513880,0.308513910,2.980e-8,9.660e-8,0.776226223,0.776226223,0.000e0,0.826115906,6.427e-2,NaN,NaN,NaN,NaN
native,photo-clic,097cb426910ba8ce2525dd8bb7fb1777.png,1507,2048,3.086336,native,95,559893,4,2048|128|256|512,1|16|8|4,yes,1.267712474,1.267712474,0.000e0,0.000e0,0.447905838,0.447905809,2.980e-8,6.654e-8,1.267712474,1.267712474,0.000e0,1.397074223,1.020e-1,NaN,NaN,NaN,NaN
native,photo-clic,097cb426910ba8ce2525dd8bb7fb1777.png,1507,2048,3.086336,native,90,344591,4,2048|128|256|512,1|16|8|4,yes,1.908694983,1.908694983,0.000e0,0.000e0,0.688088357,0.688088357,0.000e0,0.000e0,1.908694983,1.908694983,0.000e0,2.015343189,5.587e-2,NaN,NaN,NaN,NaN
native,photo-clic,097cb426910ba8ce2525dd8bb7fb1777.png,1507,2048,3.086336,native,85,257110,4,2048|128|256|512,1|16|8|4,yes,2.325029135,2.325029135,0.000e0,0.000e0,0.865064442,0.865064621,1.788e-7,2.067e-7,2.325029135,2.325029135,0.000e0,2.466078520,6.067e-2,NaN,NaN,NaN,NaN
native,photo-clic,097cb426910ba8ce2525dd8bb7fb1777.png,1507,2048,3.086336,native,75,191134,4,2048|128|256|512,1|16|8|4,yes,2.987388134,2.987388134,0.000e0,0.000e0,1.079995632,1.079995632,0.000e0,0.000e0,2.987388134,2.987388134,0.000e0,3.139081240,5.078e-2,NaN,NaN,NaN,NaN
native,photo-clic,097cb426910ba8ce2525dd8bb7fb1777.png,1507,2048,3.086336,native,65,162513,4,2048|128|256|512,1|16|8|4,yes,3.559746981,3.559746981,0.000e0,0.000e0,1.211471319,1.211471319,0.000e0,0.000e0,3.559746981,3.559746981,0.000e0,3.822144032,7.371e-2,NaN,NaN,NaN,NaN
native,photo-clic,097cb426910ba8ce2525dd8bb7fb1777.png,1507,2048,3.086336,native,50,139243,4,2048|128|256|512,1|16|8|4,yes,3.922925472,3.922925472,0.000e0,0.000e0,1.349568963,1.349569201,2.384e-7,1.767e-7,3.922925472,3.922925472,0.000e0,3.990716457,1.728e-2,NaN,NaN,NaN,NaN
native,photo-clic,097cb426910ba8ce2525dd8bb7fb1777.png,1507,2048,3.086336,native,35,121376,4,2048|128|256|512,1|16|8|4,yes,4.265208244,4.265208244,0.000e0,0.000e0,1.517542601,1.517542839,2.384e-7,1.571e-7,4.265208244,4.265208244,0.000e0,4.251744747,3.157e-3,NaN,NaN,NaN,NaN
native,photo-clic,097cb426910ba8ce2525dd8bb7fb1777.png,1507,2048,3.086336,native,20,102876,4,2048|128|256|512,1|16|8|4,yes,4.712685585,4.712685585,0.000e0,0.000e0,1.933158398,1.933158278,1.192e-7,6.167e-8,4.712685585,4.712685585,0.000e0,4.649091244,1.349e-2,NaN,NaN,NaN,NaN
native,photo-clic,097cb426910ba8ce2525dd8bb7fb1777.png,1507,2048,3.086336,native,10,92206,4,2048|128|256|512,1|16|8|4,yes,8.953748703,8.953748703,0.000e0,0.000e0,2.902326345,2.902326584,2.384e-7,8.215e-8,8.953748703,8.953748703,0.000e0,7.623413086,1.486e-1,NaN,NaN,NaN,NaN
native,photo-clic,097cb426910ba8ce2525dd8bb7fb1777.png,1507,2048,3.086336,native,5,87934,4,2048|128|256|512,1|16|8|4,yes,14.188908577,14.188908577,0.000e0,0.000e0,5.203455925,5.203455925,0.000e0,0.000e0,14.188908577,14.188908577,0.000e0,12.566128731,1.144e-1,NaN,NaN,NaN,NaN
native,photo-clic,11f2b039b293758398b1a7a8afa64bb2.png,1638,2048,3.354624,native,100,2024566,4,2048|128|256|512,1|16|8|4,yes,0.950917900,0.950917900,0.000e0,0.000e0,0.288597912,0.288597941,2.980e-8,1.033e-7,0.950917900,0.950917900,0.000e0,0.869277060,8.585e-2,NaN,NaN,NaN,NaN
native,photo-clic,11f2b039b293758398b1a7a8afa64bb2.png,1638,2048,3.354624,native,98,1522859,4,2048|128|256|512,1|16|8|4,yes,0.948479593,0.948479593,0.000e0,0.000e0,0.321821213,0.321821183,2.980e-8,9.261e-8,0.948479593,0.948479593,0.000e0,0.869310200,8.347e-2,NaN,NaN,NaN,NaN
native,photo-clic,11f2b039b293758398b1a7a8afa64bb2.png,1638,2048,3.354624,native,95,1037489,4,2048|128|256|512,1|16|8|4,yes,1.392319798,1.392319798,0.000e0,0.000e0,0.460290849,0.460290760,8.941e-8,1.942e-7,1.392319798,1.392319798,0.000e0,1.524845719,9.518e-2,NaN,NaN,NaN,NaN
native,photo-clic,11f2b039b293758398b1a7a8afa64bb2.png,1638,2048,3.354624,native,90,709065,4,2048|128|256|512,1|16|8|4,yes,1.948093295,1.948093295,0.000e0,0.000e0,0.671968758,0.671968818,5.960e-8,8.870e-8,1.948093295,1.948093295,0.000e0,2.061696291,5.831e-2,NaN,NaN,NaN,NaN
native,photo-clic,11f2b039b293758398b1a7a8afa64bb2.png,1638,2048,3.354624,native,85,561504,4,2048|128|256|512,1|16|8|4,yes,2.417745352,2.417745352,0.000e0,0.000e0,0.837862313,0.837862313,0.000e0,0.000e0,2.417745352,2.417745352,0.000e0,2.615769863,8.190e-2,NaN,NaN,NaN,NaN
native,photo-clic,11f2b039b293758398b1a7a8afa64bb2.png,1638,2048,3.354624,native,75,417966,4,2048|128|256|512,1|16|8|4,yes,3.340545893,3.340545893,0.000e0,0.000e0,1.093865395,1.093865514,1.192e-7,1.090e-7,3.340545893,3.340545893,0.000e0,3.528335810,5.622e-2,NaN,NaN,NaN,NaN
native,photo-clic,11f2b039b293758398b1a7a8afa64bb2.png,1638,2048,3.354624,native,65,346426,4,2048|128|256|512,1|16|8|4,yes,3.549854279,3.549854279,0.000e0,0.000e0,1.482592821,1.482592344,4.768e-7,3.216e-7,3.549854279,3.549854279,0.000e0,3.560803175,3.084e-3,NaN,NaN,NaN,NaN
native,photo-clic,11f2b039b293758398b1a7a8afa64bb2.png,1638,2048,3.354624,native,50,284130,4,2048|128|256|512,1|16|8|4,yes,4.563716412,4.563716412,0.000e0,0.000e0,2.027678728,2.027679205,4.768e-7,2.352e-7,4.563716412,4.563716412,0.000e0,4.823256016,5.687e-2,NaN,NaN,NaN,NaN
native,photo-clic,11f2b039b293758398b1a7a8afa64bb2.png,1638,2048,3.354624,native,35,232555,4,2048|128|256|512,1|16|8|4,yes,4.816524982,4.816524982,0.000e0,0.000e0,2.219979048,2.219978571,4.768e-7,2.148e-7,4.816524982,4.816524982,0.000e0,4.969628811,3.179e-2,NaN,NaN,NaN,NaN
native,photo-clic,11f2b039b293758398b1a7a8afa64bb2.png,1638,2048,3.354624,native,20,174243,4,2048|128|256|512,1|16|8|4,yes,7.171656132,7.171656132,0.000e0,0.000e0,3.355038881,3.355039358,4.768e-7,1.421e-7,7.171656132,7.171656132,0.000e0,5.543720722,2.270e-1,NaN,NaN,NaN,NaN
native,photo-clic,11f2b039b293758398b1a7a8afa64bb2.png,1638,2048,3.354624,native,10,133206,4,2048|128|256|512,1|16|8|4,yes,15.042655945,15.042655945,0.000e0,0.000e0,7.290283680,7.290283680,0.000e0,0.000e0,15.042655945,15.042655945,0.000e0,11.832159042,2.134e-1,NaN,NaN,NaN,NaN
native,photo-clic,11f2b039b293758398b1a7a8afa64bb2.png,1638,2048,3.354624,native,5,110190,4,2048|128|256|512,1|16|8|4,yes,24.628274918,24.628274918,0.000e0,0.000e0,12.433206558,12.433207512,9.537e-7,7.670e-8,24.628274918,24.628274918,0.000e0,19.308429718,2.160e-1,NaN,NaN,NaN,NaN
native,photo-clic,28d24b9c83de066597ff96a68769884f.png,2048,1332,2.727936,native,100,989232,4,1332|128|256|512,1|11|6|3,yes,0.801465034,0.801465034,0.000e0,0.000e0,0.331578404,0.331578404,0.000e0,0.000e0,0.801465034,0.801465034,0.000e0,0.755787730,5.699e-2,NaN,NaN,NaN,NaN
native,photo-clic,28d24b9c83de066597ff96a68769884f.png,2048,1332,2.727936,native,98,767094,4,1332|128|256|512,1|11|6|3,yes,0.925842226,0.925842226,0.000e0,0.000e0,0.369927347,0.369927317,2.980e-8,8.056e-8,0.925842226,0.925842226,0.000e0,0.827617764,1.061e-1,NaN,NaN,NaN,NaN
native,photo-clic,28d24b9c83de066597ff96a68769884f.png,2048,1332,2.727936,native,95,516025,4,1332|128|256|512,1|11|6|3,yes,1.135878205,1.135878205,0.000e0,0.000e0,0.440202355,0.440202355,0.000e0,0.000e0,1.135878205,1.135878205,0.000e0,1.281687379,1.284e-1,NaN,NaN,NaN,NaN
native,photo-clic,28d24b9c83de066597ff96a68769884f.png,2048,1332,2.727936,native,90,309048,4,1332|128|256|512,1|11|6|3,yes,1.882556319,1.882556319,0.000e0,0.000e0,0.605408430,0.605408370,5.960e-8,9.845e-8,1.882556319,1.882556319,0.000e0,2.028638601,7.760e-2,NaN,NaN,NaN,NaN
native,photo-clic,28d24b9c83de066597ff96a68769884f.png,2048,1332,2.727936,native,85,235379,4,1332|128|256|512,1|11|6|3,yes,2.266656160,2.266656160,0.000e0,0.000e0,0.736290216,0.736290336,1.192e-7,1.619e-7,2.266656160,2.266656160,0.000e0,2.519145012,1.114e-1,NaN,NaN,NaN,NaN
native,photo-clic,28d24b9c83de066597ff96a68769884f.png,2048,1332,2.727936,native,75,180028,4,1332|128|256|512,1|11|6|3,yes,2.998306751,2.998306751,0.000e0,0.000e0,0.912311792,0.912311733,5.960e-8,6.533e-8,2.998306751,2.998306751,0.000e0,3.260875225,8.757e-2,NaN,NaN,NaN,NaN
native,photo-clic,28d24b9c83de066597ff96a68769884f.png,2048,1332,2.727936,native,65,157050,4,1332|128|256|512,1|11|6|3,yes,3.350970745,3.350970745,0.000e0,0.000e0,1.176934719,1.176934838,1.192e-7,1.013e-7,3.350970745,3.350970745,0.000e0,3.690346479,1.013e-1,NaN,NaN,NaN,NaN
native,photo-clic,28d24b9c83de066597ff96a68769884f.png,2048,1332,2.727936,native,50,137274,4,1332|128|256|512,1|11|6|3,yes,4.481411934,4.481411934,0.000e0,0.000e0,1.281740189,1.281740427,2.384e-7,1.860e-7,4.481411934,4.481411934,0.000e0,4.494095802,2.830e-3,NaN,NaN,NaN,NaN
native,photo-clic,28d24b9c83de066597ff96a68769884f.png,2048,1332,2.727936,native,35,121603,4,1332|128|256|512,1|11|6|3,yes,4.680948257,4.680948257,0.000e0,0.000e0,1.570936799,1.570936561,2.384e-7,1.518e-7,4.680948257,4.680948257,0.000e0,4.864529610,3.922e-2,NaN,NaN,NaN,NaN
native,photo-clic,28d24b9c83de066597ff96a68769884f.png,2048,1332,2.727936,native,20,103012,4,1332|128|256|512,1|11|6|3,yes,5.355601788,5.355601788,0.000e0,0.000e0,2.340639353,2.340639114,2.384e-7,1.019e-7,5.355601788,5.355601788,0.000e0,5.398097992,7.935e-3,NaN,NaN,NaN,NaN
native,photo-clic,28d24b9c83de066597ff96a68769884f.png,2048,1332,2.727936,native,10,89746,4,1332|128|256|512,1|11|6|3,yes,10.800966263,10.800966263,0.000e0,0.000e0,4.868875504,4.868874550,9.537e-7,1.959e-7,10.800966263,10.800966263,0.000e0,9.001766205,1.666e-1,NaN,NaN,NaN,NaN
native,photo-clic,28d24b9c83de066597ff96a68769884f.png,2048,1332,2.727936,native,5,82174,4,1332|128|256|512,1|11|6|3,yes,19.230361938,19.230361938,0.000e0,0.000e0,8.432662964,8.432662964,0.000e0,0.000e0,19.230361938,19.230361938,0.000e0,15.934773445,1.714e-1,NaN,NaN,NaN,NaN
native,photo-clic,4a18abf66d65ad1a95ce455c8b6cd8de.png,1463,2048,2.996224,native,100,4155952,4,2048|128|256|512,1|16|8|4,yes,0.585742652,0.585742652,0.000e0,0.000e0,0.193853080,0.193853095,1.490e-8,7.687e-8,0.585742652,0.585742652,0.000e0,0.528061390,9.848e-2,NaN,NaN,NaN,NaN
native,photo-clic,4a18abf66d65ad1a95ce455c8b6cd8de.png,1463,2048,2.996224,native,98,3019909,4,2048|128|256|512,1|16|8|4,yes,0.730629146,0.730629146,0.000e0,0.000e0,0.274459690,0.274459660,2.980e-8,1.086e-7,0.730629146,0.730629146,0.000e0,0.774800062,6.046e-2,NaN,NaN,NaN,NaN
native,photo-clic,4a18abf66d65ad1a95ce455c8b6cd8de.png,1463,2048,2.996224,native,95,1993073,4,2048|128|256|512,1|16|8|4,yes,1.277437687,1.277437687,0.000e0,0.000e0,0.520961463,0.520961463,0.000e0,0.000e0,1.277437687,1.277437687,0.000e0,1.401409984,9.705e-2,NaN,NaN,NaN,NaN
native,photo-clic,4a18abf66d65ad1a95ce455c8b6cd8de.png,1463,2048,2.996224,native,90,1312813,4,2048|128|256|512,1|16|8|4,yes,2.002996922,2.002996922,0.000e0,0.000e0,0.840168595,0.840168417,1.788e-7,2.128e-7,2.002996922,2.002996922,0.000e0,1.993785501,4.599e-3,NaN,NaN,NaN,NaN
native,photo-clic,4a18abf66d65ad1a95ce455c8b6cd8de.png,1463,2048,2.996224,native,85,997519,4,2048|128|256|512,1|16|8|4,yes,2.622973442,2.622973442,0.000e0,0.000e0,1.062978625,1.062978745,1.192e-7,1.121e-7,2.622973442,2.622973442,0.000e0,2.595274210,1.056e-2,NaN,NaN,NaN,NaN
native,photo-clic,4a18abf66d65ad1a95ce455c8b6cd8de.png,1463,2048,2.996224,native,75,690352,4,2048|128|256|512,1|16|8|4,yes,3.345671654,3.345671654,0.000e0,0.000e0,1.348548174,1.348548055,1.192e-7,8.840e-8,3.345671654,3.345671654,0.000e0,3.427509546,2.446e-2,NaN,NaN,NaN,NaN
native,photo-clic,4a18abf66d65ad1a95ce455c8b6cd8de.png,1463,2048,2.996224,native,65,545866,4,2048|128|256|512,1|16|8|4,yes,3.779956818,3.779956818,0.000e0,0.000e0,1.530781627,1.530781388,2.384e-7,1.557e-7,3.779956818,3.779956818,0.000e0,3.731292486,1.287e-2,NaN,NaN,NaN,NaN
native,photo-clic,4a18abf66d65ad1a95ce455c8b6cd8de.png,1463,2048,2.996224,native,50,426774,4,2048|128|256|512,1|16|8|4,yes,4.618044376,4.618044376,0.000e0,0.000e0,1.737920403,1.737920165,2.384e-7,1.372e-7,4.618044376,4.618044376,0.000e0,4.360128880,5.585e-2,NaN,NaN,NaN,NaN
native,photo-clic,4a18abf66d65ad1a95ce455c8b6cd8de.png,1463,2048,2.996224,native,35,331041,4,2048|128|256|512,1|16|8|4,yes,4.942988396,4.942988396,0.000e0,0.000e0,1.950776696,1.950776696,0.000e0,0.000e0,4.942988396,4.942988396,0.000e0,4.838976860,2.104e-2,NaN,NaN,NaN,NaN
native,photo-clic,4a18abf66d65ad1a95ce455c8b6cd8de.png,1463,2048,2.996224,native,20,225552,4,2048|128|256|512,1|16|8|4,yes,5.650336742,5.650336742,0.000e0,0.000e0,2.413875818,2.413875818,0.000e0,0.000e0,5.650336742,5.650336742,0.000e0,5.745400429,1.682e-2,NaN,NaN,NaN,NaN
native,photo-clic,4a18abf66d65ad1a95ce455c8b6cd8de.png,1463,2048,2.996224,native,10,155529,4,2048|128|256|512,1|16|8|4,yes,10.467244148,10.467244148,0.000e0,0.000e0,3.517819881,3.517820120,2.384e-7,6.777e-8,10.467244148,10.467244148,0.000e0,9.769842148,6.663e-2,NaN,NaN,NaN,NaN
native,photo-clic,4a18abf66d65ad1a95ce455c8b6cd8de.png,1463,2048,2.996224,native,5,118022,4,2048|128|256|512,1|16|8|4,yes,16.831163406,16.831163406,0.000e0,0.000e0,5.815370083,5.815369606,4.768e-7,8.200e-8,16.831163406,16.831163406,0.000e0,16.124032974,4.201e-2,NaN,NaN,NaN,NaN
native,photo-clic,60430844748882ff66b9a5598ef06dd6.png,1446,2048,2.961408,native,100,930927,4,2048|128|256|512,1|16|8|4,yes,0.801895916,0.801895916,0.000e0,0.000e0,0.303155988,0.303155988,0.000e0,0.000e0,0.801895916,0.801895916,0.000e0,0.755150497,5.829e-2,NaN,NaN,NaN,NaN
native,photo-clic,60430844748882ff66b9a5598ef06dd6.png,1446,2048,2.961408,native,98,737329,4,2048|128|256|512,1|16|8|4,yes,0.803403378,0.803403378,0.000e0,0.000e0,0.333905876,0.333905965,8.941e-8,2.678e-7,0.803403378,0.803403378,0.000e0,0.793318331,1.255e-2,NaN,NaN,NaN,NaN
native,photo-clic,60430844748882ff66b9a5598ef06dd6.png,1446,2048,2.961408,native,95,517907,4,2048|128|256|512,1|16|8|4,yes,1.361979008,1.361979008,0.000e0,0.000e0,0.443268567,0.443268567,0.000e0,0.000e0,1.361979008,1.361979008,0.000e0,1.324722290,2.735e-2,NaN,NaN,NaN,NaN
native,photo-clic,60430844748882ff66b9a5598ef06dd6.png,1446,2048,2.961408,native,90,326224,4,2048|128|256|512,1|16|8|4,yes,1.863614798,1.863614798,0.000e0,0.000e0,0.598508179,0.598508179,0.000e0,0.000e0,1.863614798,1.863614798,0.000e0,1.767432809,5.161e-2,NaN,NaN,NaN,NaN
native,photo-clic,60430844748882ff66b9a5598ef06dd6.png,1446,2048,2.961408,native,85,249322,4,2048|128|256|512,1|16|8|4,yes,2.071596384,2.071596384,0.000e0,0.000e0,0.717746735,0.717746794,5.960e-8,8.304e-8,2.071596384,2.071596384,0.000e0,2.126411676,2.646e-2,NaN,NaN,NaN,NaN
native,photo-clic,60430844748882ff66b9a5598ef06dd6.png,1446,2048,2.961408,native,75,185033,4,2048|128|256|512,1|16|8|4,yes,2.626110792,2.626110792,0.000e0,0.000e0,0.887200177,0.887200117,5.960e-8,6.718e-8,2.626110792,2.626110792,0.000e0,2.681335688,2.103e-2,NaN,NaN,NaN,NaN
native,photo-clic,60430844748882ff66b9a5598ef06dd6.png,1446,2048,2.961408,native,65,159625,4,2048|128|256|512,1|16|8|4,yes,2.773892641,2.773892641,0.000e0,0.000e0,1.242255211,1.242255092,1.192e-7,9.596e-8,2.773892641,2.773892641,0.000e0,2.795898676,7.933e-3,NaN,NaN,NaN,NaN
native,photo-clic,60430844748882ff66b9a5598ef06dd6.png,1446,2048,2.961408,native,50,139131,4,2048|128|256|512,1|16|8|4,yes,3.483149529,3.483149529,0.000e0,0.000e0,1.437140584,1.437140346,2.384e-7,1.659e-7,3.483149529,3.483149529,0.000e0,3.118478775,1.047e-1,NaN,NaN,NaN,NaN
native,photo-clic,60430844748882ff66b9a5598ef06dd6.png,1446,2048,2.961408,native,35,122769,4,2048|128|256|512,1|16|8|4,yes,4.082109451,4.082109451,0.000e0,0.000e0,1.601848960,1.601848841,1.192e-7,7.442e-8,4.082109451,4.082109451,0.000e0,3.775466919,7.512e-2,NaN,NaN,NaN,NaN
native,photo-clic,60430844748882ff66b9a5598ef06dd6.png,1446,2048,2.961408,native,20,105403,4,2048|128|256|512,1|16|8|4,yes,6.447824955,6.447824955,0.000e0,0.000e0,2.786789656,2.786789417,2.384e-7,8.555e-8,6.447824955,6.447824955,0.000e0,5.878333092,8.832e-2,NaN,NaN,NaN,NaN
native,photo-clic,60430844748882ff66b9a5598ef06dd6.png,1446,2048,2.961408,native,10,93327,4,2048|128|256|512,1|16|8|4,yes,12.935798645,12.935798645,0.000e0,0.000e0,7.260417938,7.260419846,1.907e-6,2.627e-7,12.935798645,12.935798645,0.000e0,9.944601059,2.312e-1,NaN,NaN,NaN,NaN
native,photo-clic,60430844748882ff66b9a5598ef06dd6.png,1446,2048,2.961408,native,5,87050,4,2048|128|256|512,1|16|8|4,yes,20.121273041,20.121273041,0.000e0,0.000e0,8.957275391,8.957276344,9.537e-7,1.065e-7,20.121273041,20.121273041,0.000e0,16.730476379,1.685e-1,NaN,NaN,NaN,NaN
native,photo-clic,9466a908d088d32ee73f04116c40e48c.png,1371,2048,2.807808,native,100,863793,4,2048|128|256|512,1|16|8|4,yes,0.928548694,0.928548694,0.000e0,0.000e0,0.320471883,0.320471942,5.960e-8,1.860e-7,0.928548694,0.928548694,0.000e0,0.839872479,9.550e-2,NaN,NaN,NaN,NaN
native,photo-clic,9466a908d088d32ee73f04116c40e48c.png,1371,2048,2.807808,native,98,737604,4,2048|128|256|512,1|16|8|4,yes,0.938020885,0.938020885,0.000e0,0.000e0,0.337982625,0.337982655,2.980e-8,8.818e-8,0.938020885,0.938020885,0.000e0,0.840909302,1.035e-1,NaN,NaN,NaN,NaN
native,photo-clic,9466a908d088d32ee73f04116c40e48c.png,1371,2048,2.807808,native,95,546306,4,2048|128|256|512,1|16|8|4,yes,1.085190177,1.085190177,0.000e0,0.000e0,0.396355957,0.396355927,2.980e-8,7.519e-8,1.085190177,1.085190177,0.000e0,1.143753409,5.397e-2,NaN,NaN,NaN,NaN
native,photo-clic,9466a908d088d32ee73f04116c40e48c.png,1371,2048,2.807808,native,90,347510,4,2048|128|256|512,1|16|8|4,yes,1.819930553,1.819930553,0.000e0,0.000e0,0.532246709,0.532246649,5.960e-8,1.120e-7,1.819930553,1.819930553,0.000e0,1.978795886,8.729e-2,NaN,NaN,NaN,NaN
native,photo-clic,9466a908d088d32ee73f04116c40e48c.png,1371,2048,2.807808,native,85,270632,4,2048|128|256|512,1|16|8|4,yes,2.108187914,2.108187914,0.000e0,0.000e0,0.651668251,0.651668251,0.000e0,0.000e0,2.108187914,2.108187914,0.000e0,2.324910879,1.028e-1,NaN,NaN,NaN,NaN
native,photo-clic,9466a908d088d32ee73f04116c40e48c.png,1371,2048,2.807808,native,75,203230,4,2048|128|256|512,1|16|8|4,yes,2.615283966,2.615283966,0.000e0,0.000e0,0.859701514,0.859701633,1.192e-7,1.387e-7,2.615283966,2.615283966,0.000e0,2.807784557,7.361e-2,NaN,NaN,NaN,NaN
native,photo-clic,9466a908d088d32ee73f04116c40e48c.png,1371,2048,2.807808,native,65,174201,4,2048|128|256|512,1|16|8|4,yes,2.984785318,2.984785318,0.000e0,0.000e0,1.042720437,1.042720318,1.192e-7,1.143e-7,2.984785318,2.984785318,0.000e0,3.087192774,3.431e-2,NaN,NaN,NaN,NaN
native,photo-clic,9466a908d088d32ee73f04116c40e48c.png,1371,2048,2.807808,native,50,148014,4,2048|128|256|512,1|16|8|4,yes,3.154647827,3.154647827,0.000e0,0.000e0,1.243808746,1.243808746,0.000e0,0.000e0,3.154647827,3.154647827,0.000e0,3.314502954,5.067e-2,NaN,NaN,NaN,NaN
native,photo-clic,9466a908d088d32ee73f04116c40e48c.png,1371,2048,2.807808,native,35,126668,4,2048|128|256|512,1|16|8|4,yes,3.903299332,3.903299332,0.000e0,0.000e0,1.567106962,1.567107201,2.384e-7,1.521e-7,3.903299332,3.903299332,0.000e0,4.098936081,5.012e-2,NaN,NaN,NaN,NaN
native,photo-clic,9466a908d088d32ee73f04116c40e48c.png,1371,2048,2.807808,native,20,103651,4,2048|128|256|512,1|16|8|4,yes,5.306842804,5.306842804,0.000e0,0.000e0,2.379020691,2.379020691,0.000e0,0.000e0,5.306842804,5.306842804,0.000e0,5.115716934,3.601e-2,NaN,NaN,NaN,NaN
native,photo-clic,9466a908d088d32ee73f04116c40e48c.png,1371,2048,2.807808,native,10,88744,4,2048|128|256|512,1|16|8|4,yes,10.262941360,10.262941360,0.000e0,0.000e0,4.082285404,4.082285404,0.000e0,0.000e0,10.262941360,10.262941360,0.000e0,8.938562393,1.290e-1,NaN,NaN,NaN,NaN
native,photo-clic,9466a908d088d32ee73f04116c40e48c.png,1371,2048,2.807808,native,5,81968,4,2048|128|256|512,1|16|8|4,yes,21.336851120,21.336851120,0.000e0,0.000e0,8.577006340,8.577006340,0.000e0,0.000e0,21.336851120,21.336851120,0.000e0,17.782909393,1.666e-1,NaN,NaN,NaN,NaN
native,photo-clic,afe3676bbfcf7183d697ff7b5d5bd45b.png,2048,1365,2.795520,native,100,2032519,4,1364|128|256|512,2|11|6|3,yes,0.616279542,0.616279542,0.000e0,0.000e0,0.228590682,0.228590682,0.000e0,0.000e0,0.616279542,0.616279542,0.000e0,0.625353873,1.472e-2,NaN,NaN,NaN,NaN
native,photo-clic,afe3676bbfcf7183d697ff7b5d5bd45b.png,2048,1365,2.795520,native,98,1596856,4,1364|128|256|512,2|11|6|3,yes,0.725715041,0.725715041,0.000e0,0.000e0,0.276161224,0.276161224,0.000e0,0.000e0,0.725715041,0.725715041,0.000e0,0.770095170,6.115e-2,NaN,NaN,NaN,NaN
native,photo-clic,afe3676bbfcf7183d697ff7b5d5bd45b.png,2048,1365,2.795520,native,95,1135679,4,1364|128|256|512,2|11|6|3,yes,1.222273588,1.222273588,0.000e0,0.000e0,0.403135329,0.403135359,2.980e-8,7.393e-8,1.222273588,1.222273588,0.000e0,1.352277279,1.064e-1,NaN,NaN,NaN,NaN
native,photo-clic,afe3676bbfcf7183d697ff7b5d5bd45b.png,2048,1365,2.795520,native,90,789487,4,1364|128|256|512,2|11|6|3,yes,1.830165267,1.830165267,0.000e0,0.000e0,0.574233890,0.574233830,5.960e-8,1.038e-7,1.830165267,1.830165267,0.000e0,1.961700320,7.187e-2,NaN,NaN,NaN,NaN
native,photo-clic,afe3676bbfcf7183d697ff7b5d5bd45b.png,2048,1365,2.795520,native,85,634464,4,1364|128|256|512,2|11|6|3,yes,2.168159246,2.168159246,0.000e0,0.000e0,0.707121909,0.707121968,5.960e-8,8.429e-8,2.168159246,2.168159246,0.000e0,2.389380217,1.020e-1,NaN,NaN,NaN,NaN
native,photo-clic,afe3676bbfcf7183d697ff7b5d5bd45b.png,2048,1365,2.795520,native,75,474293,4,1364|128|256|512,2|11|6|3,yes,2.938808441,2.938808441,0.000e0,0.000e0,0.918748140,0.918748260,1.192e-7,1.298e-7,2.938808441,2.938808441,0.000e0,3.198176384,8.826e-2,NaN,NaN,NaN,NaN
native,photo-clic,afe3676bbfcf7183d697ff7b5d5bd45b.png,2048,1365,2.795520,native,65,395454,4,1364|128|256|512,2|11|6|3,yes,3.691106081,3.691106081,0.000e0,0.000e0,1.071495295,1.071495295,0.000e0,0.000e0,3.691106081,3.691106081,0.000e0,3.843552113,4.130e-2,NaN,NaN,NaN,NaN
native,photo-clic,afe3676bbfcf7183d697ff7b5d5bd45b.png,2048,1365,2.795520,native,50,327367,4,1364|128|256|512,2|11|6|3,yes,3.577471018,3.577471018,0.000e0,0.000e0,1.269328475,1.269328475,0.000e0,0.000e0,3.577471018,3.577471018,0.000e0,3.853749752,7.723e-2,NaN,NaN,NaN,NaN
native,photo-clic,afe3676bbfcf7183d697ff7b5d5bd45b.png,2048,1365,2.795520,native,35,268612,4,1364|128|256|512,2|11|6|3,yes,4.933633327,4.933633327,0.000e0,0.000e0,1.534456730,1.534456849,1.192e-7,7.769e-8,4.933633327,4.933633327,0.000e0,5.386887074,9.187e-2,NaN,NaN,NaN,NaN
native,photo-clic,afe3676bbfcf7183d697ff7b5d5bd45b.png,2048,1365,2.795520,native,20,196404,4,1364|128|256|512,2|11|6|3,yes,5.886611938,5.886611938,0.000e0,0.000e0,2.174987793,2.174988031,2.384e-7,1.096e-7,5.886611938,5.886611938,0.000e0,5.804214478,1.400e-2,NaN,NaN,NaN,NaN
native,photo-clic,afe3676bbfcf7183d697ff7b5d5bd45b.png,2048,1365,2.795520,native,10,140907,4,1364|128|256|512,2|11|6|3,yes,9.142833710,9.142833710,0.000e0,0.000e0,3.675247669,3.675247908,2.384e-7,6.487e-8,9.142833710,9.142833710,0.000e0,8.691477776,4.937e-2,NaN,NaN,NaN,NaN
native,photo-clic,afe3676bbfcf7183d697ff7b5d5bd45b.png,2048,1365,2.795520,native,5,107721,4,1364|128|256|512,2|11|6|3,yes,16.490652084,16.490652084,0.000e0,0.000e0,6.500226974,6.500226021,9.537e-7,1.467e-7,16.490652084,16.490652084,0.000e0,16.381168365,6.639e-3,NaN,NaN,NaN,NaN
native,photo-clic,d1a9be98d1936065967adac50a6fb750.png,2048,1270,2.600960,native,100,1045372,4,1270|128|256|512,1|10|5|3,yes,0.756045163,0.756045163,0.000e0,0.000e0,0.315519869,0.315519840,2.980e-8,9.445e-8,0.756045163,0.756045163,0.000e0,0.694684148,8.116e-2,NaN,NaN,NaN,NaN
native,photo-clic,d1a9be98d1936065967adac50a6fb750.png,2048,1270,2.600960,native,98,816654,4,1270|128|256|512,1|10|5|3,yes,0.860475302,0.860475302,0.000e0,0.000e0,0.342359215,0.342359185,2.980e-8,8.705e-8,0.860475302,0.860475302,0.000e0,0.782480478,9.064e-2,NaN,NaN,NaN,NaN
native,photo-clic,d1a9be98d1936065967adac50a6fb750.png,2048,1270,2.600960,native,95,569499,4,1270|128|256|512,1|10|5|3,yes,1.148332715,1.148332715,0.000e0,0.000e0,0.405213207,0.405213177,2.980e-8,7.355e-8,1.148332715,1.148332715,0.000e0,1.243999839,8.331e-2,NaN,NaN,NaN,NaN
native,photo-clic,d1a9be98d1936065967adac50a6fb750.png,2048,1270,2.600960,native,90,380987,4,1270|128|256|512,1|10|5|3,yes,1.561569333,1.561569333,0.000e0,0.000e0,0.541694999,0.541694939,5.960e-8,1.100e-7,1.561569333,1.561569333,0.000e0,1.732789755,1.096e-1,NaN,NaN,NaN,NaN
native,photo-clic,d1a9be98d1936065967adac50a6fb750.png,2048,1270,2.600960,native,85,302418,4,1270|128|256|512,1|10|5|3,yes,2.236914873,2.236914873,0.000e0,0.000e0,0.677784085,0.677784026,5.960e-8,8.794e-8,2.236914873,2.236914873,0.000e0,2.300687313,2.851e-2,NaN,NaN,NaN,NaN
native,photo-clic,d1a9be98d1936065967adac50a6fb750.png,2048,1270,2.600960,native,75,232284,4,1270|128|256|512,1|10|5|3,yes,2.065494537,2.065494537,0.000e0,0.000e0,0.807545125,0.807545245,1.192e-7,1.476e-7,2.065494537,2.065494537,0.000e0,2.285786629,1.067e-1,NaN,NaN,NaN,NaN
native,photo-clic,d1a9be98d1936065967adac50a6fb750.png,2048,1270,2.600960,native,65,199832,4,1270|128|256|512,1|10|5|3,yes,2.670578003,2.670578003,0.000e0,0.000e0,1.004902601,1.004902720,1.192e-7,1.186e-7,2.670578003,2.670578003,0.000e0,2.776043892,3.949e-2,NaN,NaN,NaN,NaN
native,photo-clic,d1a9be98d1936065967adac50a6fb750.png,2048,1270,2.600960,native,50,170470,4,1270|128|256|512,1|10|5|3,yes,2.961387634,2.961387634,0.000e0,0.000e0,1.199825525,1.199825644,1.192e-7,9.936e-8,2.961387634,2.961387634,0.000e0,3.137637377,5.952e-2,NaN,NaN,NaN,NaN
native,photo-clic,d1a9be98d1936065967adac50a6fb750.png,2048,1270,2.600960,native,35,146606,4,1270|128|256|512,1|10|5|3,yes,3.722340345,3.722340345,0.000e0,0.000e0,1.490539432,1.490539432,0.000e0,0.000e0,3.722340345,3.722340345,0.000e0,3.571013451,4.065e-2,NaN,NaN,NaN,NaN
native,photo-clic,d1a9be98d1936065967adac50a6fb750.png,2048,1270,2.600960,native,20,118434,4,1270|128|256|512,1|10|5|3,yes,4.978558540,4.978558540,0.000e0,0.000e0,2.128152370,2.128152370,0.000e0,0.000e0,4.978558540,4.978558540,0.000e0,4.707295895,5.449e-2,NaN,NaN,NaN,NaN
native,photo-clic,d1a9be98d1936065967adac50a6fb750.png,2048,1270,2.600960,native,10,96861,4,1270|128|256|512,1|10|5|3,yes,9.671787262,9.671787262,0.000e0,0.000e0,3.718338013,3.718337774,2.384e-7,6.412e-8,9.671787262,9.671787262,0.000e0,8.739640236,9.638e-2,NaN,NaN,NaN,NaN
native,photo-clic,d1a9be98d1936065967adac50a6fb750.png,2048,1270,2.600960,native,5,83704,4,1270|128|256|512,1|10|5|3,yes,18.262868881,18.262868881,0.000e0,0.000e0,6.777420998,6.777420998,0.000e0,0.000e0,18.262868881,18.262868881,0.000e0,15.737632751,1.383e-1,NaN,NaN,NaN,NaN
native,photo-gb82,baby-lossless.png,576,576,0.331776,native,100,170068,4,576|128|256|512,1|5|3|2,yes,0.560999632,0.560999632,0.000e0,0.000e0,0.262424827,0.262424827,0.000e0,0.000e0,0.560999632,0.560999632,0.000e0,0.549642801,2.024e-2,NaN,NaN,NaN,NaN
native,photo-gb82,baby-lossless.png,576,576,0.331776,native,98,132126,4,576|128|256|512,1|5|3|2,yes,0.640534461,0.640534461,0.000e0,0.000e0,0.314534128,0.314534187,5.960e-8,1.895e-7,0.640534461,0.640534461,0.000e0,0.662409544,3.415e-2,NaN,NaN,NaN,NaN
native,photo-gb82,baby-lossless.png,576,576,0.331776,native,95,91968,4,576|128|256|512,1|5|3|2,yes,1.026136160,1.026136160,0.000e0,0.000e0,0.427422911,0.427422881,2.980e-8,6.973e-8,1.026136160,1.026136160,0.000e0,1.083140135,5.555e-2,NaN,NaN,NaN,NaN
native,photo-gb82,baby-lossless.png,576,576,0.331776,native,90,61943,4,576|128|256|512,1|5|3|2,yes,1.348223329,1.348223329,0.000e0,0.000e0,0.579306602,0.579306483,1.192e-7,2.058e-7,1.348223329,1.348223329,0.000e0,1.455852866,7.983e-2,NaN,NaN,NaN,NaN
native,photo-gb82,baby-lossless.png,576,576,0.331776,native,85,48665,4,576|128|256|512,1|5|3|2,yes,1.743392110,1.743392110,0.000e0,0.000e0,0.696330726,0.696330905,1.788e-7,2.568e-7,1.743392110,1.743392110,0.000e0,1.895860195,8.745e-2,NaN,NaN,NaN,NaN
native,photo-gb82,baby-lossless.png,576,576,0.331776,native,75,35870,4,576|128|256|512,1|5|3|2,yes,2.244264841,2.244264841,0.000e0,0.000e0,0.892997265,0.892997324,5.960e-8,6.675e-8,2.244264841,2.244264841,0.000e0,2.411062241,7.432e-2,NaN,NaN,NaN,NaN
native,photo-gb82,baby-lossless.png,576,576,0.331776,native,65,30069,4,576|128|256|512,1|5|3|2,yes,2.413765430,2.413765430,0.000e0,0.000e0,1.057803750,1.057803750,0.000e0,0.000e0,2.413765430,2.413765430,0.000e0,2.605952978,7.962e-2,NaN,NaN,NaN,NaN
native,photo-gb82,baby-lossless.png,576,576,0.331776,native,50,25006,4,576|128|256|512,1|5|3|2,yes,2.732294321,2.732294321,0.000e0,0.000e0,1.263687849,1.263687849,0.000e0,0.000e0,2.732294321,2.732294321,0.000e0,2.695184946,1.358e-2,NaN,NaN,NaN,NaN
native,photo-gb82,baby-lossless.png,576,576,0.331776,native,35,20901,4,576|128|256|512,1|5|3|2,yes,3.425182343,3.425182343,0.000e0,0.000e0,1.569552541,1.569552422,1.192e-7,7.595e-8,3.425182343,3.425182343,0.000e0,3.634655714,6.116e-2,NaN,NaN,NaN,NaN
native,photo-gb82,baby-lossless.png,576,576,0.331776,native,20,16229,4,576|128|256|512,1|5|3|2,yes,4.643924236,4.643924236,0.000e0,0.000e0,2.478916407,2.478916407,0.000e0,0.000e0,4.643924236,4.643924236,0.000e0,4.568505764,1.624e-2,NaN,NaN,NaN,NaN
native,photo-gb82,baby-lossless.png,576,576,0.331776,native,10,12924,4,576|128|256|512,1|5|3|2,yes,8.807901382,8.807901382,0.000e0,0.000e0,3.870589018,3.870588779,2.384e-7,6.160e-8,8.807901382,8.807901382,0.000e0,8.234912872,6.505e-2,NaN,NaN,NaN,NaN
native,photo-gb82,baby-lossless.png,576,576,0.331776,native,5,11136,4,576|128|256|512,1|5|3|2,yes,15.452176094,15.452176094,0.000e0,0.000e0,7.917981625,7.917982578,9.537e-7,1.204e-7,15.452176094,15.452176094,0.000e0,14.725506783,4.703e-2,NaN,NaN,NaN,NaN
native,photo-gb82,city-lossless.png,576,576,0.331776,native,100,326016,4,576|128|256|512,1|5|3|2,yes,0.572320819,0.572320819,0.000e0,0.000e0,0.209904715,0.209904701,1.490e-8,7.099e-8,0.572320819,0.572320819,0.000e0,0.571833789,8.510e-4,NaN,NaN,NaN,NaN
native,photo-gb82,city-lossless.png,576,576,0.331776,native,98,250378,4,576|128|256|512,1|5|3|2,yes,0.665602267,0.665602267,0.000e0,0.000e0,0.238215938,0.238215908,2.980e-8,1.251e-7,0.665602267,0.665602267,0.000e0,0.684823751,2.888e-2,NaN,NaN,NaN,NaN
native,photo-gb82,city-lossless.png,576,576,0.331776,native,95,179361,4,576|128|256|512,1|5|3|2,yes,1.101698756,1.101698756,0.000e0,0.000e0,0.379990220,0.379990160,5.960e-8,1.569e-7,1.101698756,1.101698756,0.000e0,1.234292030,1.204e-1,NaN,NaN,NaN,NaN
native,photo-gb82,city-lossless.png,576,576,0.331776,native,90,126227,4,576|128|256|512,1|5|3|2,yes,1.701794028,1.701794028,0.000e0,0.000e0,0.595369220,0.595369220,0.000e0,0.000e0,1.701794028,1.701794028,0.000e0,1.885204673,1.078e-1,NaN,NaN,NaN,NaN
native,photo-gb82,city-lossless.png,576,576,0.331776,native,85,102098,4,576|128|256|512,1|5|3|2,yes,2.136944771,2.136944771,0.000e0,0.000e0,0.761627674,0.761627674,0.000e0,0.000e0,2.136944771,2.136944771,0.000e0,2.345404863,9.755e-2,NaN,NaN,NaN,NaN
native,photo-gb82,city-lossless.png,576,576,0.331776,native,75,77253,4,576|128|256|512,1|5|3|2,yes,2.649096966,2.649096966,0.000e0,0.000e0,1.011889338,1.011889338,0.000e0,0.000e0,2.649096966,2.649096966,0.000e0,2.869595289,8.324e-2,NaN,NaN,NaN,NaN
native,photo-gb82,city-lossless.png,576,576,0.331776,native,65,64286,4,576|128|256|512,1|5|3|2,yes,3.447610855,3.447610855,0.000e0,0.000e0,1.220873594,1.220873594,0.000e0,0.000e0,3.447610855,3.447610855,0.000e0,3.432314157,4.437e-3,NaN,NaN,NaN,NaN
native,photo-gb82,city-lossless.png,576,576,0.331776,native,50,52958,4,576|128|256|512,1|5|3|2,yes,3.828660727,3.828660727,0.000e0,0.000e0,1.437953711,1.437953591,1.192e-7,8.290e-8,3.828660727,3.828660727,0.000e0,3.752994061,1.976e-2,NaN,NaN,NaN,NaN
native,photo-gb82,city-lossless.png,576,576,0.331776,native,35,43351,4,576|128|256|512,1|5|3|2,yes,4.231983662,4.231983662,0.000e0,0.000e0,1.700957179,1.700957060,1.192e-7,7.008e-8,4.231983662,4.231983662,0.000e0,4.450449467,5.162e-2,NaN,NaN,NaN,NaN
native,photo-gb82,city-lossless.png,576,576,0.331776,native,20,31881,4,576|128|256|512,1|5|3|2,yes,6.037454605,6.037454605,0.000e0,0.000e0,2.267304182,2.267304182,0.000e0,0.000e0,6.037454605,6.037454605,0.000e0,6.339511871,5.003e-2,NaN,NaN,NaN,NaN
native,photo-gb82,city-lossless.png,576,576,0.331776,native,10,22233,4,576|128|256|512,1|5|3|2,yes,8.137882233,8.137882233,0.000e0,0.000e0,3.443022490,3.443022251,2.384e-7,6.925e-8,8.137882233,8.137882233,0.000e0,8.168869972,3.808e-3,NaN,NaN,NaN,NaN
native,photo-gb82,city-lossless.png,576,576,0.331776,native,5,15864,4,576|128|256|512,1|5|3|2,yes,17.083936691,17.083936691,0.000e0,0.000e0,6.071024418,6.071024895,4.768e-7,7.854e-8,17.083936691,17.083936691,0.000e0,15.086694717,1.169e-1,NaN,NaN,NaN,NaN
native,photo-gb82,flowers-lossless.png,576,576,0.331776,native,100,447691,4,576|128|256|512,1|5|3|2,yes,0.463358372,0.463358372,0.000e0,0.000e0,0.191767007,0.191767022,1.490e-8,7.770e-8,0.463358372,0.463358372,0.000e0,0.484084487,4.473e-2,NaN,NaN,NaN,NaN
native,photo-gb82,flowers-lossless.png,576,576,0.331776,native,98,337766,4,576|128|256|512,1|5|3|2,yes,0.625413120,0.625413120,0.000e0,0.000e0,0.267572582,0.267572612,2.980e-8,1.114e-7,0.625413120,0.625413120,0.000e0,0.657867193,5.189e-2,NaN,NaN,NaN,NaN
native,photo-gb82,flowers-lossless.png,576,576,0.331776,native,95,232745,4,576|128|256|512,1|5|3|2,yes,1.072389722,1.072389722,0.000e0,0.000e0,0.451500744,0.451500803,5.960e-8,1.320e-7,1.072389722,1.072389722,0.000e0,1.133238435,5.674e-2,NaN,NaN,NaN,NaN
native,photo-gb82,flowers-lossless.png,576,576,0.331776,native,90,162315,4,576|128|256|512,1|5|3|2,yes,1.525102377,1.525102377,0.000e0,0.000e0,0.668823421,0.668823481,5.960e-8,8.912e-8,1.525102377,1.525102377,0.000e0,1.655572653,8.555e-2,NaN,NaN,NaN,NaN
native,photo-gb82,flowers-lossless.png,576,576,0.331776,native,85,129653,4,576|128|256|512,1|5|3|2,yes,2.000122309,2.000122309,0.000e0,0.000e0,0.840613902,0.840613842,5.960e-8,7.091e-8,2.000122309,2.000122309,0.000e0,2.117331266,5.860e-2,NaN,NaN,NaN,NaN
native,photo-gb82,flowers-lossless.png,576,576,0.331776,native,75,95526,4,576|128|256|512,1|5|3|2,yes,2.357108831,2.357108831,0.000e0,0.000e0,1.089223385,1.089223385,0.000e0,0.000e0,2.357108831,2.357108831,0.000e0,2.615744114,1.097e-1,NaN,NaN,NaN,NaN
native,photo-gb82,flowers-lossless.png,576,576,0.331776,native,65,78544,4,576|128|256|512,1|5|3|2,yes,3.071637630,3.071637630,0.000e0,0.000e0,1.278641462,1.278641343,1.192e-7,9.323e-8,3.071637630,3.071637630,0.000e0,3.292765617,7.199e-2,NaN,NaN,NaN,NaN
native,photo-gb82,flowers-lossless.png,576,576,0.331776,native,50,63289,4,576|128|256|512,1|5|3|2,yes,3.242220879,3.242220879,0.000e0,0.000e0,1.504699826,1.504699707,1.192e-7,7.922e-8,3.242220879,3.242220879,0.000e0,3.438976765,6.069e-2,NaN,NaN,NaN,NaN
native,photo-gb82,flowers-lossless.png,576,576,0.331776,native,35,50505,4,576|128|256|512,1|5|3|2,yes,3.968075275,3.968075275,0.000e0,0.000e0,1.767233491,1.767233253,2.384e-7,1.349e-7,3.968075275,3.968075275,0.000e0,4.071372509,2.603e-2,NaN,NaN,NaN,NaN
native,photo-gb82,flowers-lossless.png,576,576,0.331776,native,20,35032,4,576|128|256|512,1|5|3|2,yes,4.809355736,4.809355736,0.000e0,0.000e0,2.359674215,2.359673977,2.384e-7,1.010e-7,4.809355736,4.809355736,0.000e0,4.590302944,4.555e-2,NaN,NaN,NaN,NaN
native,photo-gb82,flowers-lossless.png,576,576,0.331776,native,10,22745,4,576|128|256|512,1|5|3|2,yes,8.209524155,8.209524155,0.000e0,0.000e0,3.696112871,3.696112633,2.384e-7,6.451e-8,8.209524155,8.209524155,0.000e0,7.310662746,1.095e-1,NaN,NaN,NaN,NaN
native,photo-gb82,flowers-lossless.png,576,576,0.331776,native,5,15363,4,576|128|256|512,1|5|3|2,yes,13.612105370,13.612105370,0.000e0,0.000e0,6.229257584,6.229256630,9.537e-7,1.531e-7,13.612105370,13.612105370,0.000e0,12.712982178,6.605e-2,NaN,NaN,NaN,NaN
native,photo-gb82,grass-lossless.png,576,576,0.331776,native,100,401843,4,576|128|256|512,1|5|3|2,yes,0.544184566,0.544184566,0.000e0,0.000e0,0.209904626,0.209904596,2.980e-8,1.420e-7,0.544184566,0.544184566,0.000e0,0.559056699,2.733e-2,NaN,NaN,NaN,NaN
native,photo-gb82,grass-lossless.png,576,576,0.331776,native,98,303773,4,576|128|256|512,1|5|3|2,yes,0.559421360,0.559421360,0.000e0,0.000e0,0.242295653,0.242295638,1.490e-8,6.150e-8,0.559421360,0.559421360,0.000e0,0.591698349,5.770e-2,NaN,NaN,NaN,NaN
native,photo-gb82,grass-lossless.png,576,576,0.331776,native,95,211636,4,576|128|256|512,1|5|3|2,yes,1.002319098,1.002319098,0.000e0,0.000e0,0.363174349,0.363174319,2.980e-8,8.206e-8,1.002319098,1.002319098,0.000e0,1.125741839,1.231e-1,NaN,NaN,NaN,NaN
native,photo-gb82,grass-lossless.png,576,576,0.331776,native,90,148802,4,576|128|256|512,1|5|3|2,yes,1.265818834,1.265818834,0.000e0,0.000e0,0.551186442,0.551186502,5.960e-8,1.081e-7,1.265818834,1.265818834,0.000e0,1.387201309,9.589e-2,NaN,NaN,NaN,NaN
native,photo-gb82,grass-lossless.png,576,576,0.331776,native,85,119527,4,576|128|256|512,1|5|3|2,yes,1.921296835,1.921296835,0.000e0,0.000e0,0.713777959,0.713777840,1.192e-7,1.670e-7,1.921296835,1.921296835,0.000e0,2.137014866,1.123e-1,NaN,NaN,NaN,NaN
native,photo-gb82,grass-lossless.png,576,576,0.331776,native,75,88913,4,576|128|256|512,1|5|3|2,yes,2.364075899,2.364075899,0.000e0,0.000e0,0.970288396,0.970288217,1.788e-7,1.843e-7,2.364075899,2.364075899,0.000e0,2.599900246,9.975e-2,NaN,NaN,NaN,NaN
native,photo-gb82,grass-lossless.png,576,576,0.331776,native,65,73357,4,576|128|256|512,1|5|3|2,yes,2.620973110,2.620973110,0.000e0,0.000e0,1.162118793,1.162118673,1.192e-7,1.026e-7,2.620973110,2.620973110,0.000e0,2.700398207,3.030e-2,NaN,NaN,NaN,NaN
native,photo-gb82,grass-lossless.png,576,576,0.331776,native,50,59652,4,576|128|256|512,1|5|3|2,yes,3.218286037,3.218286037,0.000e0,0.000e0,1.414639354,1.414639235,1.192e-7,8.427e-8,3.218286037,3.218286037,0.000e0,3.227806568,2.958e-3,NaN,NaN,NaN,NaN
native,photo-gb82,grass-lossless.png,576,576,0.331776,native,35,48060,4,576|128|256|512,1|5|3|2,yes,3.725300312,3.725300312,0.000e0,0.000e0,1.704981327,1.704981327,0.000e0,0.000e0,3.725300312,3.725300312,0.000e0,3.917042255,5.147e-2,NaN,NaN,NaN,NaN
native,photo-gb82,grass-lossless.png,576,576,0.331776,native,20,34176,4,576|128|256|512,1|5|3|2,yes,4.749489307,4.749489307,0.000e0,0.000e0,2.367993116,2.367993116,0.000e0,0.000e0,4.749489307,4.749489307,0.000e0,4.568995953,3.800e-2,NaN,NaN,NaN,NaN
native,photo-gb82,grass-lossless.png,576,576,0.331776,native,10,22880,4,576|128|256|512,1|5|3|2,yes,8.591162682,8.591162682,0.000e0,0.000e0,4.047308922,4.047308445,4.768e-7,1.178e-7,8.591162682,8.591162682,0.000e0,7.765995979,9.605e-2,NaN,NaN,NaN,NaN
native,photo-gb82,grass-lossless.png,576,576,0.331776,native,5,15694,4,576|128|256|512,1|5|3|2,yes,15.051340103,15.051340103,0.000e0,0.000e0,6.747691154,6.747691631,4.768e-7,7.067e-8,15.051340103,15.051340103,0.000e0,13.195585251,1.233e-1,NaN,NaN,NaN,NaN
native,photo-gb82,haze-lossless.png,576,576,0.331776,native,100,137519,4,576|128|256|512,1|5|3|2,yes,0.777515769,0.777515769,0.000e0,0.000e0,0.350530326,0.350530356,2.980e-8,8.502e-8,0.777515769,0.777515769,0.000e0,0.695580721,1.054e-1,NaN,NaN,NaN,NaN
native,photo-gb82,haze-lossless.png,576,576,0.331776,native,98,108990,4,576|128|256|512,1|5|3|2,yes,0.862993836,0.862993836,0.000e0,0.000e0,0.379369020,0.379368991,2.980e-8,7.856e-8,0.862993836,0.862993836,0.000e0,0.793212354,8.086e-2,NaN,NaN,NaN,NaN
native,photo-gb82,haze-lossless.png,576,576,0.331776,native,95,74558,4,576|128|256|512,1|5|3|2,yes,1.066022635,1.066022635,0.000e0,0.000e0,0.449205697,0.449205667,2.980e-8,6.634e-8,1.066022635,1.066022635,0.000e0,1.106829405,3.828e-2,NaN,NaN,NaN,NaN
native,photo-gb82,haze-lossless.png,576,576,0.331776,native,90,45771,4,576|128|256|512,1|5|3|2,yes,1.578527689,1.578527689,0.000e0,0.000e0,0.586330652,0.586330533,1.192e-7,2.033e-7,1.578527689,1.578527689,0.000e0,1.642463803,4.050e-2,NaN,NaN,NaN,NaN
native,photo-gb82,haze-lossless.png,576,576,0.331776,native,85,33800,4,576|128|256|512,1|5|3|2,yes,1.790620565,1.790620565,0.000e0,0.000e0,0.723397434,0.723397374,5.960e-8,8.240e-8,1.790620565,1.790620565,0.000e0,1.870393395,4.455e-2,NaN,NaN,NaN,NaN
native,photo-gb82,haze-lossless.png,576,576,0.331776,native,75,22403,4,576|128|256|512,1|5|3|2,yes,2.076092720,2.076092720,0.000e0,0.000e0,0.915097415,0.915097296,1.192e-7,1.303e-7,2.076092720,2.076092720,0.000e0,2.069198370,3.321e-3,NaN,NaN,NaN,NaN
native,photo-gb82,haze-lossless.png,576,576,0.331776,native,65,18280,4,576|128|256|512,1|5|3|2,yes,2.454682112,2.454682112,0.000e0,0.000e0,1.118763804,1.118763924,1.192e-7,1.066e-7,2.454682112,2.454682112,0.000e0,2.454369545,1.273e-4,NaN,NaN,NaN,NaN
native,photo-gb82,haze-lossless.png,576,576,0.331776,native,50,15423,4,576|128|256|512,1|5|3|2,yes,2.613417864,2.613417864,0.000e0,0.000e0,1.350557804,1.350557804,0.000e0,0.000e0,2.613417864,2.613417864,0.000e0,2.479859352,5.110e-2,NaN,NaN,NaN,NaN
native,photo-gb82,haze-lossless.png,576,576,0.331776,native,35,13502,4,576|128|256|512,1|5|3|2,yes,3.608667612,3.608667612,0.000e0,0.000e0,1.659597516,1.659597278,2.384e-7,1.437e-7,3.608667612,3.608667612,0.000e0,3.272204638,9.324e-2,NaN,NaN,NaN,NaN
native,photo-gb82,haze-lossless.png,576,576,0.331776,native,20,11623,4,576|128|256|512,1|5|3|2,yes,5.153788090,5.153788090,0.000e0,0.000e0,2.441909313,2.441909552,2.384e-7,9.764e-8,5.153788090,5.153788090,0.000e0,4.885866642,5.199e-2,NaN,NaN,NaN,NaN
native,photo-gb82,haze-lossless.png,576,576,0.331776,native,10,10478,4,576|128|256|512,1|5|3|2,yes,10.060666084,10.060666084,0.000e0,0.000e0,4.438071251,4.438071728,4.768e-7,1.074e-7,10.060666084,10.060666084,0.000e0,8.729574203,1.323e-1,NaN,NaN,NaN,NaN
native,photo-gb82,haze-lossless.png,576,576,0.331776,native,5,9971,4,576|128|256|512,1|5|3|2,yes,16.895105362,16.895105362,0.000e0,0.000e0,8.896836281,8.896836281,0.000e0,0.000e0,16.895105362,16.895105362,0.000e0,14.699109077,1.300e-1,NaN,NaN,NaN,NaN
native,photo-gb82,mc1-lossless.png,576,576,0.331776,native,100,259299,4,576|128|256|512,1|5|3|2,yes,1.161820650,1.161820650,0.000e0,0.000e0,0.392081171,0.392081171,0.000e0,0.000e0,1.161820650,1.161820650,0.000e0,0.993053734,1.453e-1,NaN,NaN,NaN,NaN
native,photo-gb82,mc1-lossless.png,576,576,0.331776,native,98,196063,4,576|128|256|512,1|5|3|2,yes,1.000302792,1.000302792,0.000e0,0.000e0,0.387938201,0.387938231,2.980e-8,7.682e-8,1.000302792,1.000302792,0.000e0,0.944643557,5.564e-2,NaN,NaN,NaN,NaN
native,photo-gb82,mc1-lossless.png,576,576,0.331776,native,95,134782,4,576|128|256|512,1|5|3|2,yes,1.181936502,1.181936502,0.000e0,0.000e0,0.460009843,0.460009754,8.941e-8,1.944e-7,1.181936502,1.181936502,0.000e0,1.164385915,1.485e-2,NaN,NaN,NaN,NaN
native,photo-gb82,mc1-lossless.png,576,576,0.331776,native,90,91081,4,576|128|256|512,1|5|3|2,yes,1.794674039,1.794674039,0.000e0,0.000e0,0.623389840,0.623389840,0.000e0,0.000e0,1.794674039,1.794674039,0.000e0,1.954603434,8.911e-2,NaN,NaN,NaN,NaN
native,photo-gb82,mc1-lossless.png,576,576,0.331776,native,85,72301,4,576|128|256|512,1|5|3|2,yes,2.380222559,2.380222559,0.000e0,0.000e0,0.773865640,0.773865640,0.000e0,0.000e0,2.380222559,2.380222559,0.000e0,2.381554127,5.594e-4,NaN,NaN,NaN,NaN
native,photo-gb82,mc1-lossless.png,576,576,0.331776,native,75,53277,4,576|128|256|512,1|5|3|2,yes,2.521839857,2.521839857,0.000e0,0.000e0,0.975936890,0.975936949,5.960e-8,6.107e-8,2.521839857,2.521839857,0.000e0,2.725447178,8.074e-2,NaN,NaN,NaN,NaN
native,photo-gb82,mc1-lossless.png,576,576,0.331776,native,65,44040,4,576|128|256|512,1|5|3|2,yes,2.912914991,2.912914991,0.000e0,0.000e0,1.149944305,1.149944425,1.192e-7,1.037e-7,2.912914991,2.912914991,0.000e0,3.045797825,4.562e-2,NaN,NaN,NaN,NaN
native,photo-gb82,mc1-lossless.png,576,576,0.331776,native,50,36130,4,576|128|256|512,1|5|3|2,yes,3.202879906,3.202879906,0.000e0,0.000e0,1.374989271,1.374989271,0.000e0,0.000e0,3.202879906,3.202879906,0.000e0,3.255949974,1.657e-2,NaN,NaN,NaN,NaN
native,photo-gb82,mc1-lossless.png,576,576,0.331776,native,35,29276,4,576|128|256|512,1|5|3|2,yes,3.801029921,3.801029921,0.000e0,0.000e0,1.719308376,1.719308615,2.384e-7,1.387e-7,3.801029921,3.801029921,0.000e0,3.700032711,2.657e-2,NaN,NaN,NaN,NaN
native,photo-gb82,mc1-lossless.png,576,576,0.331776,native,20,21017,4,576|128|256|512,1|5|3|2,yes,5.951405525,5.951405525,0.000e0,0.000e0,2.567299366,2.567299366,0.000e0,0.000e0,5.951405525,5.951405525,0.000e0,5.634275436,5.329e-2,NaN,NaN,NaN,NaN
native,photo-gb82,mc1-lossless.png,576,576,0.331776,native,10,14923,4,576|128|256|512,1|5|3|2,yes,10.209147453,10.209147453,0.000e0,0.000e0,4.622006416,4.622005939,4.768e-7,1.032e-7,10.209147453,10.209147453,0.000e0,8.771438599,1.408e-1,NaN,NaN,NaN,NaN
native,photo-gb82,mc1-lossless.png,576,576,0.331776,native,5,11688,4,576|128|256|512,1|5|3|2,yes,16.284734726,16.284734726,0.000e0,0.000e0,7.927555561,7.927554607,9.537e-7,1.203e-7,16.284734726,16.284734726,0.000e0,15.000628471,7.885e-2,NaN,NaN,NaN,NaN
native,photo-gb82,mc3-lossless.png,576,576,0.331776,native,100,74780,4,576|128|256|512,1|5|3|2,yes,1.451894045,1.451894045,0.000e0,0.000e0,0.559733987,0.559733987,0.000e0,0.000e0,1.451894045,1.451894045,0.000e0,1.181061149,1.865e-1,NaN,NaN,NaN,NaN
native,photo-gb82,mc3-lossless.png,576,576,0.331776,native,98,59369,4,576|128|256|512,1|5|3|2,yes,1.451323509,1.451323509,0.000e0,0.000e0,0.563408852,0.563408792,5.960e-8,1.058e-7,1.451323509,1.451323509,0.000e0,1.180991173,1.863e-1,NaN,NaN,NaN,NaN
native,photo-gb82,mc3-lossless.png,576,576,0.331776,native,95,45876,4,576|128|256|512,1|5|3|2,yes,1.441157460,1.441157460,0.000e0,0.000e0,0.570807457,0.570807517,5.960e-8,1.044e-7,1.441157460,1.441157460,0.000e0,1.205441713,1.636e-1,NaN,NaN,NaN,NaN
native,photo-gb82,mc3-lossless.png,576,576,0.331776,native,90,30390,4,576|128|256|512,1|5|3|2,yes,1.552498817,1.552498817,0.000e0,0.000e0,0.619531512,0.619531572,5.960e-8,9.621e-8,1.552498817,1.552498817,0.000e0,1.600190997,3.072e-2,NaN,NaN,NaN,NaN
native,photo-gb82,mc3-lossless.png,576,576,0.331776,native,85,23992,4,576|128|256|512,1|5|3|2,yes,1.726993799,1.726993799,0.000e0,0.000e0,0.689595222,0.689595282,5.960e-8,8.643e-8,1.726993799,1.726993799,0.000e0,1.748764157,1.261e-2,NaN,NaN,NaN,NaN
native,photo-gb82,mc3-lossless.png,576,576,0.331776,native,75,18617,4,576|128|256|512,1|5|3|2,yes,2.123273134,2.123273134,0.000e0,0.000e0,0.901961923,0.901961863,5.960e-8,6.608e-8,2.123273134,2.123273134,0.000e0,2.022914648,4.727e-2,NaN,NaN,NaN,NaN
native,photo-gb82,mc3-lossless.png,576,576,0.331776,native,65,16303,4,576|128|256|512,1|5|3|2,yes,2.922541380,2.922541380,0.000e0,0.000e0,1.070248365,1.070248365,0.000e0,0.000e0,2.922541380,2.922541380,0.000e0,2.848267317,2.541e-2,NaN,NaN,NaN,NaN
native,photo-gb82,mc3-lossless.png,576,576,0.331776,native,50,14370,4,576|128|256|512,1|5|3|2,yes,3.114668131,3.114668131,0.000e0,0.000e0,1.333822608,1.333822608,0.000e0,0.000e0,3.114668131,3.114668131,0.000e0,3.011837244,3.302e-2,NaN,NaN,NaN,NaN
native,photo-gb82,mc3-lossless.png,576,576,0.331776,native,35,12867,4,576|128|256|512,1|5|3|2,yes,4.055237770,4.055237770,0.000e0,0.000e0,1.687000632,1.687000871,2.384e-7,1.413e-7,4.055237770,4.055237770,0.000e0,3.818049669,5.849e-2,NaN,NaN,NaN,NaN
native,photo-gb82,mc3-lossless.png,576,576,0.331776,native,20,11279,4,576|128|256|512,1|5|3|2,yes,6.274548531,6.274548531,0.000e0,0.000e0,2.914653778,2.914653301,4.768e-7,1.636e-7,6.274548531,6.274548531,0.000e0,5.514480591,1.211e-1,NaN,NaN,NaN,NaN
native,photo-gb82,mc3-lossless.png,576,576,0.331776,native,10,10338,4,576|128|256|512,1|5|3|2,yes,12.506890297,12.506890297,0.000e0,0.000e0,6.548316956,6.548316002,9.537e-7,1.456e-7,12.506890297,12.506890297,0.000e0,10.174145699,1.865e-1,NaN,NaN,NaN,NaN
native,photo-gb82,mc3-lossless.png,576,576,0.331776,native,5,9940,4,576|128|256|512,1|5|3|2,yes,15.918992996,15.918992996,0.000e0,0.000e0,6.883535385,6.883536339,9.537e-7,1.385e-7,15.918992996,15.918992996,0.000e0,13.933482170,1.247e-1,NaN,NaN,NaN,NaN
native,photo-gb82,night-lossless.png,576,576,0.331776,native,100,164286,4,576|128|256|512,1|5|3|2,yes,0.412454754,0.412454754,0.000e0,0.000e0,0.162425473,0.162425488,1.490e-8,9.174e-8,0.412454754,0.412454754,0.000e0,0.409916073,6.155e-3,NaN,NaN,NaN,NaN
native,photo-gb82,night-lossless.png,576,576,0.331776,native,98,139546,4,576|128|256|512,1|5|3|2,yes,0.568959534,0.568959534,0.000e0,0.000e0,0.207706869,0.207706869,0.000e0,0.000e0,0.568959534,0.568959534,0.000e0,0.613990605,7.915e-2,NaN,NaN,NaN,NaN
native,photo-gb82,night-lossless.png,576,576,0.331776,native,95,105886,4,576|128|256|512,1|5|3|2,yes,0.962895572,0.962895572,0.000e0,0.000e0,0.343672544,0.343672544,0.000e0,0.000e0,0.962895572,0.962895572,0.000e0,1.075093150,1.165e-1,NaN,NaN,NaN,NaN
native,photo-gb82,night-lossless.png,576,576,0.331776,native,90,74593,4,576|128|256|512,1|5|3|2,yes,1.587828040,1.587828040,0.000e0,0.000e0,0.521882594,0.521882653,5.960e-8,1.142e-7,1.587828040,1.587828040,0.000e0,1.737869024,9.449e-2,NaN,NaN,NaN,NaN
native,photo-gb82,night-lossless.png,576,576,0.331776,native,85,60603,4,576|128|256|512,1|5|3|2,yes,2.104676247,2.104676247,0.000e0,0.000e0,0.662639201,0.662639380,1.788e-7,2.699e-7,2.104676247,2.104676247,0.000e0,2.304970026,9.517e-2,NaN,NaN,NaN,NaN
native,photo-gb82,night-lossless.png,576,576,0.331776,native,75,47318,4,576|128|256|512,1|5|3|2,yes,2.570155621,2.570155621,0.000e0,0.000e0,0.884019196,0.884019196,0.000e0,0.000e0,2.570155621,2.570155621,0.000e0,2.648624659,3.053e-2,NaN,NaN,NaN,NaN
native,photo-gb82,night-lossless.png,576,576,0.331776,native,65,40529,4,576|128|256|512,1|5|3|2,yes,3.345675945,3.345675945,0.000e0,0.000e0,1.054016948,1.054017067,1.192e-7,1.131e-7,3.345675945,3.345675945,0.000e0,3.602180481,7.667e-2,NaN,NaN,NaN,NaN
native,photo-gb82,night-lossless.png,576,576,0.331776,native,50,34334,4,576|128|256|512,1|5|3|2,yes,4.049253464,4.049253464,0.000e0,0.000e0,1.260877609,1.260877728,1.192e-7,9.454e-8,4.049253464,4.049253464,0.000e0,4.177193165,3.160e-2,NaN,NaN,NaN,NaN
native,photo-gb82,night-lossless.png,576,576,0.331776,native,35,29154,4,576|128|256|512,1|5|3|2,yes,5.062805176,5.062805176,0.000e0,0.000e0,1.512188196,1.512188554,3.576e-7,2.365e-7,5.062805176,5.062805176,0.000e0,5.236178875,3.424e-2,NaN,NaN,NaN,NaN
native,photo-gb82,night-lossless.png,576,576,0.331776,native,20,22446,4,576|128|256|512,1|5|3|2,yes,6.082368374,6.082368374,0.000e0,0.000e0,2.022945404,2.022945404,0.000e0,0.000e0,6.082368374,6.082368374,0.000e0,6.214399338,2.171e-2,NaN,NaN,NaN,NaN
native,photo-gb82,night-lossless.png,576,576,0.331776,native,10,16694,4,576|128|256|512,1|5|3|2,yes,7.033084393,7.033084393,0.000e0,0.000e0,3.050271988,3.050272226,2.384e-7,7.816e-8,7.033084393,7.033084393,0.000e0,6.800372601,3.309e-2,NaN,NaN,NaN,NaN
native,photo-gb82,night-lossless.png,576,576,0.331776,native,5,12837,4,576|128|256|512,1|5|3|2,yes,13.232676506,13.232676506,0.000e0,0.000e0,5.227468967,5.227468967,0.000e0,0.000e0,13.232676506,13.232676506,0.000e0,13.122341156,8.338e-3,NaN,NaN,NaN,NaN
native,photo-gb82,path-lossless.png,576,576,0.331776,native,100,311718,4,576|128|256|512,1|5|3|2,yes,0.552572787,0.552572787,0.000e0,0.000e0,0.245362505,0.245362490,1.490e-8,6.073e-8,0.552572787,0.552572787,0.000e0,0.556865275,7.768e-3,NaN,NaN,NaN,NaN
native,photo-gb82,path-lossless.png,576,576,0.331776,native,98,237703,4,576|128|256|512,1|5|3|2,yes,0.727032363,0.727032363,0.000e0,0.000e0,0.324437231,0.324437290,5.960e-8,1.837e-7,0.727032363,0.727032363,0.000e0,0.748457909,2.947e-2,NaN,NaN,NaN,NaN
native,photo-gb82,path-lossless.png,576,576,0.331776,native,95,162934,4,576|128|256|512,1|5|3|2,yes,1.091283321,1.091283321,0.000e0,0.000e0,0.480774850,0.480774820,2.980e-8,6.199e-8,1.091283321,1.091283321,0.000e0,1.144336939,4.862e-2,NaN,NaN,NaN,NaN
native,photo-gb82,path-lossless.png,576,576,0.331776,native,90,110404,4,576|128|256|512,1|5|3|2,yes,1.513635993,1.513635993,0.000e0,0.000e0,0.673566341,0.673566461,1.192e-7,1.770e-7,1.513635993,1.513635993,0.000e0,1.605771422,6.087e-2,NaN,NaN,NaN,NaN
native,photo-gb82,path-lossless.png,576,576,0.331776,native,85,86254,4,576|128|256|512,1|5|3|2,yes,2.214459658,2.214459658,0.000e0,0.000e0,0.854128540,0.854128599,5.960e-8,6.978e-8,2.214459658,2.214459658,0.000e0,2.435891628,9.999e-2,NaN,NaN,NaN,NaN
native,photo-gb82,path-lossless.png,576,576,0.331776,native,75,62170,4,576|128|256|512,1|5|3|2,yes,2.686161518,2.686161518,0.000e0,0.000e0,1.128189325,1.128189325,0.000e0,0.000e0,2.686161518,2.686161518,0.000e0,2.820434332,4.999e-2,NaN,NaN,NaN,NaN
native,photo-gb82,path-lossless.png,576,576,0.331776,native,65,50222,4,576|128|256|512,1|5|3|2,yes,2.943761110,2.943761110,0.000e0,0.000e0,1.327751160,1.327751160,0.000e0,0.000e0,2.943761110,2.943761110,0.000e0,3.220217943,9.391e-2,NaN,NaN,NaN,NaN
native,photo-gb82,path-lossless.png,576,576,0.331776,native,50,40202,4,576|128|256|512,1|5|3|2,yes,4.455159664,4.455159664,0.000e0,0.000e0,1.579021454,1.579021335,1.192e-7,7.550e-8,4.455159664,4.455159664,0.000e0,4.920067310,1.044e-1,NaN,NaN,NaN,NaN
native,photo-gb82,path-lossless.png,576,576,0.331776,native,35,32327,4,576|128|256|512,1|5|3|2,yes,4.001986504,4.001986504,0.000e0,0.000e0,1.828384399,1.828384399,0.000e0,0.000e0,4.001986504,4.001986504,0.000e0,3.993623257,2.090e-3,NaN,NaN,NaN,NaN
native,photo-gb82,path-lossless.png,576,576,0.331776,native,20,23196,4,576|128|256|512,1|5|3|2,yes,4.996305466,4.996305466,0.000e0,0.000e0,2.441514730,2.441515207,4.768e-7,1.953e-7,4.996305466,4.996305466,0.000e0,4.693457603,6.061e-2,NaN,NaN,NaN,NaN
native,photo-gb82,path-lossless.png,576,576,0.331776,native,10,16054,4,576|128|256|512,1|5|3|2,yes,9.502503395,9.502503395,0.000e0,0.000e0,3.880873680,3.880873919,2.384e-7,6.143e-8,9.502503395,9.502503395,0.000e0,9.357187271,1.529e-2,NaN,NaN,NaN,NaN
native,photo-gb82,path-lossless.png,576,576,0.331776,native,5,12201,4,576|128|256|512,1|5|3|2,yes,15.861355782,15.861355782,0.000e0,0.000e0,6.969314575,6.969314098,4.768e-7,6.842e-8,15.861355782,15.861355782,0.000e0,14.535691261,8.358e-2,NaN,NaN,NaN,NaN
native,photo-gb82,prudential-lossless.png,576,576,0.331776,native,100,245924,4,576|128|256|512,1|5|3|2,yes,0.645774901,0.645774901,0.000e0,0.000e0,0.294132918,0.294132888,2.980e-8,1.013e-7,0.645774901,0.645774901,0.000e0,0.623819113,3.400e-2,NaN,NaN,NaN,NaN
native,photo-gb82,prudential-lossless.png,576,576,0.331776,native,98,172742,4,576|128|256|512,1|5|3|2,yes,0.720189869,0.720189869,0.000e0,0.000e0,0.340728879,0.340728879,0.000e0,0.000e0,0.720189869,0.720189869,0.000e0,0.759116888,5.405e-2,NaN,NaN,NaN,NaN
native,photo-gb82,prudential-lossless.png,576,576,0.331776,native,95,108637,4,576|128|256|512,1|5|3|2,yes,1.082404494,1.082404494,0.000e0,0.000e0,0.435390621,0.435390681,5.960e-8,1.369e-7,1.082404494,1.082404494,0.000e0,1.188191295,9.773e-2,NaN,NaN,NaN,NaN
native,photo-gb82,prudential-lossless.png,576,576,0.331776,native,90,68372,4,576|128|256|512,1|5|3|2,yes,1.621982694,1.621982694,0.000e0,0.000e0,0.587111115,0.587111175,5.960e-8,1.015e-7,1.621982694,1.621982694,0.000e0,1.769606948,9.101e-2,NaN,NaN,NaN,NaN
native,photo-gb82,prudential-lossless.png,576,576,0.331776,native,85,51329,4,576|128|256|512,1|5|3|2,yes,1.841557741,1.841557741,0.000e0,0.000e0,0.713490605,0.713490486,1.192e-7,1.671e-7,1.841557741,1.841557741,0.000e0,1.935555577,5.104e-2,NaN,NaN,NaN,NaN
native,photo-gb82,prudential-lossless.png,576,576,0.331776,native,75,35817,4,576|128|256|512,1|5|3|2,yes,2.514388561,2.514388561,0.000e0,0.000e0,0.917715430,0.917715430,0.000e0,0.000e0,2.514388561,2.514388561,0.000e0,2.686543226,6.847e-2,NaN,NaN,NaN,NaN
native,photo-gb82,prudential-lossless.png,576,576,0.331776,native,65,29682,4,576|128|256|512,1|5|3|2,yes,3.380136013,3.380136013,0.000e0,0.000e0,1.075842857,1.075842857,0.000e0,0.000e0,3.380136013,3.380136013,0.000e0,3.699762344,9.456e-2,NaN,NaN,NaN,NaN
native,photo-gb82,prudential-lossless.png,576,576,0.331776,native,50,24646,4,576|128|256|512,1|5|3|2,yes,3.460271358,3.460271358,0.000e0,0.000e0,1.265197396,1.265197515,1.192e-7,9.422e-8,3.460271358,3.460271358,0.000e0,3.553538799,2.695e-2,NaN,NaN,NaN,NaN
native,photo-gb82,prudential-lossless.png,576,576,0.331776,native,35,20719,4,576|128|256|512,1|5|3|2,yes,3.994877100,3.994877100,0.000e0,0.000e0,1.502234817,1.502234817,0.000e0,0.000e0,3.994877100,3.994877100,0.000e0,4.034731865,9.976e-3,NaN,NaN,NaN,NaN
native,photo-gb82,prudential-lossless.png,576,576,0.331776,native,20,16213,4,576|128|256|512,1|5|3|2,yes,5.018143654,5.018143654,0.000e0,0.000e0,2.017727852,2.017727852,0.000e0,0.000e0,5.018143654,5.018143654,0.000e0,5.010099411,1.603e-3,NaN,NaN,NaN,NaN
native,photo-gb82,prudential-lossless.png,576,576,0.331776,native,10,12893,4,576|128|256|512,1|5|3|2,yes,7.636171818,7.636171818,0.000e0,0.000e0,3.268956184,3.268955708,4.768e-7,1.459e-7,7.636171818,7.636171818,0.000e0,7.087232113,7.189e-2,NaN,NaN,NaN,NaN
native,photo-gb82,prudential-lossless.png,576,576,0.331776,native,5,11174,4,576|128|256|512,1|5|3|2,yes,15.150717735,15.150717735,0.000e0,0.000e0,5.567557335,5.567557812,4.768e-7,8.565e-8,15.150717735,15.150717735,0.000e0,13.908274651,8.201e-2,NaN,NaN,NaN,NaN
native,photo-gb82,reflect-lossless.png,576,576,0.331776,native,100,257908,4,576|128|256|512,1|5|3|2,yes,0.720210552,0.720210552,0.000e0,0.000e0,0.271231234,0.271231174,5.960e-8,2.198e-7,0.720210552,0.720210552,0.000e0,0.689088702,4.321e-2,NaN,NaN,NaN,NaN
native,photo-gb82,reflect-lossless.png,576,576,0.331776,native,98,198806,4,576|128|256|512,1|5|3|2,yes,0.710068047,0.710068047,0.000e0,0.000e0,0.316221982,0.316221982,0.000e0,0.000e0,0.710068047,0.710068047,0.000e0,0.732439220,3.151e-2,NaN,NaN,NaN,NaN
native,photo-gb82,reflect-lossless.png,576,576,0.331776,native,95,138891,4,576|128|256|512,1|5|3|2,yes,1.267217875,1.267217875,0.000e0,0.000e0,0.465153128,0.465153128,0.000e0,0.000e0,1.267217875,1.267217875,0.000e0,1.407689571,1.109e-1,NaN,NaN,NaN,NaN
native,photo-gb82,reflect-lossless.png,576,576,0.331776,native,90,94839,4,576|128|256|512,1|5|3|2,yes,1.848756194,1.848756194,0.000e0,0.000e0,0.652502179,0.652502239,5.960e-8,9.135e-8,1.848756194,1.848756194,0.000e0,2.055166483,1.116e-1,NaN,NaN,NaN,NaN
native,photo-gb82,reflect-lossless.png,576,576,0.331776,native,85,75580,4,576|128|256|512,1|5|3|2,yes,2.166642904,2.166642904,0.000e0,0.000e0,0.790104270,0.790104330,5.960e-8,7.544e-8,2.166642904,2.166642904,0.000e0,2.356189966,8.748e-2,NaN,NaN,NaN,NaN
native,photo-gb82,reflect-lossless.png,576,576,0.331776,native,75,55985,4,576|128|256|512,1|5|3|2,yes,2.781010389,2.781010389,0.000e0,0.000e0,1.021349788,1.021349788,0.000e0,0.000e0,2.781010389,2.781010389,0.000e0,2.983145237,7.268e-2,NaN,NaN,NaN,NaN
native,photo-gb82,reflect-lossless.png,576,576,0.331776,native,65,46243,4,576|128|256|512,1|5|3|2,yes,3.338020325,3.338020325,0.000e0,0.000e0,1.184885144,1.184885144,0.000e0,0.000e0,3.338020325,3.338020325,0.000e0,3.311015129,8.090e-3,NaN,NaN,NaN,NaN
native,photo-gb82,reflect-lossless.png,576,576,0.331776,native,50,37895,4,576|128|256|512,1|5|3|2,yes,3.600856543,3.600856543,0.000e0,0.000e0,1.423599482,1.423599482,0.000e0,0.000e0,3.600856543,3.600856543,0.000e0,3.857577801,7.129e-2,NaN,NaN,NaN,NaN
native,photo-gb82,reflect-lossless.png,576,576,0.331776,native,35,30600,4,576|128|256|512,1|5|3|2,yes,3.984074116,3.984074116,0.000e0,0.000e0,1.734809756,1.734809518,2.384e-7,1.374e-7,3.984074116,3.984074116,0.000e0,3.797131300,4.692e-2,NaN,NaN,NaN,NaN
native,photo-gb82,reflect-lossless.png,576,576,0.331776,native,20,21989,4,576|128|256|512,1|5|3|2,yes,5.717142582,5.717142582,0.000e0,0.000e0,2.492254257,2.492254257,0.000e0,0.000e0,5.717142582,5.717142582,0.000e0,5.801962852,1.484e-2,NaN,NaN,NaN,NaN
native,photo-gb82,reflect-lossless.png,576,576,0.331776,native,10,15475,4,576|128|256|512,1|5|3|2,yes,10.329796791,10.329796791,0.000e0,0.000e0,4.236984730,4.236984253,4.768e-7,1.125e-7,10.329796791,10.329796791,0.000e0,9.881385803,4.341e-2,NaN,NaN,NaN,NaN
native,photo-gb82,reflect-lossless.png,576,576,0.331776,native,5,11845,4,576|128|256|512,1|5|3|2,yes,17.463005066,17.463005066,0.000e0,0.000e0,7.552326679,7.552327156,4.768e-7,6.314e-8,17.463005066,17.463005066,0.000e0,15.249417305,1.268e-1,NaN,NaN,NaN,NaN
native,photo-gb82,sumac-lossless.png,576,576,0.331776,native,100,349062,4,576|128|256|512,1|5|3|2,yes,0.544254005,0.544254005,0.000e0,0.000e0,0.223821416,0.223821446,2.980e-8,1.332e-7,0.544254005,0.544254005,0.000e0,0.533900082,1.902e-2,NaN,NaN,NaN,NaN
native,photo-gb82,sumac-lossless.png,576,576,0.331776,native,98,263829,4,576|128|256|512,1|5|3|2,yes,0.577278495,0.577278495,0.000e0,0.000e0,0.281277776,0.281277806,2.980e-8,1.060e-7,0.577278495,0.577278495,0.000e0,0.606918991,5.135e-2,NaN,NaN,NaN,NaN
native,photo-gb82,sumac-lossless.png,576,576,0.331776,native,95,184437,4,576|128|256|512,1|5|3|2,yes,1.029994607,1.029994607,0.000e0,0.000e0,0.409989506,0.409989446,5.960e-8,1.454e-7,1.029994607,1.029994607,0.000e0,1.128185630,9.533e-2,NaN,NaN,NaN,NaN
native,photo-gb82,sumac-lossless.png,576,576,0.331776,native,90,130318,4,576|128|256|512,1|5|3|2,yes,1.625596166,1.625596166,0.000e0,0.000e0,0.580156505,0.580156446,5.960e-8,1.027e-7,1.625596166,1.625596166,0.000e0,1.784690976,9.787e-2,NaN,NaN,NaN,NaN
native,photo-gb82,sumac-lossless.png,576,576,0.331776,native,85,105640,4,576|128|256|512,1|5|3|2,yes,1.801649451,1.801649451,0.000e0,0.000e0,0.706784248,0.706784189,5.960e-8,8.433e-8,1.801649451,1.801649451,0.000e0,1.953313112,8.418e-2,NaN,NaN,NaN,NaN
native,photo-gb82,sumac-lossless.png,576,576,0.331776,native,75,79371,4,576|128|256|512,1|5|3|2,yes,2.436938286,2.436938286,0.000e0,0.000e0,0.914047778,0.914047718,5.960e-8,6.521e-8,2.436938286,2.436938286,0.000e0,2.675653219,9.796e-2,NaN,NaN,NaN,NaN
native,photo-gb82,sumac-lossless.png,576,576,0.331776,native,65,66119,4,576|128|256|512,1|5|3|2,yes,2.838972569,2.838972569,0.000e0,0.000e0,1.061322570,1.061322689,1.192e-7,1.123e-7,2.838972569,2.838972569,0.000e0,2.830463171,2.997e-3,NaN,NaN,NaN,NaN
native,photo-gb82,sumac-lossless.png,576,576,0.331776,native,50,54384,4,576|128|256|512,1|5|3|2,yes,3.583840132,3.583840132,0.000e0,0.000e0,1.270476937,1.270476818,1.192e-7,9.383e-8,3.583840132,3.583840132,0.000e0,3.796929359,5.946e-2,NaN,NaN,NaN,NaN
native,photo-gb82,sumac-lossless.png,576,576,0.331776,native,35,44249,4,576|128|256|512,1|5|3|2,yes,3.528496027,3.528496027,0.000e0,0.000e0,1.541861176,1.541861296,1.192e-7,7.732e-8,3.528496027,3.528496027,0.000e0,3.659735441,3.719e-2,NaN,NaN,NaN,NaN
native,photo-gb82,sumac-lossless.png,576,576,0.331776,native,20,31649,4,576|128|256|512,1|5|3|2,yes,4.848651409,4.848651409,0.000e0,0.000e0,2.229014635,2.229014635,0.000e0,0.000e0,4.848651409,4.848651409,0.000e0,4.649086475,4.116e-2,NaN,NaN,NaN,NaN
native,photo-gb82,sumac-lossless.png,576,576,0.331776,native,10,21895,4,576|128|256|512,1|5|3|2,yes,8.592658997,8.592658997,0.000e0,0.000e0,3.763588667,3.763588667,0.000e0,0.000e0,8.592658997,8.592658997,0.000e0,8.464422226,1.492e-2,NaN,NaN,NaN,NaN
native,photo-gb82,sumac-lossless.png,576,576,0.331776,native,5,15859,4,576|128|256|512,1|5|3|2,yes,15.142881393,15.142881393,0.000e0,0.000e0,6.680452824,6.680453300,4.768e-7,7.138e-8,15.142881393,15.142881393,0.000e0,13.910202026,8.140e-2,NaN,NaN,NaN,NaN
native,photo-gb82,waves-lossless.png,576,576,0.331776,native,100,311494,4,576|128|256|512,1|5|3|2,yes,0.567208529,0.567208529,0.000e0,0.000e0,0.218123347,0.218123347,0.000e0,0.000e0,0.567208529,0.567208529,0.000e0,0.534895539,5.697e-2,NaN,NaN,NaN,NaN
native,photo-gb82,waves-lossless.png,576,576,0.331776,native,98,243653,4,576|128|256|512,1|5|3|2,yes,0.601893723,0.601893723,0.000e0,0.000e0,0.279369175,0.279369175,0.000e0,0.000e0,0.601893723,0.601893723,0.000e0,0.599057317,4.712e-3,NaN,NaN,NaN,NaN
native,photo-gb82,waves-lossless.png,576,576,0.331776,native,95,174439,4,576|128|256|512,1|5|3|2,yes,1.034807920,1.034807920,0.000e0,0.000e0,0.473935813,0.473935753,5.960e-8,1.258e-7,1.034807920,1.034807920,0.000e0,1.089582443,5.293e-2,NaN,NaN,NaN,NaN
native,photo-gb82,waves-lossless.png,576,576,0.331776,native,90,118283,4,576|128|256|512,1|5|3|2,yes,1.578384638,1.578384638,0.000e0,0.000e0,0.707121134,0.707121074,5.960e-8,8.429e-8,1.578384638,1.578384638,0.000e0,1.638679624,3.820e-2,NaN,NaN,NaN,NaN
native,photo-gb82,waves-lossless.png,576,576,0.331776,native,85,92783,4,576|128|256|512,1|5|3|2,yes,1.897477508,1.897477508,0.000e0,0.000e0,0.870760143,0.870760262,1.192e-7,1.369e-7,1.897477508,1.897477508,0.000e0,2.049538851,8.014e-2,NaN,NaN,NaN,NaN
native,photo-gb82,waves-lossless.png,576,576,0.331776,native,75,68714,4,576|128|256|512,1|5|3|2,yes,2.364290953,2.364290953,0.000e0,0.000e0,1.104810834,1.104810715,1.192e-7,1.079e-7,2.364290953,2.364290953,0.000e0,2.550893307,7.893e-2,NaN,NaN,NaN,NaN
native,photo-gb82,waves-lossless.png,576,576,0.331776,native,65,56924,4,576|128|256|512,1|5|3|2,yes,2.562596560,2.562596560,0.000e0,0.000e0,1.271154881,1.271154881,0.000e0,0.000e0,2.562596560,2.562596560,0.000e0,2.789881468,8.869e-2,NaN,NaN,NaN,NaN
native,photo-gb82,waves-lossless.png,576,576,0.331776,native,50,46670,4,576|128|256|512,1|5|3|2,yes,2.954357624,2.954357624,0.000e0,0.000e0,1.492148280,1.492148280,0.000e0,0.000e0,2.954357624,2.954357624,0.000e0,3.144619942,6.440e-2,NaN,NaN,NaN,NaN
native,photo-gb82,waves-lossless.png,576,576,0.331776,native,35,37798,4,576|128|256|512,1|5|3|2,yes,3.309597969,3.309597969,0.000e0,0.000e0,1.765452862,1.765453339,4.768e-7,2.701e-7,3.309597969,3.309597969,0.000e0,3.446930885,4.150e-2,NaN,NaN,NaN,NaN
native,photo-gb82,waves-lossless.png,576,576,0.331776,native,20,26649,4,576|128|256|512,1|5|3|2,yes,4.737903595,4.737903595,0.000e0,0.000e0,2.451175213,2.451175451,2.384e-7,9.727e-8,4.737903595,4.737903595,0.000e0,4.688919067,1.034e-2,NaN,NaN,NaN,NaN
native,photo-gb82,waves-lossless.png,576,576,0.331776,native,10,17999,4,576|128|256|512,1|5|3|2,yes,8.078274727,8.078274727,0.000e0,0.000e0,4.008989811,4.008990288,4.768e-7,1.189e-7,8.078274727,8.078274727,0.000e0,7.802301884,3.416e-2,NaN,NaN,NaN,NaN
native,photo-gb82,waves-lossless.png,576,576,0.331776,native,5,13072,4,576|128|256|512,1|5|3|2,yes,14.753416061,14.753416061,0.000e0,0.000e0,6.714973450,6.714972496,9.537e-7,1.420e-7,14.753416061,14.753416061,0.000e0,13.859899521,6.056e-2,NaN,NaN,NaN,NaN
native,screen-gb82sc,codec_wiki.png,2560,1664,4.259840,native,100,551833,4,1664|128|256|512,1|13|7|4,yes,1.377507210,1.377507210,0.000e0,0.000e0,0.522484541,0.522484660,1.192e-7,2.282e-7,1.377507210,1.377507210,0.000e0,1.167076468,1.528e-1,NaN,NaN,NaN,NaN
native,screen-gb82sc,codec_wiki.png,2560,1664,4.259840,native,98,456006,4,1664|128|256|512,1|13|7|4,yes,1.377920985,1.377920985,0.000e0,0.000e0,0.522667408,0.522667587,1.788e-7,3.421e-7,1.377920985,1.377920985,0.000e0,1.167076468,1.530e-1,NaN,NaN,NaN,NaN
native,screen-gb82sc,codec_wiki.png,2560,1664,4.259840,native,95,373859,4,1664|128|256|512,1|13|7|4,yes,1.596645594,1.596645594,0.000e0,0.000e0,0.530394316,0.530394554,2.384e-7,4.495e-7,1.596645594,1.596645594,0.000e0,1.655363083,3.678e-2,NaN,NaN,NaN,NaN
native,screen-gb82sc,codec_wiki.png,2560,1664,4.259840,native,90,308978,4,1664|128|256|512,1|13|7|4,yes,2.487901688,2.487901688,0.000e0,0.000e0,0.644238532,0.644238532,0.000e0,0.000e0,2.487901688,2.487901688,0.000e0,2.655317068,6.729e-2,NaN,NaN,NaN,NaN
native,screen-gb82sc,codec_wiki.png,2560,1664,4.259840,native,85,277807,4,1664|128|256|512,1|13|7|4,yes,3.329443693,3.329443693,0.000e0,0.000e0,0.813955903,0.813956022,1.192e-7,1.465e-7,3.329443693,3.329443693,0.000e0,3.570531845,7.241e-2,NaN,NaN,NaN,NaN
native,screen-gb82sc,codec_wiki.png,2560,1664,4.259840,native,75,243533,4,1664|128|256|512,1|13|7|4,yes,4.324304104,4.324304104,0.000e0,0.000e0,1.087282419,1.087282419,0.000e0,0.000e0,4.324304104,4.324304104,0.000e0,4.815967560,1.137e-1,NaN,NaN,NaN,NaN
native,screen-gb82sc,codec_wiki.png,2560,1664,4.259840,native,65,220696,4,1664|128|256|512,1|13|7|4,yes,5.638615131,5.638615131,0.000e0,0.000e0,1.506157517,1.506157517,0.000e0,0.000e0,5.638615131,5.638615131,0.000e0,6.349481106,1.261e-1,NaN,NaN,NaN,NaN
native,screen-gb82sc,codec_wiki.png,2560,1664,4.259840,native,50,202718,4,1664|128|256|512,1|13|7|4,yes,5.819847107,5.819847107,0.000e0,0.000e0,1.541039705,1.541039944,2.384e-7,1.547e-7,5.819847107,5.819847107,0.000e0,6.378112316,9.592e-2,NaN,NaN,NaN,NaN
native,screen-gb82sc,codec_wiki.png,2560,1664,4.259840,native,35,185447,4,1664|128|256|512,1|13|7|4,yes,7.477275372,7.477275372,0.000e0,0.000e0,2.183387995,2.183388472,4.768e-7,2.184e-7,7.477275372,7.477275372,0.000e0,7.121239662,4.762e-2,NaN,NaN,NaN,NaN
native,screen-gb82sc,codec_wiki.png,2560,1664,4.259840,native,20,163715,4,1664|128|256|512,1|13|7|4,yes,8.610325813,8.610325813,0.000e0,0.000e0,4.641271591,4.641271591,0.000e0,0.000e0,8.610325813,8.610325813,0.000e0,8.136600494,5.502e-2,NaN,NaN,NaN,NaN
native,screen-gb82sc,codec_wiki.png,2560,1664,4.259840,native,10,146041,4,1664|128|256|512,1|13|7|4,yes,14.583471298,14.583471298,0.000e0,0.000e0,3.983332634,3.983333349,7.153e-7,1.796e-7,14.583471298,14.583471298,0.000e0,13.001579285,1.085e-1,NaN,NaN,NaN,NaN
native,screen-gb82sc,codec_wiki.png,2560,1664,4.259840,native,5,134730,4,1664|128|256|512,1|13|7|4,yes,31.620252609,31.620252609,0.000e0,0.000e0,25.060556412,25.060565948,9.537e-6,3.805e-7,31.620252609,31.620252609,0.000e0,23.468919754,2.578e-1,NaN,NaN,NaN,NaN
native,screen-gb82sc,gmessages.png,1440,3088,4.446720,native,100,486634,4,3088|128|256|512,1|25|13|7,yes,0.404865086,0.404865086,0.000e0,0.000e0,0.093721867,0.093721867,0.000e0,0.000e0,0.404865086,0.404865086,0.000e0,0.437432796,8.044e-2,NaN,NaN,NaN,NaN
native,screen-gb82sc,gmessages.png,1440,3088,4.446720,native,98,430985,4,3088|128|256|512,1|25|13|7,yes,0.696723163,0.696723163,0.000e0,0.000e0,0.152853936,0.152853936,0.000e0,0.000e0,0.696723163,0.696723163,0.000e0,0.776381493,1.143e-1,NaN,NaN,NaN,NaN
native,screen-gb82sc,gmessages.png,1440,3088,4.446720,native,95,364314,4,3088|128|256|512,1|25|13|7,yes,1.272884369,1.272884369,0.000e0,0.000e0,0.296887457,0.296887457,0.000e0,0.000e0,1.272884369,1.272884369,0.000e0,1.398533106,9.871e-2,NaN,NaN,NaN,NaN
native,screen-gb82sc,gmessages.png,1440,3088,4.446720,native,90,301525,4,3088|128|256|512,1|25|13|7,yes,2.142403364,2.142403364,0.000e0,0.000e0,0.497127086,0.497127235,1.490e-7,2.997e-7,2.142403364,2.142403364,0.000e0,2.354219198,9.887e-2,NaN,NaN,NaN,NaN
native,screen-gb82sc,gmessages.png,1440,3088,4.446720,native,85,270051,4,3088|128|256|512,1|25|13|7,yes,2.877392054,2.877392054,0.000e0,0.000e0,0.649892747,0.649892747,0.000e0,0.000e0,2.877392054,2.877392054,0.000e0,3.217106342,1.181e-1,NaN,NaN,NaN,NaN
native,screen-gb82sc,gmessages.png,1440,3088,4.446720,native,75,238139,4,3088|128|256|512,1|25|13|7,yes,3.659060955,3.659060955,0.000e0,0.000e0,0.853397727,0.853397727,0.000e0,0.000e0,3.659060955,3.659060955,0.000e0,4.057286739,1.088e-1,NaN,NaN,NaN,NaN
native,screen-gb82sc,gmessages.png,1440,3088,4.446720,native,65,219322,4,3088|128|256|512,1|25|13|7,yes,5.059626579,5.059626579,0.000e0,0.000e0,1.109681010,1.109680772,2.384e-7,2.149e-7,5.059626579,5.059626579,0.000e0,5.695411682,1.257e-1,NaN,NaN,NaN,NaN
native,screen-gb82sc,gmessages.png,1440,3088,4.446720,native,50,202054,4,3088|128|256|512,1|25|13|7,yes,5.006775856,5.006775856,0.000e0,0.000e0,1.269682527,1.269682765,2.384e-7,1.878e-7,5.006775856,5.006775856,0.000e0,5.517754078,1.021e-1,NaN,NaN,NaN,NaN
native,screen-gb82sc,gmessages.png,1440,3088,4.446720,native,35,187963,4,3088|128|256|512,1|25|13|7,yes,6.039200306,6.039200306,0.000e0,0.000e0,1.470549822,1.470550179,3.576e-7,2.432e-7,6.039200306,6.039200306,0.000e0,6.505960464,7.729e-2,NaN,NaN,NaN,NaN
native,screen-gb82sc,gmessages.png,1440,3088,4.446720,native,20,168182,4,3088|128|256|512,1|25|13|7,yes,6.956251144,6.956251144,0.000e0,0.000e0,2.350464582,2.350468636,4.053e-6,1.724e-6,6.956251144,6.956251144,0.000e0,7.335312366,5.449e-2,NaN,NaN,NaN,NaN
native,screen-gb82sc,gmessages.png,1440,3088,4.446720,native,10,151560,4,3088|128|256|512,1|25|13|7,yes,9.736613274,9.736613274,0.000e0,0.000e0,3.688675880,3.688675404,4.768e-7,1.293e-7,9.736613274,9.736613274,0.000e0,9.450652122,2.937e-2,NaN,NaN,NaN,NaN
native,screen-gb82sc,gmessages.png,1440,3088,4.446720,native,5,139315,4,3088|128|256|512,1|25|13|7,yes,16.092935562,16.092935562,0.000e0,0.000e0,7.438292027,7.438289642,2.384e-6,3.205e-7,16.092935562,16.092935562,0.000e0,15.366837502,4.512e-2,NaN,NaN,NaN,NaN
native,screen-gb82sc,graph.png,796,481,0.382876,native,100,93039,4,480|128|256|480,2|4|2|2,yes,1.208746910,1.208746910,0.000e0,0.000e0,0.992001832,0.992001832,0.000e0,0.000e0,1.208746910,1.208746910,0.000e0,0.895371139,2.593e-1,NaN,NaN,NaN,NaN
native,screen-gb82sc,graph.png,796,481,0.382876,native,98,74799,4,480|128|256|480,2|4|2|2,yes,1.208746910,1.208746910,0.000e0,0.000e0,0.990808725,0.990808725,0.000e0,0.000e0,1.208746910,1.208746910,0.000e0,0.921973586,2.372e-1,NaN,NaN,NaN,NaN
native,screen-gb82sc,graph.png,796,481,0.382876,native,95,56760,4,480|128|256|480,2|4|2|2,yes,1.612339020,1.612339020,0.000e0,0.000e0,0.995927811,0.995927811,0.000e0,0.000e0,1.612339020,1.612339020,0.000e0,1.683789730,4.431e-2,NaN,NaN,NaN,NaN
native,screen-gb82sc,graph.png,796,481,0.382876,native,90,45204,4,480|128|256|480,2|4|2|2,yes,2.563463449,2.563463449,0.000e0,0.000e0,1.053860426,1.053860307,1.192e-7,1.131e-7,2.563463449,2.563463449,0.000e0,2.820046663,1.001e-1,NaN,NaN,NaN,NaN
native,screen-gb82sc,graph.png,796,481,0.382876,native,85,39476,4,480|128|256|480,2|4|2|2,yes,3.282095194,3.282095194,0.000e0,0.000e0,1.184449196,1.184449196,0.000e0,0.000e0,3.282095194,3.282095194,0.000e0,3.542847395,7.945e-2,NaN,NaN,NaN,NaN
native,screen-gb82sc,graph.png,796,481,0.382876,native,75,32956,4,480|128|256|480,2|4|2|2,yes,4.302218437,4.302218437,0.000e0,0.000e0,1.435441494,1.435441494,0.000e0,0.000e0,4.302218437,4.302218437,0.000e0,4.555302143,5.883e-2,NaN,NaN,NaN,NaN
native,screen-gb82sc,graph.png,796,481,0.382876,native,65,29813,4,480|128|256|480,2|4|2|2,yes,5.510843754,5.510843754,0.000e0,0.000e0,1.711883068,1.711883068,0.000e0,0.000e0,5.510843754,5.510843754,0.000e0,5.683259964,3.129e-2,NaN,NaN,NaN,NaN
native,screen-gb82sc,graph.png,796,481,0.382876,native,50,26197,4,480|128|256|480,2|4|2|2,yes,6.454276085,6.454276085,0.000e0,0.000e0,1.853425622,1.853425860,2.384e-7,1.286e-7,6.454276085,6.454276085,0.000e0,7.067292213,9.498e-2,NaN,NaN,NaN,NaN
native,screen-gb82sc,graph.png,796,481,0.382876,native,35,23664,4,480|128|256|480,2|4|2|2,yes,7.322246075,7.322246075,0.000e0,0.000e0,2.138650417,2.138650656,2.384e-7,1.115e-7,7.322246075,7.322246075,0.000e0,7.813024521,6.703e-2,NaN,NaN,NaN,NaN
native,screen-gb82sc,graph.png,796,481,0.382876,native,20,19324,4,480|128|256|480,2|4|2|2,yes,8.690391541,8.690391541,0.000e0,0.000e0,4.782204151,4.782204151,0.000e0,0.000e0,8.690391541,8.690391541,0.000e0,8.339468002,4.038e-2,NaN,NaN,NaN,NaN
native,screen-gb82sc,graph.png,796,481,0.382876,native,10,16233,4,480|128|256|480,2|4|2|2,yes,10.061270714,10.061270714,0.000e0,0.000e0,4.150574684,4.150575161,4.768e-7,1.149e-7,10.061270714,10.061270714,0.000e0,9.575643539,4.827e-2,NaN,NaN,NaN,NaN
native,screen-gb82sc,graph.png,796,481,0.382876,native,5,13762,4,480|128|256|480,2|4|2|2,yes,14.716190338,14.716190338,0.000e0,0.000e0,5.890808582,5.890807629,9.537e-7,1.619e-7,14.716190338,14.716190338,0.000e0,14.212036133,3.426e-2,NaN,NaN,NaN,NaN
native,screen-gb82sc,gui.png,1356,1132,1.534992,native,100,142801,4,1132|128|256|512,1|9|5|3,yes,0.491929501,0.491929501,0.000e0,0.000e0,0.108624734,0.108624741,7.451e-9,6.859e-8,0.491929501,0.491929501,0.000e0,0.515281618,4.747e-2,NaN,NaN,NaN,NaN
native,screen-gb82sc,gui.png,1356,1132,1.534992,native,98,130710,4,1132|128|256|512,1|9|5|3,yes,0.637030661,0.637030661,0.000e0,0.000e0,0.159970924,0.159970924,0.000e0,0.000e0,0.637030661,0.637030661,0.000e0,0.716394365,1.246e-1,NaN,NaN,NaN,NaN
native,screen-gb82sc,gui.png,1356,1132,1.534992,native,95,113695,4,1132|128|256|512,1|9|5|3,yes,1.224458456,1.224458456,0.000e0,0.000e0,0.298550367,0.298550367,0.000e0,0.000e0,1.224458456,1.224458456,0.000e0,1.364447117,1.143e-1,NaN,NaN,NaN,NaN
native,screen-gb82sc,gui.png,1356,1132,1.534992,native,90,94442,4,1132|128|256|512,1|9|5|3,yes,2.054998159,2.054998159,0.000e0,0.000e0,0.462632537,0.462632507,2.980e-8,6.442e-8,2.054998159,2.054998159,0.000e0,2.336266994,1.369e-1,NaN,NaN,NaN,NaN
native,screen-gb82sc,gui.png,1356,1132,1.534992,native,85,85370,4,1132|128|256|512,1|9|5|3,yes,2.556227446,2.556227446,0.000e0,0.000e0,0.592532039,0.592532039,0.000e0,0.000e0,2.556227446,2.556227446,0.000e0,2.824848175,1.051e-1,NaN,NaN,NaN,NaN
native,screen-gb82sc,gui.png,1356,1132,1.534992,native,75,75892,4,1132|128|256|512,1|9|5|3,yes,3.685241699,3.685241699,0.000e0,0.000e0,0.789553642,0.789553702,5.960e-8,7.549e-8,3.685241699,3.685241699,0.000e0,4.075564861,1.059e-1,NaN,NaN,NaN,NaN
native,screen-gb82sc,gui.png,1356,1132,1.534992,native,65,69809,4,1132|128|256|512,1|9|5|3,yes,3.977741718,3.977741718,0.000e0,0.000e0,0.931770623,0.931770623,0.000e0,0.000e0,3.977741718,3.977741718,0.000e0,4.521194458,1.366e-1,NaN,NaN,NaN,NaN
native,screen-gb82sc,gui.png,1356,1132,1.534992,native,50,64921,4,1132|128|256|512,1|9|5|3,yes,4.482543945,4.482543945,0.000e0,0.000e0,1.078999639,1.078999519,1.192e-7,1.105e-7,4.482543945,4.482543945,0.000e0,4.789954662,6.858e-2,NaN,NaN,NaN,NaN
native,screen-gb82sc,gui.png,1356,1132,1.534992,native,35,60334,4,1132|128|256|512,1|9|5|3,yes,5.449240685,5.449240685,0.000e0,0.000e0,1.409611821,1.409611821,0.000e0,0.000e0,5.449240685,5.449240685,0.000e0,5.754230976,5.597e-2,NaN,NaN,NaN,NaN
native,screen-gb82sc,gui.png,1356,1132,1.534992,native,20,55246,4,1132|128|256|512,1|9|5|3,yes,6.170064926,6.170064926,0.000e0,0.000e0,1.973700166,1.973700047,1.192e-7,6.040e-8,6.170064926,6.170064926,0.000e0,6.550107479,6.159e-2,NaN,NaN,NaN,NaN
native,screen-gb82sc,gui.png,1356,1132,1.534992,native,10,50300,4,1132|128|256|512,1|9|5|3,yes,10.034827232,10.034827232,0.000e0,0.000e0,4.450302601,4.450302601,0.000e0,0.000e0,10.034827232,10.034827232,0.000e0,10.230401039,1.949e-2,NaN,NaN,NaN,NaN
native,screen-gb82sc,gui.png,1356,1132,1.534992,native,5,46933,4,1132|128|256|512,1|9|5|3,yes,16.371126175,16.371126175,0.000e0,0.000e0,7.543163776,7.543162346,1.431e-6,1.896e-7,16.371126175,16.371126175,0.000e0,15.721441269,3.968e-2,NaN,NaN,NaN,NaN
native,screen-gb82sc,imac_dark.png,2940,1912,5.621280,native,100,1919615,4,1912|128|256|512,1|15|8|4,yes,0.842669487,0.842669487,0.000e0,0.000e0,0.204896316,0.204896331,1.490e-8,7.273e-8,0.842669487,0.842669487,0.000e0,0.811054349,3.752e-2,NaN,NaN,NaN,NaN
native,screen-gb82sc,imac_dark.png,2940,1912,5.621280,native,98,1592470,4,1912|128|256|512,1|15|8|4,yes,0.839099765,0.839099765,0.000e0,0.000e0,0.219195247,0.219195262,1.490e-8,6.798e-8,0.839099765,0.839099765,0.000e0,0.849561214,1.247e-2,NaN,NaN,NaN,NaN
native,screen-gb82sc,imac_dark.png,2940,1912,5.621280,native,95,1247291,4,1912|128|256|512,1|15|8|4,yes,1.307803988,1.307803988,0.000e0,0.000e0,0.331910640,0.331910759,1.192e-7,3.592e-7,1.307803988,1.307803988,0.000e0,1.439792037,1.009e-1,NaN,NaN,NaN,NaN
native,screen-gb82sc,imac_dark.png,2940,1912,5.621280,native,90,952483,4,1912|128|256|512,1|15|8|4,yes,2.332867146,2.332867146,0.000e0,0.000e0,0.549001217,0.549001157,5.960e-8,1.086e-7,2.332867146,2.332867146,0.000e0,2.642063379,1.325e-1,NaN,NaN,NaN,NaN
native,screen-gb82sc,imac_dark.png,2940,1912,5.621280,native,85,816397,4,1912|128|256|512,1|15|8|4,yes,2.720645666,2.720645666,0.000e0,0.000e0,0.720771432,0.720771611,1.788e-7,2.481e-7,2.720645666,2.720645666,0.000e0,2.904380083,6.753e-2,NaN,NaN,NaN,NaN
native,screen-gb82sc,imac_dark.png,2940,1912,5.621280,native,75,674288,4,1912|128|256|512,1|15|8|4,yes,4.289254665,4.289254665,0.000e0,0.000e0,1.023294926,1.023295045,1.192e-7,1.165e-7,4.289254665,4.289254665,0.000e0,4.679731846,9.104e-2,NaN,NaN,NaN,NaN
native,screen-gb82sc,imac_dark.png,2940,1912,5.621280,native,65,594139,4,1912|128|256|512,1|15|8|4,yes,4.687642574,4.687642574,0.000e0,0.000e0,1.242104769,1.242104888,1.192e-7,9.597e-8,4.687642574,4.687642574,0.000e0,5.225977421,1.148e-1,NaN,NaN,NaN,NaN
native,screen-gb82sc,imac_dark.png,2940,1912,5.621280,native,50,516542,4,1912|128|256|512,1|15|8|4,yes,5.715837002,5.715837002,0.000e0,0.000e0,1.471599460,1.471599221,2.384e-7,1.620e-7,5.715837002,5.715837002,0.000e0,6.117629051,7.029e-2,NaN,NaN,NaN,NaN
native,screen-gb82sc,imac_dark.png,2940,1912,5.621280,native,35,448963,4,1912|128|256|512,1|15|8|4,yes,6.649925709,6.649925709,0.000e0,0.000e0,1.692204356,1.692204475,1.192e-7,7.045e-8,6.649925709,6.649925709,0.000e0,7.058740139,6.148e-2,NaN,NaN,NaN,NaN
native,screen-gb82sc,imac_dark.png,2940,1912,5.621280,native,20,359607,4,1912|128|256|512,1|15|8|4,yes,6.936155319,6.936155319,0.000e0,0.000e0,2.297636271,2.297636271,0.000e0,0.000e0,6.936155319,6.936155319,0.000e0,7.067355156,1.892e-2,NaN,NaN,NaN,NaN
native,screen-gb82sc,imac_dark.png,2940,1912,5.621280,native,10,284588,4,1912|128|256|512,1|15|8|4,yes,10.929585457,10.929585457,0.000e0,0.000e0,3.477297783,3.477298737,9.537e-7,2.743e-7,10.929585457,10.929585457,0.000e0,10.162401199,7.019e-2,NaN,NaN,NaN,NaN
native,screen-gb82sc,imac_dark.png,2940,1912,5.621280,native,5,234669,4,1912|128|256|512,1|15|8|4,yes,18.734062195,18.734062195,0.000e0,0.000e0,6.699091911,6.699093342,1.431e-6,2.135e-7,18.734062195,18.734062195,0.000e0,17.177692413,8.308e-2,NaN,NaN,NaN,NaN
native,screen-gb82sc,imac_g3.png,2940,1912,5.621280,native,100,1809928,4,1912|128|256|512,1|15|8|4,yes,0.662442863,0.662442863,0.000e0,0.000e0,0.156551555,0.156551585,2.980e-8,1.904e-7,0.662442863,0.662442863,0.000e0,0.625163078,5.628e-2,NaN,NaN,NaN,NaN
native,screen-gb82sc,imac_g3.png,2940,1912,5.621280,native,98,1501082,4,1912|128|256|512,1|15|8|4,yes,0.764447749,0.764447749,0.000e0,0.000e0,0.186803445,0.186803460,1.490e-8,7.977e-8,0.764447749,0.764447749,0.000e0,0.753899753,1.380e-2,NaN,NaN,NaN,NaN
native,screen-gb82sc,imac_g3.png,2940,1912,5.621280,native,95,1186150,4,1912|128|256|512,1|15|8|4,yes,1.368108273,1.368108273,0.000e0,0.000e0,0.336688250,0.336688280,2.980e-8,8.852e-8,1.368108273,1.368108273,0.000e0,1.521696091,1.123e-1,NaN,NaN,NaN,NaN
native,screen-gb82sc,imac_g3.png,2940,1912,5.621280,native,90,911645,4,1912|128|256|512,1|15|8|4,yes,2.211890936,2.211890936,0.000e0,0.000e0,0.559541583,0.559541523,5.960e-8,1.065e-7,2.211890936,2.211890936,0.000e0,2.440061331,1.032e-1,NaN,NaN,NaN,NaN
native,screen-gb82sc,imac_g3.png,2940,1912,5.621280,native,85,782267,4,1912|128|256|512,1|15|8|4,yes,2.711380243,2.711380243,0.000e0,0.000e0,0.745398521,0.745398462,5.960e-8,7.996e-8,2.711380243,2.711380243,0.000e0,3.020788431,1.141e-1,NaN,NaN,NaN,NaN
native,screen-gb82sc,imac_g3.png,2940,1912,5.621280,native,75,648243,4,1912|128|256|512,1|15|8|4,yes,3.518488646,3.518488646,0.000e0,0.000e0,1.030061960,1.030061960,0.000e0,0.000e0,3.518488646,3.518488646,0.000e0,3.842965603,9.222e-2,NaN,NaN,NaN,NaN
native,screen-gb82sc,imac_g3.png,2940,1912,5.621280,native,65,572859,4,1912|128|256|512,1|15|8|4,yes,5.213990688,5.213990688,0.000e0,0.000e0,1.307393670,1.307393789,1.192e-7,9.118e-8,5.213990688,5.213990688,0.000e0,5.833310127,1.188e-1,NaN,NaN,NaN,NaN
native,screen-gb82sc,imac_g3.png,2940,1912,5.621280,native,50,500658,4,1912|128|256|512,1|15|8|4,yes,5.105832577,5.105832577,0.000e0,0.000e0,1.568061113,1.568061113,0.000e0,0.000e0,5.105832577,5.105832577,0.000e0,5.572730541,9.144e-2,NaN,NaN,NaN,NaN
native,screen-gb82sc,imac_g3.png,2940,1912,5.621280,native,35,437087,4,1912|128|256|512,1|15|8|4,yes,5.908596516,5.908596516,0.000e0,0.000e0,1.935812354,1.935812593,2.384e-7,1.232e-7,5.908596516,5.908596516,0.000e0,6.338950634,7.284e-2,NaN,NaN,NaN,NaN
native,screen-gb82sc,imac_g3.png,2940,1912,5.621280,native,20,355832,4,1912|128|256|512,1|15|8|4,yes,8.063818932,8.063818932,0.000e0,0.000e0,2.707055569,2.707055807,2.384e-7,8.807e-8,8.063818932,8.063818932,0.000e0,7.520226002,6.741e-2,NaN,NaN,NaN,NaN
native,screen-gb82sc,imac_g3.png,2940,1912,5.621280,native,10,284758,4,1912|128|256|512,1|15|8|4,yes,11.182627678,11.182627678,0.000e0,0.000e0,3.267581463,3.267581940,4.768e-7,1.459e-7,11.182627678,11.182627678,0.000e0,9.841659546,1.199e-1,NaN,NaN,NaN,NaN
native,screen-gb82sc,imac_g3.png,2940,1912,5.621280,native,5,236904,4,1912|128|256|512,1|15|8|4,yes,16.017955780,16.017955780,0.000e0,0.000e0,8.322034836,8.322036743,1.907e-6,2.292e-7,16.017955780,16.017955780,0.000e0,15.818270683,1.247e-2,NaN,NaN,NaN,NaN
native,screen-gb82sc,imessage.png,1206,2622,3.162132,native,100,686228,4,2622|128|256|512,1|21|11|6,yes,1.219480038,1.219480038,0.000e0,0.000e0,0.459158331,0.459158331,0.000e0,0.000e0,1.219480038,1.219480038,0.000e0,0.978921473,1.973e-1,NaN,NaN,NaN,NaN
native,screen-gb82sc,imessage.png,1206,2622,3.162132,native,98,544398,4,2622|128|256|512,1|21|11|6,yes,1.237940192,1.237940192,0.000e0,0.000e0,0.473597080,0.473596990,8.941e-8,1.888e-7,1.237940192,1.237940192,0.000e0,0.978129089,2.099e-1,NaN,NaN,NaN,NaN
native,screen-gb82sc,imessage.png,1206,2622,3.162132,native,95,429604,4,2622|128|256|512,1|21|11|6,yes,1.640576243,1.640576243,0.000e0,0.000e0,0.498313904,0.498313934,2.980e-8,5.981e-8,1.640576243,1.640576243,0.000e0,1.766475201,7.674e-2,NaN,NaN,NaN,NaN
native,screen-gb82sc,imessage.png,1206,2622,3.162132,native,90,334806,4,2622|128|256|512,1|21|11|6,yes,2.516776323,2.516776323,0.000e0,0.000e0,0.645143151,0.645143270,1.192e-7,1.848e-7,2.516776323,2.516776323,0.000e0,2.676286697,6.338e-2,NaN,NaN,NaN,NaN
native,screen-gb82sc,imessage.png,1206,2622,3.162132,native,85,287615,4,2622|128|256|512,1|21|11|6,yes,3.186356068,3.186356068,0.000e0,0.000e0,0.804819524,0.804819584,5.960e-8,7.406e-8,3.186356068,3.186356068,0.000e0,3.350059032,5.138e-2,NaN,NaN,NaN,NaN
native,screen-gb82sc,imessage.png,1206,2622,3.162132,native,75,237146,4,2622|128|256|512,1|21|11|6,yes,3.939621210,3.939621210,0.000e0,0.000e0,1.022712708,1.022712946,2.384e-7,2.331e-7,3.939621210,3.939621210,0.000e0,4.357586384,1.061e-1,NaN,NaN,NaN,NaN
native,screen-gb82sc,imessage.png,1206,2622,3.162132,native,65,212627,4,2622|128|256|512,1|21|11|6,yes,4.347464561,4.347464561,0.000e0,0.000e0,1.209108114,1.209108233,1.192e-7,9.859e-8,4.347464561,4.347464561,0.000e0,4.679885864,7.646e-2,NaN,NaN,NaN,NaN
native,screen-gb82sc,imessage.png,1206,2622,3.162132,native,50,187779,4,2622|128|256|512,1|21|11|6,yes,5.319181442,5.319181442,0.000e0,0.000e0,1.424692512,1.424692631,1.192e-7,8.367e-8,5.319181442,5.319181442,0.000e0,5.515170097,3.685e-2,NaN,NaN,NaN,NaN
native,screen-gb82sc,imessage.png,1206,2622,3.162132,native,35,168099,4,2622|128|256|512,1|21|11|6,yes,6.127559185,6.127559185,0.000e0,0.000e0,1.640882254,1.640882492,2.384e-7,1.453e-7,6.127559185,6.127559185,0.000e0,6.639389515,8.353e-2,NaN,NaN,NaN,NaN
native,screen-gb82sc,imessage.png,1206,2622,3.162132,native,20,144522,4,2622|128|256|512,1|21|11|6,yes,6.620810509,6.620810509,0.000e0,0.000e0,2.179543734,2.179543734,0.000e0,0.000e0,6.620810509,6.620810509,0.000e0,7.196724415,8.699e-2,NaN,NaN,NaN,NaN
native,screen-gb82sc,imessage.png,1206,2622,3.162132,native,10,121912,4,2622|128|256|512,1|21|11|6,yes,10.592365265,10.592365265,0.000e0,0.000e0,3.894972086,3.894972563,4.768e-7,1.224e-7,10.592365265,10.592365265,0.000e0,10.455699921,1.290e-2,NaN,NaN,NaN,NaN
native,screen-gb82sc,imessage.png,1206,2622,3.162132,native,5,106901,4,2622|128|256|512,1|21|11|6,yes,18.857585907,18.857585907,0.000e0,0.000e0,6.241073608,6.241074562,9.537e-7,1.528e-7,18.857585907,18.857585907,0.000e0,17.838674545,5.403e-2,NaN,NaN,NaN,NaN
native,screen-gb82sc,terminal.png,1646,1062,1.748052,native,100,409018,4,1062|128|256|512,1|9|5|3,yes,0.999898195,0.999898195,0.000e0,0.000e0,0.270834744,0.270834744,0.000e0,0.000e0,0.999898195,0.999898195,0.000e0,0.982450843,1.745e-2,NaN,NaN,NaN,NaN
native,screen-gb82sc,terminal.png,1646,1062,1.748052,native,98,336877,4,1062|128|256|512,1|9|5|3,yes,0.993104160,0.993104160,0.000e0,0.000e0,0.279554695,0.279554695,0.000e0,0.000e0,0.993104160,0.993104160,0.000e0,0.975112200,1.812e-2,NaN,NaN,NaN,NaN
native,screen-gb82sc,terminal.png,1646,1062,1.748052,native,95,262070,4,1062|128|256|512,1|9|5|3,yes,1.406176805,1.406176805,0.000e0,0.000e0,0.371368259,0.371368259,0.000e0,0.000e0,1.406176805,1.406176805,0.000e0,1.607451797,1.431e-1,NaN,NaN,NaN,NaN
native,screen-gb82sc,terminal.png,1646,1062,1.748052,native,90,205250,4,1062|128|256|512,1|9|5|3,yes,2.406351805,2.406351805,0.000e0,0.000e0,0.604581177,0.604581177,0.000e0,0.000e0,2.406351805,2.406351805,0.000e0,2.724168301,1.321e-1,NaN,NaN,NaN,NaN
native,screen-gb82sc,terminal.png,1646,1062,1.748052,native,85,178356,4,1062|128|256|512,1|9|5|3,yes,2.877557993,2.877557993,0.000e0,0.000e0,0.795012116,0.795012116,0.000e0,0.000e0,2.877557993,2.877557993,0.000e0,3.184448719,1.066e-1,NaN,NaN,NaN,NaN
native,screen-gb82sc,terminal.png,1646,1062,1.748052,native,75,148689,4,1062|128|256|512,1|9|5|3,yes,3.798973083,3.798973083,0.000e0,0.000e0,1.029651880,1.029651880,0.000e0,0.000e0,3.798973083,3.798973083,0.000e0,4.230522156,1.136e-1,NaN,NaN,NaN,NaN
native,screen-gb82sc,terminal.png,1646,1062,1.748052,native,65,131780,4,1062|128|256|512,1|9|5|3,yes,4.730625629,4.730625629,0.000e0,0.000e0,1.338701725,1.338701606,1.192e-7,8.905e-8,4.730625629,4.730625629,0.000e0,5.233548641,1.063e-1,NaN,NaN,NaN,NaN
native,screen-gb82sc,terminal.png,1646,1062,1.748052,native,50,116734,4,1062|128|256|512,1|9|5|3,yes,5.840600967,5.840600967,0.000e0,0.000e0,1.412089229,1.412089467,2.384e-7,1.688e-7,5.840600967,5.840600967,0.000e0,6.367475033,9.021e-2,NaN,NaN,NaN,NaN
native,screen-gb82sc,terminal.png,1646,1062,1.748052,native,35,103492,4,1062|128|256|512,1|9|5|3,yes,6.394411564,6.394411564,0.000e0,0.000e0,2.001921654,2.001921892,2.384e-7,1.191e-7,6.394411564,6.394411564,0.000e0,6.915476322,8.149e-2,NaN,NaN,NaN,NaN
native,screen-gb82sc,terminal.png,1646,1062,1.748052,native,20,86659,4,1062|128|256|512,1|9|5|3,yes,6.983451843,6.983451843,0.000e0,0.000e0,2.624707699,2.624708176,4.768e-7,1.817e-7,6.983451843,6.983451843,0.000e0,7.314289093,4.737e-2,NaN,NaN,NaN,NaN
native,screen-gb82sc,terminal.png,1646,1062,1.748052,native,10,72205,4,1062|128|256|512,1|9|5|3,yes,9.908351898,9.908351898,0.000e0,0.000e0,6.087378025,6.087378979,9.537e-7,1.567e-7,9.908351898,9.908351898,0.000e0,9.357007027,5.564e-2,NaN,NaN,NaN,NaN
native,screen-gb82sc,terminal.png,1646,1062,1.748052,native,5,63337,4,1062|128|256|512,1|9|5|3,yes,18.851274490,18.851274490,0.000e0,0.000e0,6.963743210,6.963741779,1.431e-6,2.054e-7,18.851274490,18.851274490,0.000e0,16.655780792,1.165e-1,NaN,NaN,NaN,NaN
native,screen-gb82sc,windows.png,2560,1392,3.563520,native,100,1759335,4,1392|128|256|512,1|11|6|3,yes,0.841476500,0.841476500,0.000e0,0.000e0,0.669928968,0.669929206,2.384e-7,3.559e-7,0.841476500,0.841476500,0.000e0,0.623315930,2.593e-1,NaN,NaN,NaN,NaN
native,screen-gb82sc,windows.png,2560,1392,3.563520,native,98,1360846,4,1392|128|256|512,1|11|6|3,yes,0.841476500,0.841476500,0.000e0,0.000e0,0.670575500,0.670575142,3.576e-7,5.333e-7,0.841476500,0.841476500,0.000e0,0.713002682,1.527e-1,NaN,NaN,NaN,NaN
native,screen-gb82sc,windows.png,2560,1392,3.563520,native,95,1022291,4,1392|128|256|512,1|11|6|3,yes,1.284119487,1.284119487,0.000e0,0.000e0,0.680454433,0.680454433,0.000e0,0.000e0,1.284119487,1.284119487,0.000e0,1.409972191,9.801e-2,NaN,NaN,NaN,NaN
native,screen-gb82sc,windows.png,2560,1392,3.563520,native,90,771165,4,1392|128|256|512,1|11|6|3,yes,2.197228193,2.197228193,0.000e0,0.000e0,0.848340333,0.848340333,0.000e0,0.000e0,2.197228193,2.197228193,0.000e0,2.420078516,1.014e-1,NaN,NaN,NaN,NaN
native,screen-gb82sc,windows.png,2560,1392,3.563520,native,85,642593,4,1392|128|256|512,1|11|6|3,yes,3.252199173,3.252199173,0.000e0,0.000e0,1.125267625,1.125267863,2.384e-7,2.119e-7,3.252199173,3.252199173,0.000e0,3.179575205,2.233e-2,NaN,NaN,NaN,NaN
native,screen-gb82sc,windows.png,2560,1392,3.563520,native,75,499404,4,1392|128|256|512,1|11|6|3,yes,4.127628326,4.127628326,0.000e0,0.000e0,1.589105248,1.589105248,0.000e0,0.000e0,4.127628326,4.127628326,0.000e0,3.999051571,3.115e-2,NaN,NaN,NaN,NaN
native,screen-gb82sc,windows.png,2560,1392,3.563520,native,65,418270,4,1392|128|256|512,1|11|6|3,yes,5.282349110,5.282349110,0.000e0,0.000e0,2.251322031,2.251322031,0.000e0,0.000e0,5.282349110,5.282349110,0.000e0,5.415445328,2.520e-2,NaN,NaN,NaN,NaN
native,screen-gb82sc,windows.png,2560,1392,3.563520,native,50,347188,4,1392|128|256|512,1|11|6|3,yes,6.333682060,6.333682060,0.000e0,0.000e0,2.550877094,2.550877094,0.000e0,0.000e0,6.333682060,6.333682060,0.000e0,6.097233295,3.733e-2,NaN,NaN,NaN,NaN
native,screen-gb82sc,windows.png,2560,1392,3.563520,native,35,290816,4,1392|128|256|512,1|11|6|3,yes,8.263076782,8.263076782,0.000e0,0.000e0,2.917121172,2.917121410,2.384e-7,8.173e-8,8.263076782,8.263076782,0.000e0,7.359527111,1.093e-1,NaN,NaN,NaN,NaN
native,screen-gb82sc,windows.png,2560,1392,3.563520,native,20,223747,4,1392|128|256|512,1|11|6|3,yes,10.597291946,10.597291946,0.000e0,0.000e0,3.856635809,3.856636763,9.537e-7,2.473e-7,10.597291946,10.597291946,0.000e0,9.521259308,1.015e-1,NaN,NaN,NaN,NaN
native,screen-gb82sc,windows.png,2560,1392,3.563520,native,10,173042,4,1392|128|256|512,1|11|6|3,yes,14.411624908,14.411624908,0.000e0,0.000e0,4.882053375,4.882053852,4.768e-7,9.767e-8,14.411624908,14.411624908,0.000e0,14.150116920,1.815e-2,NaN,NaN,NaN,NaN
native,screen-gb82sc,windows.png,2560,1392,3.563520,native,5,144193,4,1392|128|256|512,1|11|6|3,yes,18.383619308,18.383619308,0.000e0,0.000e0,7.807671547,7.807671547,0.000e0,0.000e0,18.383619308,18.383619308,0.000e0,17.980268478,2.194e-2,NaN,NaN,NaN,NaN
native,screen-gb82sc,windows95.png,640,480,0.307200,native,100,248830,4,480|128|256|480,1|4|2|1,yes,0.333683163,0.333683163,0.000e0,0.000e0,0.104040168,0.104040183,1.490e-8,1.432e-7,0.333683163,0.333683163,0.000e0,0.355663329,6.587e-2,NaN,NaN,NaN,NaN
native,screen-gb82sc,windows95.png,640,480,0.307200,native,98,204081,4,480|128|256|480,1|4|2|1,yes,0.613979459,0.613979459,0.000e0,0.000e0,0.188725591,0.188725606,1.490e-8,7.896e-8,0.613979459,0.613979459,0.000e0,0.684380710,1.147e-1,NaN,NaN,NaN,NaN
native,screen-gb82sc,windows95.png,640,480,0.307200,native,95,161364,4,480|128|256|480,1|4|2|1,yes,1.340151191,1.340151191,0.000e0,0.000e0,0.431656569,0.431656569,0.000e0,0.000e0,1.340151191,1.340151191,0.000e0,1.515231371,1.306e-1,NaN,NaN,NaN,NaN
native,screen-gb82sc,windows95.png,640,480,0.307200,native,90,127078,4,480|128|256|480,1|4|2|1,yes,2.296001434,2.296001434,0.000e0,0.000e0,0.779050708,0.779050767,5.960e-8,7.651e-8,2.296001434,2.296001434,0.000e0,2.566572189,1.178e-1,NaN,NaN,NaN,NaN
native,screen-gb82sc,windows95.png,640,480,0.307200,native,85,109111,4,480|128|256|480,1|4|2|1,yes,3.529794455,3.529794455,0.000e0,0.000e0,1.093554735,1.093554616,1.192e-7,1.090e-7,3.529794455,3.529794455,0.000e0,3.925607920,1.121e-1,NaN,NaN,NaN,NaN
native,screen-gb82sc,windows95.png,640,480,0.307200,native,75,89308,4,480|128|256|480,1|4|2|1,yes,5.055838585,5.055838585,0.000e0,0.000e0,1.667010784,1.667010665,1.192e-7,7.151e-8,5.055838585,5.055838585,0.000e0,5.551475525,9.803e-2,NaN,NaN,NaN,NaN
native,screen-gb82sc,windows95.png,640,480,0.307200,native,65,78325,4,480|128|256|480,1|4|2|1,yes,5.795196056,5.795196056,0.000e0,0.000e0,2.178658962,2.178658962,0.000e0,0.000e0,5.795196056,5.795196056,0.000e0,6.322581768,9.100e-2,NaN,NaN,NaN,NaN
native,screen-gb82sc,windows95.png,640,480,0.307200,native,50,66910,4,480|128|256|480,1|4|2|1,yes,7.576833725,7.576833725,0.000e0,0.000e0,2.831892014,2.831891775,2.384e-7,8.419e-8,7.576833725,7.576833725,0.000e0,8.195361137,8.163e-2,NaN,NaN,NaN,NaN
native,screen-gb82sc,windows95.png,640,480,0.307200,native,35,56521,4,480|128|256|480,1|4|2|1,yes,8.898968697,8.898968697,0.000e0,0.000e0,3.364063740,3.364063740,0.000e0,0.000e0,8.898968697,8.898968697,0.000e0,9.696349144,8.960e-2,NaN,NaN,NaN,NaN
native,screen-gb82sc,windows95.png,640,480,0.307200,native,20,41877,4,480|128|256|480,1|4|2|1,yes,12.699968338,12.699968338,0.000e0,0.000e0,4.560176373,4.560176373,0.000e0,0.000e0,12.699968338,12.699968338,0.000e0,12.467937469,1.827e-2,NaN,NaN,NaN,NaN
native,screen-gb82sc,windows95.png,640,480,0.307200,native,10,30659,4,480|128|256|480,1|4|2|1,yes,15.977602005,15.977602005,0.000e0,0.000e0,6.199467182,6.199468136,9.537e-7,1.538e-7,15.977602005,15.977602005,0.000e0,14.813539505,7.286e-2,NaN,NaN,NaN,NaN
native,screen-gb82sc,windows95.png,640,480,0.307200,native,5,24222,4,480|128|256|480,1|4|2|1,yes,20.729097366,20.729097366,0.000e0,0.000e0,8.217830658,8.217829704,9.537e-7,1.160e-7,20.729097366,20.729097366,0.000e0,19.275144577,7.014e-2,NaN,NaN,NaN,NaN
native,screen-web,apple.com.png,1313,4755,6.243315,native,100,1787696,4,4754|128|256|512,2|38|19|10,yes,1.425380826,1.425380826,0.000e0,0.000e0,0.888045728,0.888045728,0.000e0,0.000e0,1.425380826,1.425380826,0.000e0,1.056201458,2.590e-1,NaN,NaN,NaN,NaN
native,screen-web,apple.com.png,1313,4755,6.243315,native,98,1431401,4,4754|128|256|512,2|38|19|10,yes,1.425380826,1.425380826,0.000e0,0.000e0,0.888512015,0.888512015,0.000e0,0.000e0,1.425380826,1.425380826,0.000e0,1.057518005,2.581e-1,NaN,NaN,NaN,NaN
native,screen-web,apple.com.png,1313,4755,6.243315,native,95,1088060,4,4754|128|256|512,2|38|19|10,yes,1.624781013,1.624781013,0.000e0,0.000e0,0.892016113,0.892015994,1.192e-7,1.336e-7,1.624781013,1.624781013,0.000e0,1.827545643,1.248e-1,NaN,NaN,NaN,NaN
native,screen-web,apple.com.png,1313,4755,6.243315,native,90,821725,4,4754|128|256|512,2|38|19|10,yes,2.549603701,2.549603701,0.000e0,0.000e0,0.916123092,0.916123092,0.000e0,0.000e0,2.549603701,2.549603701,0.000e0,2.861633778,1.224e-1,NaN,NaN,NaN,NaN
native,screen-web,apple.com.png,1313,4755,6.243315,native,85,695908,4,4754|128|256|512,2|38|19|10,yes,3.536419630,3.536419630,0.000e0,0.000e0,1.008863688,1.008863807,1.192e-7,1.182e-7,3.536419630,3.536419630,0.000e0,3.955179930,1.184e-1,NaN,NaN,NaN,NaN
native,screen-web,apple.com.png,1313,4755,6.243315,native,75,563878,4,4754|128|256|512,2|38|19|10,yes,4.499636173,4.499636173,0.000e0,0.000e0,1.182887912,1.182887912,0.000e0,0.000e0,4.499636173,4.499636173,0.000e0,4.979723454,1.067e-1,NaN,NaN,NaN,NaN
native,screen-web,apple.com.png,1313,4755,6.243315,native,65,495413,4,4754|128|256|512,2|38|19|10,yes,5.324541092,5.324541092,0.000e0,0.000e0,2.702976704,2.702976227,4.768e-7,1.764e-7,5.324541092,5.324541092,0.000e0,5.651501179,6.141e-2,NaN,NaN,NaN,NaN
native,screen-web,apple.com.png,1313,4755,6.243315,native,50,432834,4,4754|128|256|512,2|38|19|10,yes,6.084812641,6.084812641,0.000e0,0.000e0,2.078727245,2.078726768,4.768e-7,2.294e-7,6.084812641,6.084812641,0.000e0,6.533574581,7.375e-2,NaN,NaN,NaN,NaN
native,screen-web,apple.com.png,1313,4755,6.243315,native,35,379810,4,4754|128|256|512,2|38|19|10,yes,7.434055328,7.434055328,0.000e0,0.000e0,2.263490438,2.263490200,2.384e-7,1.053e-7,7.434055328,7.434055328,0.000e0,7.716478348,3.799e-2,NaN,NaN,NaN,NaN
native,screen-web,apple.com.png,1313,4755,6.243315,native,20,311240,4,4754|128|256|512,2|38|19|10,yes,7.971714020,7.971714020,0.000e0,0.000e0,3.549326658,3.549325466,1.192e-6,3.359e-7,7.971714020,7.971714020,0.000e0,7.751776695,2.759e-2,NaN,NaN,NaN,NaN
native,screen-web,apple.com.png,1313,4755,6.243315,native,10,254883,4,4754|128|256|512,2|38|19|10,yes,13.314908028,13.314908028,0.000e0,0.000e0,7.972609043,7.972609520,4.768e-7,5.981e-8,13.314908028,13.314908028,0.000e0,11.165735245,1.614e-1,NaN,NaN,NaN,NaN
native,screen-web,apple.com.png,1313,4755,6.243315,native,5,217106,4,4754|128|256|512,2|38|19|10,yes,19.971696854,19.971696854,0.000e0,0.000e0,11.682353020,11.682354927,1.907e-6,1.633e-7,19.971696854,19.971696854,0.000e0,17.519430161,1.228e-1,NaN,NaN,NaN,NaN
native,screen-web,cnn.com.png,1313,5241,6.881433,native,100,2383478,4,5240|128|256|512,2|41|21|11,yes,0.596251547,0.596251547,0.000e0,0.000e0,0.153132364,0.153132364,0.000e0,0.000e0,0.596251547,0.596251547,0.000e0,0.568084955,4.724e-2,NaN,NaN,NaN,NaN
native,screen-web,cnn.com.png,1313,5241,6.881433,native,98,1992487,4,5240|128|256|512,2|41|21|11,yes,0.741108179,0.741108179,0.000e0,0.000e0,0.191292927,0.191292971,4.470e-8,2.337e-7,0.741108179,0.741108179,0.000e0,0.756689548,2.102e-2,NaN,NaN,NaN,NaN
native,screen-web,cnn.com.png,1313,5241,6.881433,native,95,1581399,4,5240|128|256|512,2|41|21|11,yes,1.271895528,1.271895528,0.000e0,0.000e0,0.332439154,0.332439184,2.980e-8,8.965e-8,1.271895528,1.271895528,0.000e0,1.418852329,1.155e-1,NaN,NaN,NaN,NaN
native,screen-web,cnn.com.png,1313,5241,6.881433,native,90,1241343,4,5240|128|256|512,2|41|21|11,yes,2.120644808,2.120644808,0.000e0,0.000e0,0.566817164,0.566817224,5.960e-8,1.052e-7,2.120644808,2.120644808,0.000e0,2.361343622,1.135e-1,NaN,NaN,NaN,NaN
native,screen-web,cnn.com.png,1313,5241,6.881433,native,85,1068339,4,5240|128|256|512,2|41|21|11,yes,2.826990128,2.826990128,0.000e0,0.000e0,0.774186373,0.774186432,5.960e-8,7.699e-8,2.826990128,2.826990128,0.000e0,3.085743189,9.153e-2,NaN,NaN,NaN,NaN
native,screen-web,cnn.com.png,1313,5241,6.881433,native,75,881182,4,5240|128|256|512,2|41|21|11,yes,3.970736742,3.970736742,0.000e0,0.000e0,1.141340375,1.141340256,1.192e-7,1.044e-7,3.970736742,3.970736742,0.000e0,4.300655365,8.309e-2,NaN,NaN,NaN,NaN
native,screen-web,cnn.com.png,1313,5241,6.881433,native,65,773668,4,5240|128|256|512,2|41|21|11,yes,4.737858295,4.737858295,0.000e0,0.000e0,1.571564913,1.571565270,3.576e-7,2.276e-7,4.737858295,4.737858295,0.000e0,5.100117207,7.646e-2,NaN,NaN,NaN,NaN
native,screen-web,cnn.com.png,1313,5241,6.881433,native,50,670183,4,5240|128|256|512,2|41|21|11,yes,6.012905598,6.012905598,0.000e0,0.000e0,1.806178927,1.806179166,2.384e-7,1.320e-7,6.012905598,6.012905598,0.000e0,6.460454941,7.443e-2,NaN,NaN,NaN,NaN
native,screen-web,cnn.com.png,1313,5241,6.881433,native,35,576946,4,5240|128|256|512,2|41|21|11,yes,8.115410805,8.115410805,0.000e0,0.000e0,2.369596004,2.369596481,4.768e-7,2.012e-7,8.115410805,8.115410805,0.000e0,7.611062050,6.215e-2,NaN,NaN,NaN,NaN
native,screen-web,cnn.com.png,1313,5241,6.881433,native,20,454232,4,5240|128|256|512,2|41|21|11,yes,9.568143845,9.568143845,0.000e0,0.000e0,3.115226269,3.115225554,7.153e-7,2.296e-7,9.568143845,9.568143845,0.000e0,9.515290260,5.524e-3,NaN,NaN,NaN,NaN
native,screen-web,cnn.com.png,1313,5241,6.881433,native,10,351449,4,5240|128|256|512,2|41|21|11,yes,12.970736504,12.970736504,0.000e0,0.000e0,4.174665928,4.174666882,9.537e-7,2.284e-7,12.970736504,12.970736504,0.000e0,13.166359901,1.508e-2,NaN,NaN,NaN,NaN
native,screen-web,cnn.com.png,1313,5241,6.881433,native,5,286225,4,5240|128|256|512,2|41|21|11,yes,20.046459198,20.046459198,0.000e0,0.000e0,7.235306740,7.235308647,1.907e-6,2.636e-7,20.046459198,20.046459198,0.000e0,19.286182404,3.793e-2,NaN,NaN,NaN,NaN
native,screen-web,creativecommons.org.png,1551,4354,6.753054,native,100,3773511,4,4354|128|256|512,1|35|18|9,yes,1.689011574,1.689011574,0.000e0,0.000e0,0.628750324,0.628750384,5.960e-8,9.480e-8,1.689011574,1.689011574,0.000e0,1.339578152,2.069e-1,NaN,NaN,NaN,NaN
native,screen-web,creativecommons.org.png,1551,4354,6.753054,native,98,2966676,4,4354|128|256|512,1|35|18|9,yes,1.688981295,1.688981295,0.000e0,0.000e0,0.632278323,0.632278383,5.960e-8,9.427e-8,1.688981295,1.688981295,0.000e0,1.339578152,2.069e-1,NaN,NaN,NaN,NaN
native,screen-web,creativecommons.org.png,1551,4354,6.753054,native,95,2214014,4,4354|128|256|512,1|35|18|9,yes,1.831276655,1.831276655,0.000e0,0.000e0,0.651899517,0.651899576,5.960e-8,9.143e-8,1.831276655,1.831276655,0.000e0,1.938563228,5.859e-2,NaN,NaN,NaN,NaN
native,screen-web,creativecommons.org.png,1551,4354,6.753054,native,90,1631266,4,4354|128|256|512,1|35|18|9,yes,2.931165218,2.931165218,0.000e0,0.000e0,0.786525965,0.786526084,1.192e-7,1.516e-7,2.931165218,2.931165218,0.000e0,3.266834736,1.145e-1,NaN,NaN,NaN,NaN
native,screen-web,creativecommons.org.png,1551,4354,6.753054,native,85,1347779,4,4354|128|256|512,1|35|18|9,yes,3.937942982,3.937942982,0.000e0,0.000e0,0.980448365,0.980448544,1.788e-7,1.824e-7,3.937942982,3.937942982,0.000e0,4.140421391,5.142e-2,NaN,NaN,NaN,NaN
native,screen-web,creativecommons.org.png,1551,4354,6.753054,native,75,1046335,4,4354|128|256|512,1|35|18|9,yes,4.817006111,4.817006111,0.000e0,0.000e0,1.397258401,1.397258401,0.000e0,0.000e0,4.817006111,4.817006111,0.000e0,5.271629333,9.438e-2,NaN,NaN,NaN,NaN
native,screen-web,creativecommons.org.png,1551,4354,6.753054,native,65,888959,4,4354|128|256|512,1|35|18|9,yes,6.012189388,6.012189388,0.000e0,0.000e0,1.749761462,1.749761701,2.384e-7,1.363e-7,6.012189388,6.012189388,0.000e0,6.415493965,6.708e-2,NaN,NaN,NaN,NaN
native,screen-web,creativecommons.org.png,1551,4354,6.753054,native,50,747717,4,4354|128|256|512,1|35|18|9,yes,6.659623146,6.659623146,0.000e0,0.000e0,1.935002923,1.935003042,1.192e-7,6.161e-8,6.659623146,6.659623146,0.000e0,7.084554672,6.381e-2,NaN,NaN,NaN,NaN
native,screen-web,creativecommons.org.png,1551,4354,6.753054,native,35,627920,4,4354|128|256|512,1|35|18|9,yes,7.205409050,7.205409050,0.000e0,0.000e0,2.149911642,2.149911880,2.384e-7,1.109e-7,7.205409050,7.205409050,0.000e0,7.555242538,4.855e-2,NaN,NaN,NaN,NaN
native,screen-web,creativecommons.org.png,1551,4354,6.753054,native,20,478359,4,4354|128|256|512,1|35|18|9,yes,9.118514061,9.118514061,0.000e0,0.000e0,4.085482121,4.085481644,4.768e-7,1.167e-7,9.118514061,9.118514061,0.000e0,8.907257080,2.317e-2,NaN,NaN,NaN,NaN
native,screen-web,creativecommons.org.png,1551,4354,6.753054,native,10,354389,4,4354|128|256|512,1|35|18|9,yes,14.811219215,14.811219215,0.000e0,0.000e0,8.107421875,8.107422829,9.537e-7,1.176e-7,14.811219215,14.811219215,0.000e0,12.658821106,1.453e-1,NaN,NaN,NaN,NaN
native,screen-web,creativecommons.org.png,1551,4354,6.753054,native,5,275557,4,4354|128|256|512,1|35|18|9,yes,25.455091476,25.455091476,0.000e0,0.000e0,12.845532417,12.845538139,5.722e-6,4.455e-7,25.455091476,25.455091476,0.000e0,19.787487030,2.227e-1,NaN,NaN,NaN,NaN
native,screen-web,duckduckgo.com.png,1313,2874,3.773562,native,100,699456,4,2874|128|256|512,1|23|12|6,yes,1.920923471,1.920923471,0.000e0,0.000e0,1.429411173,1.429411054,1.192e-7,8.340e-8,1.920923471,1.920923471,0.000e0,1.422930241,2.592e-1,NaN,NaN,NaN,NaN
native,screen-web,duckduckgo.com.png,1313,2874,3.773562,native,98,583780,4,2874|128|256|512,1|23|12|6,yes,1.920923471,1.920923471,0.000e0,0.000e0,1.429535508,1.429535508,0.000e0,0.000e0,1.920923471,1.920923471,0.000e0,1.423530698,2.589e-1,NaN,NaN,NaN,NaN
native,screen-web,duckduckgo.com.png,1313,2874,3.773562,native,95,468303,4,2874|128|256|512,1|23|12|6,yes,1.920923471,1.920923471,0.000e0,0.000e0,1.429913521,1.429913521,0.000e0,0.000e0,1.920923471,1.920923471,0.000e0,1.877215862,2.275e-2,NaN,NaN,NaN,NaN
native,screen-web,duckduckgo.com.png,1313,2874,3.773562,native,90,374251,4,2874|128|256|512,1|23|12|6,yes,2.724267483,2.724267483,0.000e0,0.000e0,1.433345795,1.433345914,1.192e-7,8.317e-8,2.724267483,2.724267483,0.000e0,2.843569994,4.379e-2,NaN,NaN,NaN,NaN
native,screen-web,duckduckgo.com.png,1313,2874,3.773562,native,85,326416,4,2874|128|256|512,1|23|12|6,yes,3.451749802,3.451749802,0.000e0,0.000e0,1.440431237,1.440430999,2.384e-7,1.655e-7,3.451749802,3.451749802,0.000e0,3.573278427,3.521e-2,NaN,NaN,NaN,NaN
native,screen-web,duckduckgo.com.png,1313,2874,3.773562,native,75,275835,4,2874|128|256|512,1|23|12|6,yes,4.129855156,4.129855156,0.000e0,0.000e0,1.488049150,1.488049030,1.192e-7,8.011e-8,4.129855156,4.129855156,0.000e0,4.545533180,1.007e-1,NaN,NaN,NaN,NaN
native,screen-web,duckduckgo.com.png,1313,2874,3.773562,native,65,247247,4,2874|128|256|512,1|23|12|6,yes,5.654567719,5.654567719,0.000e0,0.000e0,3.109203815,3.109203339,4.768e-7,1.534e-7,5.654567719,5.654567719,0.000e0,6.316389561,1.170e-1,NaN,NaN,NaN,NaN
native,screen-web,duckduckgo.com.png,1313,2874,3.773562,native,50,220008,4,2874|128|256|512,1|23|12|6,yes,6.138336658,6.138336658,0.000e0,0.000e0,1.594480515,1.594480276,2.384e-7,1.495e-7,6.138336658,6.138336658,0.000e0,6.698671341,9.128e-2,NaN,NaN,NaN,NaN
native,screen-web,duckduckgo.com.png,1313,2874,3.773562,native,35,197477,4,2874|128|256|512,1|23|12|6,yes,8.194778442,8.194778442,0.000e0,0.000e0,2.097443819,2.097443819,0.000e0,0.000e0,8.194778442,8.194778442,0.000e0,9.107314110,1.114e-1,NaN,NaN,NaN,NaN
native,screen-web,duckduckgo.com.png,1313,2874,3.773562,native,20,168529,4,2874|128|256|512,1|23|12|6,yes,8.954552650,8.954552650,0.000e0,0.000e0,6.194124699,6.194125175,4.768e-7,7.698e-8,8.954552650,8.954552650,0.000e0,9.471336365,5.771e-2,NaN,NaN,NaN,NaN
native,screen-web,duckduckgo.com.png,1313,2874,3.773562,native,10,142835,4,2874|128|256|512,1|23|12|6,yes,13.282713890,13.282713890,0.000e0,0.000e0,7.478907108,7.478908062,9.537e-7,1.275e-7,13.282713890,13.282713890,0.000e0,12.725259781,4.197e-2,NaN,NaN,NaN,NaN
native,screen-web,duckduckgo.com.png,1313,2874,3.773562,native,5,126691,4,2874|128|256|512,1|23|12|6,yes,20.972663879,20.972663879,0.000e0,0.000e0,7.863352299,7.863353729,1.431e-6,1.819e-7,20.972663879,20.972663879,0.000e0,20.413442612,2.666e-2,NaN,NaN,NaN,NaN
native,screen-web,en.wikipedia.org.png,1313,2936,3.854968,native,100,2783767,4,2936|128|256|512,1|23|12|6,yes,0.884128869,0.884128869,0.000e0,0.000e0,0.500885367,0.500885487,1.192e-7,2.380e-7,0.884128869,0.884128869,0.000e0,0.655060112,2.591e-1,NaN,NaN,NaN,NaN
native,screen-web,en.wikipedia.org.png,1313,2936,3.854968,native,98,2178552,4,2936|128|256|512,1|23|12|6,yes,0.884128869,0.884128869,0.000e0,0.000e0,0.505905271,0.505905271,0.000e0,0.000e0,0.884128869,0.884128869,0.000e0,0.771547198,1.273e-1,NaN,NaN,NaN,NaN
native,screen-web,en.wikipedia.org.png,1313,2936,3.854968,native,95,1627851,4,2936|128|256|512,1|23|12|6,yes,1.518170238,1.518170238,0.000e0,0.000e0,0.553574920,0.553574860,5.960e-8,1.077e-7,1.518170238,1.518170238,0.000e0,1.605859637,5.776e-2,NaN,NaN,NaN,NaN
native,screen-web,en.wikipedia.org.png,1313,2936,3.854968,native,90,1219403,4,2936|128|256|512,1|23|12|6,yes,2.360818148,2.360818148,0.000e0,0.000e0,0.804455459,0.804455400,5.960e-8,7.409e-8,2.360818148,2.360818148,0.000e0,2.614313841,1.074e-1,NaN,NaN,NaN,NaN
native,screen-web,en.wikipedia.org.png,1313,2936,3.854968,native,85,1013932,4,2936|128|256|512,1|23|12|6,yes,3.164913654,3.164913654,0.000e0,0.000e0,1.040592790,1.040592909,1.192e-7,1.146e-7,3.164913654,3.164913654,0.000e0,3.494501591,1.041e-1,NaN,NaN,NaN,NaN
native,screen-web,en.wikipedia.org.png,1313,2936,3.854968,native,75,790541,4,2936|128|256|512,1|23|12|6,yes,4.466909409,4.466909409,0.000e0,0.000e0,1.442747593,1.442747593,0.000e0,0.000e0,4.466909409,4.466909409,0.000e0,4.805265427,7.575e-2,NaN,NaN,NaN,NaN
native,screen-web,en.wikipedia.org.png,1313,2936,3.854968,native,65,672887,4,2936|128|256|512,1|23|12|6,yes,5.489087582,5.489087582,0.000e0,0.000e0,1.793712497,1.793712974,4.768e-7,2.658e-7,5.489087582,5.489087582,0.000e0,5.433994293,1.004e-2,NaN,NaN,NaN,NaN
native,screen-web,en.wikipedia.org.png,1313,2936,3.854968,native,50,563676,4,2936|128|256|512,1|23|12|6,yes,6.029380798,6.029380798,0.000e0,0.000e0,2.216837406,2.216837645,2.384e-7,1.075e-7,6.029380798,6.029380798,0.000e0,6.333751678,5.048e-2,NaN,NaN,NaN,NaN
native,screen-web,en.wikipedia.org.png,1313,2936,3.854968,native,35,469528,4,2936|128|256|512,1|23|12|6,yes,7.601614952,7.601614952,0.000e0,0.000e0,2.791183710,2.791183949,2.384e-7,8.542e-8,7.601614952,7.601614952,0.000e0,7.799839020,2.608e-2,NaN,NaN,NaN,NaN
native,screen-web,en.wikipedia.org.png,1313,2936,3.854968,native,20,349158,4,2936|128|256|512,1|23|12|6,yes,10.650393486,10.650393486,0.000e0,0.000e0,3.693517923,3.693518162,2.384e-7,6.455e-8,10.650393486,10.650393486,0.000e0,10.027295113,5.850e-2,NaN,NaN,NaN,NaN
native,screen-web,en.wikipedia.org.png,1313,2936,3.854968,native,10,251133,4,2936|128|256|512,1|23|12|6,yes,13.237871170,13.237871170,0.000e0,0.000e0,5.428610802,5.428610802,0.000e0,0.000e0,13.237871170,13.237871170,0.000e0,12.301296234,7.075e-2,NaN,NaN,NaN,NaN
native,screen-web,en.wikipedia.org.png,1313,2936,3.854968,native,5,189956,4,2936|128|256|512,1|23|12|6,yes,17.933715820,17.933715820,0.000e0,0.000e0,7.149409294,7.149409771,4.768e-7,6.670e-8,17.933715820,17.933715820,0.000e0,17.351339340,3.247e-2,NaN,NaN,NaN,NaN
native,screen-web,microsoft.com.png,1313,3328,4.369664,native,100,1369110,4,3328|128|256|512,1|26|13|7,yes,1.545071244,1.545071244,0.000e0,0.000e0,0.454635262,0.454635262,0.000e0,0.000e0,1.545071244,1.545071244,0.000e0,1.285449624,1.680e-1,NaN,NaN,NaN,NaN
native,screen-web,microsoft.com.png,1313,3328,4.369664,native,98,1113073,4,3328|128|256|512,1|26|13|7,yes,1.545131922,1.545131922,0.000e0,0.000e0,0.459565371,0.459565371,0.000e0,0.000e0,1.545131922,1.545131922,0.000e0,1.285449624,1.681e-1,NaN,NaN,NaN,NaN
native,screen-web,microsoft.com.png,1313,3328,4.369664,native,95,853250,4,3328|128|256|512,1|26|13|7,yes,1.549983501,1.549983501,0.000e0,0.000e0,0.494397521,0.494397521,0.000e0,0.000e0,1.549983501,1.549983501,0.000e0,1.738458753,1.216e-1,NaN,NaN,NaN,NaN
native,screen-web,microsoft.com.png,1313,3328,4.369664,native,90,647604,4,3328|128|256|512,1|26|13|7,yes,2.701277733,2.701277733,0.000e0,0.000e0,0.690215349,0.690215409,5.960e-8,8.636e-8,2.701277733,2.701277733,0.000e0,2.971828222,1.002e-1,NaN,NaN,NaN,NaN
native,screen-web,microsoft.com.png,1313,3328,4.369664,native,85,548886,4,3328|128|256|512,1|26|13|7,yes,3.292524099,3.292524099,0.000e0,0.000e0,0.906192720,0.906192660,5.960e-8,6.577e-8,3.292524099,3.292524099,0.000e0,3.692197084,1.214e-1,NaN,NaN,NaN,NaN
native,screen-web,microsoft.com.png,1313,3328,4.369664,native,75,444459,4,3328|128|256|512,1|26|13|7,yes,4.304542065,4.304542065,0.000e0,0.000e0,1.267454267,1.267454267,0.000e0,0.000e0,4.304542065,4.304542065,0.000e0,4.861922741,1.295e-1,NaN,NaN,NaN,NaN
native,screen-web,microsoft.com.png,1313,3328,4.369664,native,65,390335,4,3328|128|256|512,1|26|13|7,yes,5.367545128,5.367545128,0.000e0,0.000e0,1.573167562,1.573167562,0.000e0,0.000e0,5.367545128,5.367545128,0.000e0,5.834694386,8.703e-2,NaN,NaN,NaN,NaN
native,screen-web,microsoft.com.png,1313,3328,4.369664,native,50,339342,4,3328|128|256|512,1|26|13|7,yes,6.214730740,6.214730740,0.000e0,0.000e0,1.879910946,1.879911184,2.384e-7,1.268e-7,6.214730740,6.214730740,0.000e0,6.498241901,4.562e-2,NaN,NaN,NaN,NaN
native,screen-web,microsoft.com.png,1313,3328,4.369664,native,35,295552,4,3328|128|256|512,1|26|13|7,yes,7.922641277,7.922641277,0.000e0,0.000e0,2.301783085,2.301783085,0.000e0,0.000e0,7.922641277,7.922641277,0.000e0,8.482514381,7.067e-2,NaN,NaN,NaN,NaN
native,screen-web,microsoft.com.png,1313,3328,4.369664,native,20,238746,4,3328|128|256|512,1|26|13|7,yes,8.745940208,8.745940208,0.000e0,0.000e0,3.157056808,3.157056570,2.384e-7,7.552e-8,8.745940208,8.745940208,0.000e0,8.204968452,6.185e-2,NaN,NaN,NaN,NaN
native,screen-web,microsoft.com.png,1313,3328,4.369664,native,10,191931,4,3328|128|256|512,1|26|13|7,yes,12.828546524,12.828546524,0.000e0,0.000e0,4.975407124,4.975406647,4.768e-7,9.584e-8,12.828546524,12.828546524,0.000e0,11.053282738,1.384e-1,NaN,NaN,NaN,NaN
native,screen-web,microsoft.com.png,1313,3328,4.369664,native,5,162436,4,3328|128|256|512,1|26|13|7,yes,20.325689316,20.325689316,0.000e0,0.000e0,7.958866596,7.958867073,4.768e-7,5.991e-8,20.325689316,20.325689316,0.000e0,19.241943359,5.332e-2,NaN,NaN,NaN,NaN
native,screen-web,news.ycombinator.com.png,1325,1450,1.921250,native,100,574882,4,1450|128|256|512,1|12|6|3,yes,0.824393153,0.824393153,0.000e0,0.000e0,0.674273610,0.674273551,5.960e-8,8.840e-8,0.824393153,0.824393153,0.000e0,0.610941470,2.589e-1,NaN,NaN,NaN,NaN
native,screen-web,news.ycombinator.com.png,1325,1450,1.921250,native,98,459097,4,1450|128|256|512,1|12|6|3,yes,0.824393153,0.824393153,0.000e0,0.000e0,0.674592316,0.674592376,5.960e-8,8.836e-8,0.824393153,0.824393153,0.000e0,0.829055905,5.656e-3,NaN,NaN,NaN,NaN
native,screen-web,news.ycombinator.com.png,1325,1450,1.921250,native,95,355236,4,1450|128|256|512,1|12|6|3,yes,1.481552005,1.481552005,0.000e0,0.000e0,0.687602460,0.687602401,5.960e-8,8.668e-8,1.481552005,1.481552005,0.000e0,1.632467866,1.019e-1,NaN,NaN,NaN,NaN
native,screen-web,news.ycombinator.com.png,1325,1450,1.921250,native,90,277534,4,1450|128|256|512,1|12|6|3,yes,2.610757828,2.610757828,0.000e0,0.000e0,0.852944136,0.852944195,5.960e-8,6.988e-8,2.610757828,2.610757828,0.000e0,2.905271769,1.128e-1,NaN,NaN,NaN,NaN
native,screen-web,news.ycombinator.com.png,1325,1450,1.921250,native,85,238832,4,1450|128|256|512,1|12|6|3,yes,3.290044785,3.290044785,0.000e0,0.000e0,1.044084430,1.044084430,0.000e0,0.000e0,3.290044785,3.290044785,0.000e0,3.599525690,9.407e-2,NaN,NaN,NaN,NaN
native,screen-web,news.ycombinator.com.png,1325,1450,1.921250,native,75,198031,4,1450|128|256|512,1|12|6|3,yes,4.493050098,4.493050098,0.000e0,0.000e0,1.370686769,1.370687008,2.384e-7,1.739e-7,4.493050098,4.493050098,0.000e0,4.776310444,6.304e-2,NaN,NaN,NaN,NaN
native,screen-web,news.ycombinator.com.png,1325,1450,1.921250,native,65,174600,4,1450|128|256|512,1|12|6|3,yes,5.477583408,5.477583408,0.000e0,0.000e0,2.009398937,2.009398937,0.000e0,0.000e0,5.477583408,5.477583408,0.000e0,5.904650688,7.797e-2,NaN,NaN,NaN,NaN
native,screen-web,news.ycombinator.com.png,1325,1450,1.921250,native,50,152118,4,1450|128|256|512,1|12|6|3,yes,5.867903709,5.867903709,0.000e0,0.000e0,1.939450383,1.939450264,1.192e-7,6.147e-8,5.867903709,5.867903709,0.000e0,6.441738129,9.779e-2,NaN,NaN,NaN,NaN
native,screen-web,news.ycombinator.com.png,1325,1450,1.921250,native,35,132542,4,1450|128|256|512,1|12|6|3,yes,6.806291103,6.806291103,0.000e0,0.000e0,2.364091635,2.364091396,2.384e-7,1.008e-7,6.806291103,6.806291103,0.000e0,7.003262043,2.894e-2,NaN,NaN,NaN,NaN
native,screen-web,news.ycombinator.com.png,1325,1450,1.921250,native,20,106682,4,1450|128|256|512,1|12|6|3,yes,9.041134834,9.041134834,0.000e0,0.000e0,3.465479374,3.465479612,2.384e-7,6.880e-8,9.041134834,9.041134834,0.000e0,8.494156837,6.050e-2,NaN,NaN,NaN,NaN
native,screen-web,news.ycombinator.com.png,1325,1450,1.921250,native,10,84992,4,1450|128|256|512,1|12|6|3,yes,12.755962372,12.755962372,0.000e0,0.000e0,5.529620647,5.529622555,1.907e-6,3.449e-7,12.755962372,12.755962372,0.000e0,11.833403587,7.232e-2,NaN,NaN,NaN,NaN
native,screen-web,news.ycombinator.com.png,1325,1450,1.921250,native,5,71679,4,1450|128|256|512,1|12|6|3,yes,24.117605209,24.117605209,0.000e0,0.000e0,8.292091370,8.292089462,1.907e-6,2.300e-7,24.117605209,24.117605209,0.000e0,23.008441925,4.599e-2,NaN,NaN,NaN,NaN
native,screen-web,nytimes.com.png,1313,5780,7.589140,native,100,2708986,4,5780|128|256|512,1|46|23|12,yes,0.826780558,0.826780558,0.000e0,0.000e0,0.188323632,0.188323662,2.980e-8,1.583e-7,0.826780558,0.826780558,0.000e0,0.739213884,1.059e-1,NaN,NaN,NaN,NaN
native,screen-web,nytimes.com.png,1313,5780,7.589140,native,98,2205872,4,5780|128|256|512,1|46|23|12,yes,0.796911120,0.796911120,0.000e0,0.000e0,0.221243978,0.221243963,1.490e-8,6.735e-8,0.796911120,0.796911120,0.000e0,0.837511361,5.095e-2,NaN,NaN,NaN,NaN
native,screen-web,nytimes.com.png,1313,5780,7.589140,native,95,1712396,4,5780|128|256|512,1|46|23|12,yes,1.383898616,1.383898616,0.000e0,0.000e0,0.364113599,0.364113629,2.980e-8,8.185e-8,1.383898616,1.383898616,0.000e0,1.511037588,9.187e-2,NaN,NaN,NaN,NaN
native,screen-web,nytimes.com.png,1313,5780,7.589140,native,90,1320165,4,5780|128|256|512,1|46|23|12,yes,2.117000341,2.117000341,0.000e0,0.000e0,0.605830431,0.605830491,5.960e-8,9.839e-8,2.117000341,2.117000341,0.000e0,2.305761099,8.916e-2,NaN,NaN,NaN,NaN
native,screen-web,nytimes.com.png,1313,5780,7.589140,native,85,1132156,4,5780|128|256|512,1|46|23|12,yes,3.038055420,3.038055420,0.000e0,0.000e0,0.831595838,0.831595898,5.960e-8,7.168e-8,3.038055420,3.038055420,0.000e0,3.277378321,7.878e-2,NaN,NaN,NaN,NaN
native,screen-web,nytimes.com.png,1313,5780,7.589140,native,75,927962,4,5780|128|256|512,1|46|23|12,yes,4.562402725,4.562402725,0.000e0,0.000e0,1.215538621,1.215538979,3.576e-7,2.942e-7,4.562402725,4.562402725,0.000e0,4.247136116,6.910e-2,NaN,NaN,NaN,NaN
native,screen-web,nytimes.com.png,1313,5780,7.589140,native,65,813001,4,5780|128|256|512,1|46|23|12,yes,5.989015102,5.989015102,0.000e0,0.000e0,1.568280816,1.568280578,2.384e-7,1.520e-7,5.989015102,5.989015102,0.000e0,5.616410255,6.221e-2,NaN,NaN,NaN,NaN
native,screen-web,nytimes.com.png,1313,5780,7.589140,native,50,704906,4,5780|128|256|512,1|46|23|12,yes,7.192818642,7.192818642,0.000e0,0.000e0,1.926134586,1.926134825,2.384e-7,1.238e-7,7.192818642,7.192818642,0.000e0,6.695347309,6.916e-2,NaN,NaN,NaN,NaN
native,screen-web,nytimes.com.png,1313,5780,7.589140,native,35,609547,4,5780|128|256|512,1|46|23|12,yes,7.373945713,7.373945713,0.000e0,0.000e0,2.319830894,2.319831610,7.153e-7,3.083e-7,7.373945713,7.373945713,0.000e0,6.972233295,5.448e-2,NaN,NaN,NaN,NaN
native,screen-web,nytimes.com.png,1313,5780,7.589140,native,20,484918,4,5780|128|256|512,1|46|23|12,yes,9.853200912,9.853200912,0.000e0,0.000e0,3.218295336,3.218295097,2.384e-7,7.408e-8,9.853200912,9.853200912,0.000e0,9.397568703,4.624e-2,NaN,NaN,NaN,NaN
native,screen-web,nytimes.com.png,1313,5780,7.589140,native,10,381042,4,5780|128|256|512,1|46|23|12,yes,15.027165413,15.027165413,0.000e0,0.000e0,4.202835560,4.202835083,4.768e-7,1.135e-7,15.027165413,15.027165413,0.000e0,13.603726387,9.472e-2,NaN,NaN,NaN,NaN
native,screen-web,nytimes.com.png,1313,5780,7.589140,native,5,311753,4,5780|128|256|512,1|46|23|12,yes,18.001649857,18.001649857,0.000e0,0.000e0,7.786395550,7.786398411,2.861e-6,3.674e-7,18.001649857,18.001649857,0.000e0,17.128114700,4.853e-2,NaN,NaN,NaN,NaN
native,lineart-plot,plot-7000_plots_line-00056-s6bcec02a_1024x1024.sdr.png,1024,1024,1.048576,native,100,1632676,4,1024|128|256|512,1|8|4|2,yes,0.397908688,0.397908688,0.000e0,0.000e0,0.115967967,0.115967974,7.451e-9,6.425e-8,0.397908688,0.397908688,0.000e0,0.378033549,4.995e-2,NaN,NaN,NaN,NaN
native,lineart-plot,plot-7000_plots_line-00056-s6bcec02a_1024x1024.sdr.png,1024,1024,1.048576,native,98,1286554,4,1024|128|256|512,1|8|4|2,yes,0.704734504,0.704734504,0.000e0,0.000e0,0.216385186,0.216385216,2.980e-8,1.377e-7,0.704734504,0.704734504,0.000e0,0.754918754,7.121e-2,NaN,NaN,NaN,NaN
native,lineart-plot,plot-7000_plots_line-00056-s6bcec02a_1024x1024.sdr.png,1024,1024,1.048576,native,95,973069,4,1024|128|256|512,1|8|4|2,yes,1.359972358,1.359972358,0.000e0,0.000e0,0.460365355,0.460365355,0.000e0,0.000e0,1.359972358,1.359972358,0.000e0,1.544490457,1.357e-1,NaN,NaN,NaN,NaN
native,lineart-plot,plot-7000_plots_line-00056-s6bcec02a_1024x1024.sdr.png,1024,1024,1.048576,native,90,739033,4,1024|128|256|512,1|8|4|2,yes,2.154590368,2.154590368,0.000e0,0.000e0,0.795748055,0.795747995,5.960e-8,7.490e-8,2.154590368,2.154590368,0.000e0,2.442205667,1.335e-1,NaN,NaN,NaN,NaN
native,lineart-plot,plot-7000_plots_line-00056-s6bcec02a_1024x1024.sdr.png,1024,1024,1.048576,native,85,622208,4,1024|128|256|512,1|8|4|2,yes,2.904515505,2.904515505,0.000e0,0.000e0,1.081838846,1.081838965,1.192e-7,1.102e-7,2.904515505,2.904515505,0.000e0,3.186430931,9.706e-2,NaN,NaN,NaN,NaN
native,lineart-plot,plot-7000_plots_line-00056-s6bcec02a_1024x1024.sdr.png,1024,1024,1.048576,native,75,496031,4,1024|128|256|512,1|8|4|2,yes,3.945669413,3.945669413,0.000e0,0.000e0,1.623264551,1.623264551,0.000e0,0.000e0,3.945669413,3.945669413,0.000e0,4.145231247,5.058e-2,NaN,NaN,NaN,NaN
native,lineart-plot,plot-7000_plots_line-00056-s6bcec02a_1024x1024.sdr.png,1024,1024,1.048576,native,65,423137,4,1024|128|256|512,1|8|4|2,yes,5.661940098,5.661940098,0.000e0,0.000e0,2.178607464,2.178607941,4.768e-7,2.189e-7,5.661940098,5.661940098,0.000e0,5.369993210,5.156e-2,NaN,NaN,NaN,NaN
native,lineart-plot,plot-7000_plots_line-00056-s6bcec02a_1024x1024.sdr.png,1024,1024,1.048576,native,50,352972,4,1024|128|256|512,1|8|4|2,yes,6.882946968,6.882946968,0.000e0,0.000e0,2.922415018,2.922415257,2.384e-7,8.158e-8,6.882946968,6.882946968,0.000e0,6.661024570,3.224e-2,NaN,NaN,NaN,NaN
native,lineart-plot,plot-7000_plots_line-00056-s6bcec02a_1024x1024.sdr.png,1024,1024,1.048576,native,35,292531,4,1024|128|256|512,1|8|4|2,yes,9.054619789,9.054619789,0.000e0,0.000e0,3.806083918,3.806084633,7.153e-7,1.879e-7,9.054619789,9.054619789,0.000e0,8.713500023,3.767e-2,NaN,NaN,NaN,NaN
native,lineart-plot,plot-7000_plots_line-00056-s6bcec02a_1024x1024.sdr.png,1024,1024,1.048576,native,20,218135,4,1024|128|256|512,1|8|4|2,yes,11.695522308,11.695522308,0.000e0,0.000e0,5.548201084,5.548201084,0.000e0,0.000e0,11.695522308,11.695522308,0.000e0,11.292768478,3.444e-2,NaN,NaN,NaN,NaN
native,lineart-plot,plot-7000_plots_line-00056-s6bcec02a_1024x1024.sdr.png,1024,1024,1.048576,native,10,158532,4,1024|128|256|512,1|8|4|2,yes,15.256262779,15.256262779,0.000e0,0.000e0,6.980626583,6.980626106,4.768e-7,6.831e-8,15.256262779,15.256262779,0.000e0,14.831041336,2.787e-2,NaN,NaN,NaN,NaN
native,lineart-plot,plot-7000_plots_line-00056-s6bcec02a_1024x1024.sdr.png,1024,1024,1.048576,native,5,121280,4,1024|128|256|512,1|8|4|2,yes,16.322095871,16.322095871,0.000e0,0.000e0,8.014643669,8.014643669,0.000e0,0.000e0,16.322095871,16.322095871,0.000e0,16.146421432,1.076e-2,NaN,NaN,NaN,NaN
native,lineart-plot,plot-7002_plots_line-00118-s306ca2bd_1024x1024.sdr.png,1024,1024,1.048576,native,100,2002966,4,1024|128|256|512,1|8|4|2,yes,0.754340529,0.754340529,0.000e0,0.000e0,0.286738187,0.286738276,8.941e-8,3.118e-7,0.754340529,0.754340529,0.000e0,0.715214670,5.187e-2,NaN,NaN,NaN,NaN
native,lineart-plot,plot-7002_plots_line-00118-s306ca2bd_1024x1024.sdr.png,1024,1024,1.048576,native,98,1525023,4,1024|128|256|512,1|8|4|2,yes,0.824272692,0.824272692,0.000e0,0.000e0,0.318864286,0.318864226,5.960e-8,1.869e-7,0.824272692,0.824272692,0.000e0,0.838301718,1.702e-2,NaN,NaN,NaN,NaN
native,lineart-plot,plot-7002_plots_line-00118-s306ca2bd_1024x1024.sdr.png,1024,1024,1.048576,native,95,1093039,4,1024|128|256|512,1|8|4|2,yes,1.442908049,1.442908049,0.000e0,0.000e0,0.526037276,0.526037157,1.192e-7,2.266e-7,1.442908049,1.442908049,0.000e0,1.569883585,8.800e-2,NaN,NaN,NaN,NaN
native,lineart-plot,plot-7002_plots_line-00118-s306ca2bd_1024x1024.sdr.png,1024,1024,1.048576,native,90,803540,4,1024|128|256|512,1|8|4|2,yes,2.605509758,2.605509758,0.000e0,0.000e0,0.887860894,0.887860954,5.960e-8,6.713e-8,2.605509758,2.605509758,0.000e0,2.870716333,1.018e-1,NaN,NaN,NaN,NaN
native,lineart-plot,plot-7002_plots_line-00118-s306ca2bd_1024x1024.sdr.png,1024,1024,1.048576,native,85,668143,4,1024|128|256|512,1|8|4|2,yes,3.090755939,3.090755939,0.000e0,0.000e0,1.174170852,1.174170852,0.000e0,0.000e0,3.090755939,3.090755939,0.000e0,3.324668646,7.568e-2,NaN,NaN,NaN,NaN
native,lineart-plot,plot-7002_plots_line-00118-s306ca2bd_1024x1024.sdr.png,1024,1024,1.048576,native,75,522902,4,1024|128|256|512,1|8|4|2,yes,4.179402828,4.179402828,0.000e0,0.000e0,1.664542675,1.664542556,1.192e-7,7.162e-8,4.179402828,4.179402828,0.000e0,4.648357868,1.122e-1,NaN,NaN,NaN,NaN
native,lineart-plot,plot-7002_plots_line-00118-s306ca2bd_1024x1024.sdr.png,1024,1024,1.048576,native,65,443471,4,1024|128|256|512,1|8|4|2,yes,5.212436676,5.212436676,0.000e0,0.000e0,2.012421608,2.012421370,2.384e-7,1.185e-7,5.212436676,5.212436676,0.000e0,5.709799767,9.542e-2,NaN,NaN,NaN,NaN
native,lineart-plot,plot-7002_plots_line-00118-s306ca2bd_1024x1024.sdr.png,1024,1024,1.048576,native,50,368942,4,1024|128|256|512,1|8|4|2,yes,5.932752132,5.932752132,0.000e0,0.000e0,2.543752193,2.543752193,0.000e0,0.000e0,5.932752132,5.932752132,0.000e0,6.376276016,7.476e-2,NaN,NaN,NaN,NaN
native,lineart-plot,plot-7002_plots_line-00118-s306ca2bd_1024x1024.sdr.png,1024,1024,1.048576,native,35,304106,4,1024|128|256|512,1|8|4|2,yes,9.517542839,9.517542839,0.000e0,0.000e0,3.217572451,3.217572927,4.768e-7,1.482e-7,9.517542839,9.517542839,0.000e0,10.149286270,6.638e-2,NaN,NaN,NaN,NaN
native,lineart-plot,plot-7002_plots_line-00118-s306ca2bd_1024x1024.sdr.png,1024,1024,1.048576,native,20,220839,4,1024|128|256|512,1|8|4|2,yes,11.629992485,11.629992485,0.000e0,0.000e0,4.877828598,4.877828121,4.768e-7,9.776e-8,11.629992485,11.629992485,0.000e0,11.907923698,2.390e-2,NaN,NaN,NaN,NaN
native,lineart-plot,plot-7002_plots_line-00118-s306ca2bd_1024x1024.sdr.png,1024,1024,1.048576,native,10,158252,4,1024|128|256|512,1|8|4|2,yes,14.241190910,14.241190910,0.000e0,0.000e0,6.810499668,6.810498238,1.431e-6,2.100e-7,14.241190910,14.241190910,0.000e0,14.353453636,7.883e-3,NaN,NaN,NaN,NaN
native,lineart-plot,plot-7002_plots_line-00118-s306ca2bd_1024x1024.sdr.png,1024,1024,1.048576,native,5,120382,4,1024|128|256|512,1|8|4|2,yes,19.881975174,19.881975174,0.000e0,0.000e0,8.445168495,8.445167542,9.537e-7,1.129e-7,19.881975174,19.881975174,0.000e0,18.832263947,5.280e-2,NaN,NaN,NaN,NaN
native,lineart-plot,plot-7003_plots_line-00208-s6c4f8551_1024x1024.sdr.png,1024,1024,1.048576,native,100,2044356,4,1024|128|256|512,1|8|4|2,yes,0.348433286,0.348433286,0.000e0,0.000e0,0.119878247,0.119878247,0.000e0,0.000e0,0.348433286,0.348433286,0.000e0,0.361453950,3.737e-2,NaN,NaN,NaN,NaN
native,lineart-plot,plot-7003_plots_line-00208-s6c4f8551_1024x1024.sdr.png,1024,1024,1.048576,native,98,1566029,4,1024|128|256|512,1|8|4|2,yes,0.467651516,0.467651516,0.000e0,0.000e0,0.143736631,0.143736631,0.000e0,0.000e0,0.467651516,0.467651516,0.000e0,0.490684897,4.925e-2,NaN,NaN,NaN,NaN
native,lineart-plot,plot-7003_plots_line-00208-s6c4f8551_1024x1024.sdr.png,1024,1024,1.048576,native,95,1144121,4,1024|128|256|512,1|8|4|2,yes,0.963843822,0.963843822,0.000e0,0.000e0,0.284422398,0.284422427,2.980e-8,1.048e-7,0.963843822,0.963843822,0.000e0,1.077896357,1.183e-1,NaN,NaN,NaN,NaN
native,lineart-plot,plot-7003_plots_line-00208-s6c4f8551_1024x1024.sdr.png,1024,1024,1.048576,native,90,856557,4,1024|128|256|512,1|8|4|2,yes,1.506907463,1.506907463,0.000e0,0.000e0,0.510420442,0.510420382,5.960e-8,1.168e-7,1.506907463,1.506907463,0.000e0,1.630232096,8.184e-2,NaN,NaN,NaN,NaN
native,lineart-plot,plot-7003_plots_line-00208-s6c4f8551_1024x1024.sdr.png,1024,1024,1.048576,native,85,713946,4,1024|128|256|512,1|8|4|2,yes,2.404939890,2.404939890,0.000e0,0.000e0,0.735627949,0.735628188,2.384e-7,3.241e-7,2.404939890,2.404939890,0.000e0,2.616599798,8.801e-2,NaN,NaN,NaN,NaN
native,lineart-plot,plot-7003_plots_line-00208-s6c4f8551_1024x1024.sdr.png,1024,1024,1.048576,native,75,565106,4,1024|128|256|512,1|8|4|2,yes,3.347720385,3.347720385,0.000e0,0.000e0,1.105286598,1.105286717,1.192e-7,1.079e-7,3.347720385,3.347720385,0.000e0,3.388218880,1.210e-2,NaN,NaN,NaN,NaN
native,lineart-plot,plot-7003_plots_line-00208-s6c4f8551_1024x1024.sdr.png,1024,1024,1.048576,native,65,480913,4,1024|128|256|512,1|8|4|2,yes,3.843864202,3.843864202,0.000e0,0.000e0,1.440600991,1.440601349,3.576e-7,2.482e-7,3.843864202,3.843864202,0.000e0,4.120500565,7.197e-2,NaN,NaN,NaN,NaN
native,lineart-plot,plot-7003_plots_line-00208-s6c4f8551_1024x1024.sdr.png,1024,1024,1.048576,native,50,400530,4,1024|128|256|512,1|8|4|2,yes,5.895797729,5.895797729,0.000e0,0.000e0,1.961467028,1.961466789,2.384e-7,1.216e-7,5.895797729,5.895797729,0.000e0,5.498620033,6.737e-2,NaN,NaN,NaN,NaN
native,lineart-plot,plot-7003_plots_line-00208-s6c4f8551_1024x1024.sdr.png,1024,1024,1.048576,native,35,332898,4,1024|128|256|512,1|8|4|2,yes,8.343908310,8.343908310,0.000e0,0.000e0,2.559705496,2.559705734,2.384e-7,9.314e-8,8.343908310,8.343908310,0.000e0,8.669704437,3.905e-2,NaN,NaN,NaN,NaN
native,lineart-plot,plot-7003_plots_line-00208-s6c4f8551_1024x1024.sdr.png,1024,1024,1.048576,native,20,245168,4,1024|128|256|512,1|8|4|2,yes,10.434141159,10.434141159,0.000e0,0.000e0,3.715511322,3.715511084,2.384e-7,6.417e-8,10.434141159,10.434141159,0.000e0,9.966356277,4.483e-2,NaN,NaN,NaN,NaN
native,lineart-plot,plot-7003_plots_line-00208-s6c4f8551_1024x1024.sdr.png,1024,1024,1.048576,native,10,177334,4,1024|128|256|512,1|8|4|2,yes,12.199499130,12.199499130,0.000e0,0.000e0,4.770932198,4.770931721,4.768e-7,9.995e-8,12.199499130,12.199499130,0.000e0,11.731158257,3.839e-2,NaN,NaN,NaN,NaN
native,lineart-plot,plot-7003_plots_line-00208-s6c4f8551_1024x1024.sdr.png,1024,1024,1.048576,native,5,136240,4,1024|128|256|512,1|8|4|2,yes,16.075740814,16.075740814,0.000e0,0.000e0,6.093482018,6.093481541,4.768e-7,7.825e-8,16.075740814,16.075740814,0.000e0,16.113073349,2.322e-3,NaN,NaN,NaN,NaN
native,lineart-plot,plot-7005_plots_line-00260-s5da77574_1024x1024.sdr.png,1024,1024,1.048576,native,100,1307174,4,1024|128|256|512,1|8|4|2,yes,0.354288906,0.354288906,0.000e0,0.000e0,0.122438058,0.122438058,0.000e0,0.000e0,0.354288906,0.354288906,0.000e0,0.353662163,1.769e-3,NaN,NaN,NaN,NaN
native,lineart-plot,plot-7005_plots_line-00260-s5da77574_1024x1024.sdr.png,1024,1024,1.048576,native,98,1038438,4,1024|128|256|512,1|8|4|2,yes,0.619976223,0.619976223,0.000e0,0.000e0,0.219375208,0.219375193,1.490e-8,6.793e-8,0.619976223,0.619976223,0.000e0,0.642639399,3.655e-2,NaN,NaN,NaN,NaN
native,lineart-plot,plot-7005_plots_line-00260-s5da77574_1024x1024.sdr.png,1024,1024,1.048576,native,95,789212,4,1024|128|256|512,1|8|4|2,yes,1.306704879,1.306704879,0.000e0,0.000e0,0.500438631,0.500438631,0.000e0,0.000e0,1.306704879,1.306704879,0.000e0,1.288349867,1.405e-2,NaN,NaN,NaN,NaN
native,lineart-plot,plot-7005_plots_line-00260-s5da77574_1024x1024.sdr.png,1024,1024,1.048576,native,90,603962,4,1024|128|256|512,1|8|4|2,yes,2.257670164,2.257670164,0.000e0,0.000e0,0.982632220,0.982632160,5.960e-8,6.066e-8,2.257670164,2.257670164,0.000e0,2.123773813,5.931e-2,NaN,NaN,NaN,NaN
native,lineart-plot,plot-7005_plots_line-00260-s5da77574_1024x1024.sdr.png,1024,1024,1.048576,native,85,509424,4,1024|128|256|512,1|8|4|2,yes,3.524570704,3.524570704,0.000e0,0.000e0,1.422671199,1.422671199,0.000e0,0.000e0,3.524570704,3.524570704,0.000e0,3.300078154,6.369e-2,NaN,NaN,NaN,NaN
native,lineart-plot,plot-7005_plots_line-00260-s5da77574_1024x1024.sdr.png,1024,1024,1.048576,native,75,408538,4,1024|128|256|512,1|8|4|2,yes,5.324316025,5.324316025,0.000e0,0.000e0,2.167201757,2.167201996,2.384e-7,1.100e-7,5.324316025,5.324316025,0.000e0,4.683854103,1.203e-1,NaN,NaN,NaN,NaN
native,lineart-plot,plot-7005_plots_line-00260-s5da77574_1024x1024.sdr.png,1024,1024,1.048576,native,65,349263,4,1024|128|256|512,1|8|4|2,yes,6.910684109,6.910684109,0.000e0,0.000e0,2.838361979,2.838362455,4.768e-7,1.680e-7,6.910684109,6.910684109,0.000e0,6.173169613,1.067e-1,NaN,NaN,NaN,NaN
native,lineart-plot,plot-7005_plots_line-00260-s5da77574_1024x1024.sdr.png,1024,1024,1.048576,native,50,293899,4,1024|128|256|512,1|8|4|2,yes,8.497483253,8.497483253,0.000e0,0.000e0,3.567852497,3.567852974,4.768e-7,1.336e-7,8.497483253,8.497483253,0.000e0,7.648612022,9.990e-2,NaN,NaN,NaN,NaN
native,lineart-plot,plot-7005_plots_line-00260-s5da77574_1024x1024.sdr.png,1024,1024,1.048576,native,35,244762,4,1024|128|256|512,1|8|4|2,yes,10.696085930,10.696085930,0.000e0,0.000e0,4.452550888,4.452550888,0.000e0,0.000e0,10.696085930,10.696085930,0.000e0,9.720241547,9.123e-2,NaN,NaN,NaN,NaN
native,lineart-plot,plot-7005_plots_line-00260-s5da77574_1024x1024.sdr.png,1024,1024,1.048576,native,20,183303,4,1024|128|256|512,1|8|4|2,yes,12.795323372,12.795323372,0.000e0,0.000e0,5.986215591,5.986215115,4.768e-7,7.966e-8,12.795323372,12.795323372,0.000e0,11.917777061,6.858e-2,NaN,NaN,NaN,NaN
native,lineart-plot,plot-7005_plots_line-00260-s5da77574_1024x1024.sdr.png,1024,1024,1.048576,native,10,134756,4,1024|128|256|512,1|8|4|2,yes,16.683372498,16.683372498,0.000e0,0.000e0,7.333529472,7.333528519,9.537e-7,1.300e-7,16.683372498,16.683372498,0.000e0,15.668618202,6.082e-2,NaN,NaN,NaN,NaN
native,lineart-plot,plot-7005_plots_line-00260-s5da77574_1024x1024.sdr.png,1024,1024,1.048576,native,5,103037,4,1024|128|256|512,1|8|4|2,yes,17.735206604,17.735206604,0.000e0,0.000e0,8.089117050,8.089118004,9.537e-7,1.179e-7,17.735206604,17.735206604,0.000e0,16.720531464,5.721e-2,NaN,NaN,NaN,NaN
native,lineart-plot,plot-7007_plots_line-00020-s1aac7045_1024x1024.sdr.png,1024,1024,1.048576,native,100,1475837,4,1024|128|256|512,1|8|4|2,yes,0.710292101,0.710292101,0.000e0,0.000e0,0.341410756,0.341410816,5.960e-8,1.746e-7,0.710292101,0.710292101,0.000e0,0.643781304,9.364e-2,NaN,NaN,NaN,NaN
native,lineart-plot,plot-7007_plots_line-00020-s1aac7045_1024x1024.sdr.png,1024,1024,1.048576,native,98,1151225,4,1024|128|256|512,1|8|4|2,yes,0.761265755,0.761265755,0.000e0,0.000e0,0.345195442,0.345195502,5.960e-8,1.727e-7,0.761265755,0.761265755,0.000e0,0.783545732,2.927e-2,NaN,NaN,NaN,NaN
native,lineart-plot,plot-7007_plots_line-00020-s1aac7045_1024x1024.sdr.png,1024,1024,1.048576,native,95,850691,4,1024|128|256|512,1|8|4|2,yes,1.342642903,1.342642903,0.000e0,0.000e0,0.475220710,0.475220799,8.941e-8,1.881e-7,1.342642903,1.342642903,0.000e0,1.452020764,8.146e-2,NaN,NaN,NaN,NaN
native,lineart-plot,plot-7007_plots_line-00020-s1aac7045_1024x1024.sdr.png,1024,1024,1.048576,native,90,640200,4,1024|128|256|512,1|8|4|2,yes,2.403314590,2.403314590,0.000e0,0.000e0,0.803620577,0.803620577,0.000e0,0.000e0,2.403314590,2.403314590,0.000e0,2.611646175,8.669e-2,NaN,NaN,NaN,NaN
native,lineart-plot,plot-7007_plots_line-00020-s1aac7045_1024x1024.sdr.png,1024,1024,1.048576,native,85,540097,4,1024|128|256|512,1|8|4|2,yes,3.057929993,3.057929993,0.000e0,0.000e0,1.041217208,1.041217327,1.192e-7,1.145e-7,3.057929993,3.057929993,0.000e0,3.337272882,9.135e-2,NaN,NaN,NaN,NaN
native,lineart-plot,plot-7007_plots_line-00020-s1aac7045_1024x1024.sdr.png,1024,1024,1.048576,native,75,429997,4,1024|128|256|512,1|8|4|2,yes,4.211427689,4.211427689,0.000e0,0.000e0,1.494479895,1.494480014,1.192e-7,7.977e-8,4.211427689,4.211427689,0.000e0,4.633542538,1.002e-1,NaN,NaN,NaN,NaN
native,lineart-plot,plot-7007_plots_line-00020-s1aac7045_1024x1024.sdr.png,1024,1024,1.048576,native,65,369847,4,1024|128|256|512,1|8|4|2,yes,5.082260132,5.082260132,0.000e0,0.000e0,1.791559696,1.791559696,0.000e0,0.000e0,5.082260132,5.082260132,0.000e0,5.646368980,1.110e-1,NaN,NaN,NaN,NaN
native,lineart-plot,plot-7007_plots_line-00020-s1aac7045_1024x1024.sdr.png,1024,1024,1.048576,native,50,310078,4,1024|128|256|512,1|8|4|2,yes,5.997851372,5.997851372,0.000e0,0.000e0,2.275554895,2.275554895,0.000e0,0.000e0,5.997851372,5.997851372,0.000e0,6.455400944,7.629e-2,NaN,NaN,NaN,NaN
native,lineart-plot,plot-7007_plots_line-00020-s1aac7045_1024x1024.sdr.png,1024,1024,1.048576,native,35,260121,4,1024|128|256|512,1|8|4|2,yes,7.820764065,7.820764065,0.000e0,0.000e0,2.808484316,2.808484554,2.384e-7,8.489e-8,7.820764065,7.820764065,0.000e0,8.235344887,5.301e-2,NaN,NaN,NaN,NaN
native,lineart-plot,plot-7007_plots_line-00020-s1aac7045_1024x1024.sdr.png,1024,1024,1.048576,native,20,192910,4,1024|128|256|512,1|8|4|2,yes,11.090383530,11.090383530,0.000e0,0.000e0,4.279509544,4.279509068,4.768e-7,1.114e-7,11.090383530,11.090383530,0.000e0,11.129706383,3.546e-3,NaN,NaN,NaN,NaN
native,lineart-plot,plot-7007_plots_line-00020-s1aac7045_1024x1024.sdr.png,1024,1024,1.048576,native,10,142341,4,1024|128|256|512,1|8|4|2,yes,14.170258522,14.170258522,0.000e0,0.000e0,5.907066345,5.907066345,0.000e0,0.000e0,14.170258522,14.170258522,0.000e0,13.912508011,1.819e-2,NaN,NaN,NaN,NaN
native,lineart-plot,plot-7007_plots_line-00020-s1aac7045_1024x1024.sdr.png,1024,1024,1.048576,native,5,110236,4,1024|128|256|512,1|8|4|2,yes,18.559972763,18.559972763,0.000e0,0.000e0,7.932409763,7.932410240,4.768e-7,6.011e-8,18.559972763,18.559972763,0.000e0,18.698087692,7.442e-3,NaN,NaN,NaN,NaN
native,lineart-plot,plot-7008_plots_line-00027-s195cfe6a_1024x1024.sdr.png,1024,1024,1.048576,native,100,508525,4,1024|128|256|512,1|8|4|2,yes,0.871174872,0.871174872,0.000e0,0.000e0,0.766919613,0.766919672,5.960e-8,7.772e-8,0.871174872,0.871174872,0.000e0,0.645326912,2.592e-1,NaN,NaN,NaN,NaN
native,lineart-plot,plot-7008_plots_line-00027-s195cfe6a_1024x1024.sdr.png,1024,1024,1.048576,native,98,388822,4,1024|128|256|512,1|8|4|2,yes,0.935697854,0.935697854,0.000e0,0.000e0,0.767286539,0.767286539,0.000e0,0.000e0,0.935697854,0.935697854,0.000e0,0.909204125,2.831e-2,NaN,NaN,NaN,NaN
native,lineart-plot,plot-7008_plots_line-00027-s195cfe6a_1024x1024.sdr.png,1024,1024,1.048576,native,95,279882,4,1024|128|256|512,1|8|4|2,yes,1.502155781,1.502155781,0.000e0,0.000e0,0.781161427,0.781161427,0.000e0,0.000e0,1.502155781,1.502155781,0.000e0,1.584893227,5.508e-2,NaN,NaN,NaN,NaN
native,lineart-plot,plot-7008_plots_line-00027-s195cfe6a_1024x1024.sdr.png,1024,1024,1.048576,native,90,212709,4,1024|128|256|512,1|8|4|2,yes,2.934356213,2.934356213,0.000e0,0.000e0,0.999742687,0.999742508,1.788e-7,1.789e-7,2.934356213,2.934356213,0.000e0,3.061163187,4.321e-2,NaN,NaN,NaN,NaN
native,lineart-plot,plot-7008_plots_line-00027-s195cfe6a_1024x1024.sdr.png,1024,1024,1.048576,native,85,182828,4,1024|128|256|512,1|8|4|2,yes,3.283728838,3.283728838,0.000e0,0.000e0,1.220293880,1.220293880,0.000e0,0.000e0,3.283728838,3.283728838,0.000e0,3.536134243,7.687e-2,NaN,NaN,NaN,NaN
native,lineart-plot,plot-7008_plots_line-00027-s195cfe6a_1024x1024.sdr.png,1024,1024,1.048576,native,75,152538,4,1024|128|256|512,1|8|4|2,yes,5.311096191,5.311096191,0.000e0,0.000e0,1.755168319,1.755168080,2.384e-7,1.358e-7,5.311096191,5.311096191,0.000e0,5.618287563,5.784e-2,NaN,NaN,NaN,NaN
native,lineart-plot,plot-7008_plots_line-00027-s195cfe6a_1024x1024.sdr.png,1024,1024,1.048576,native,65,135444,4,1024|128|256|512,1|8|4|2,yes,6.048343182,6.048343182,0.000e0,0.000e0,2.034884214,2.034883022,1.192e-6,5.858e-7,6.048343182,6.048343182,0.000e0,6.587381363,8.912e-2,NaN,NaN,NaN,NaN
native,lineart-plot,plot-7008_plots_line-00027-s195cfe6a_1024x1024.sdr.png,1024,1024,1.048576,native,50,119092,4,1024|128|256|512,1|8|4|2,yes,7.477452278,7.477452278,0.000e0,0.000e0,2.999499559,2.999499559,0.000e0,0.000e0,7.477452278,7.477452278,0.000e0,7.948419571,6.298e-2,NaN,NaN,NaN,NaN
native,lineart-plot,plot-7008_plots_line-00027-s195cfe6a_1024x1024.sdr.png,1024,1024,1.048576,native,35,103114,4,1024|128|256|512,1|8|4|2,yes,8.839120865,8.839120865,0.000e0,0.000e0,3.318066597,3.318066835,2.384e-7,7.185e-8,8.839120865,8.839120865,0.000e0,8.923805237,9.581e-3,NaN,NaN,NaN,NaN
native,lineart-plot,plot-7008_plots_line-00027-s195cfe6a_1024x1024.sdr.png,1024,1024,1.048576,native,20,81789,4,1024|128|256|512,1|8|4|2,yes,13.633228302,13.633228302,0.000e0,0.000e0,5.715493202,5.715495586,2.384e-6,4.171e-7,13.633228302,13.633228302,0.000e0,13.353627205,2.051e-2,NaN,NaN,NaN,NaN
native,lineart-plot,plot-7008_plots_line-00027-s195cfe6a_1024x1024.sdr.png,1024,1024,1.048576,native,10,66804,4,1024|128|256|512,1|8|4|2,yes,18.077198029,18.077198029,0.000e0,0.000e0,11.199203491,11.199207306,3.815e-6,3.406e-7,18.077198029,18.077198029,0.000e0,16.570669174,8.334e-2,NaN,NaN,NaN,NaN
native,lineart-plot,plot-7008_plots_line-00027-s195cfe6a_1024x1024.sdr.png,1024,1024,1.048576,native,5,57389,4,1024|128|256|512,1|8|4|2,yes,22.430454254,22.430454254,0.000e0,0.000e0,15.827462196,15.827459335,2.861e-6,1.808e-7,22.430454254,22.430454254,0.000e0,20.989353180,6.425e-2,NaN,NaN,NaN,NaN
native,lineart-plot,plot-7011_plots_line-00121-s3491d29b_1024x1024.sdr.png,1024,1024,1.048576,native,100,794587,4,1024|128|256|512,1|8|4|2,yes,0.871174872,0.871174872,0.000e0,0.000e0,0.711297154,0.711297095,5.960e-8,8.380e-8,0.871174872,0.871174872,0.000e0,0.645326912,2.592e-1,NaN,NaN,NaN,NaN
native,lineart-plot,plot-7011_plots_line-00121-s3491d29b_1024x1024.sdr.png,1024,1024,1.048576,native,98,604275,4,1024|128|256|512,1|8|4|2,yes,0.889050782,0.889050782,0.000e0,0.000e0,0.712089956,0.712089837,1.192e-7,1.674e-7,0.889050782,0.889050782,0.000e0,0.917900324,3.245e-2,NaN,NaN,NaN,NaN
native,lineart-plot,plot-7011_plots_line-00121-s3491d29b_1024x1024.sdr.png,1024,1024,1.048576,native,95,429213,4,1024|128|256|512,1|8|4|2,yes,1.452487588,1.452487588,0.000e0,0.000e0,0.736912608,0.736912549,5.960e-8,8.088e-8,1.452487588,1.452487588,0.000e0,1.569800735,8.077e-2,NaN,NaN,NaN,NaN
native,lineart-plot,plot-7011_plots_line-00121-s3491d29b_1024x1024.sdr.png,1024,1024,1.048576,native,90,321809,4,1024|128|256|512,1|8|4|2,yes,2.525746822,2.525746822,0.000e0,0.000e0,0.995690107,0.995690167,5.960e-8,5.986e-8,2.525746822,2.525746822,0.000e0,2.793995857,1.062e-1,NaN,NaN,NaN,NaN
native,lineart-plot,plot-7011_plots_line-00121-s3491d29b_1024x1024.sdr.png,1024,1024,1.048576,native,85,274358,4,1024|128|256|512,1|8|4|2,yes,3.283934355,3.283934355,0.000e0,0.000e0,1.239498377,1.239498377,0.000e0,0.000e0,3.283934355,3.283934355,0.000e0,3.486333847,6.163e-2,NaN,NaN,NaN,NaN
native,lineart-plot,plot-7011_plots_line-00121-s3491d29b_1024x1024.sdr.png,1024,1024,1.048576,native,75,225834,4,1024|128|256|512,1|8|4|2,yes,4.849468231,4.849468231,0.000e0,0.000e0,1.802444577,1.802444220,3.576e-7,1.984e-7,4.849468231,4.849468231,0.000e0,5.198897362,7.206e-2,NaN,NaN,NaN,NaN
native,lineart-plot,plot-7011_plots_line-00121-s3491d29b_1024x1024.sdr.png,1024,1024,1.048576,native,65,198676,4,1024|128|256|512,1|8|4|2,yes,5.582322598,5.582322598,0.000e0,0.000e0,2.124396324,2.124397039,7.153e-7,3.367e-7,5.582322598,5.582322598,0.000e0,6.188222885,1.085e-1,NaN,NaN,NaN,NaN
native,lineart-plot,plot-7011_plots_line-00121-s3491d29b_1024x1024.sdr.png,1024,1024,1.048576,native,50,172754,4,1024|128|256|512,1|8|4|2,yes,6.972392082,6.972392082,0.000e0,0.000e0,2.948114395,2.948113918,4.768e-7,1.617e-7,6.972392082,6.972392082,0.000e0,7.587493420,8.822e-2,NaN,NaN,NaN,NaN
native,lineart-plot,plot-7011_plots_line-00121-s3491d29b_1024x1024.sdr.png,1024,1024,1.048576,native,35,147728,4,1024|128|256|512,1|8|4|2,yes,8.565514565,8.565514565,0.000e0,0.000e0,3.409178972,3.409179449,4.768e-7,1.399e-7,8.565514565,8.565514565,0.000e0,9.086685181,6.085e-2,NaN,NaN,NaN,NaN
native,lineart-plot,plot-7011_plots_line-00121-s3491d29b_1024x1024.sdr.png,1024,1024,1.048576,native,20,114161,4,1024|128|256|512,1|8|4|2,yes,12.518665314,12.518665314,0.000e0,0.000e0,5.629405499,5.629405499,0.000e0,0.000e0,12.518665314,12.518665314,0.000e0,12.345639229,1.382e-2,NaN,NaN,NaN,NaN
native,lineart-plot,plot-7011_plots_line-00121-s3491d29b_1024x1024.sdr.png,1024,1024,1.048576,native,10,89705,4,1024|128|256|512,1|8|4|2,yes,17.530344009,17.530344009,0.000e0,0.000e0,10.484645844,10.484646797,9.537e-7,9.096e-8,17.530344009,17.530344009,0.000e0,16.093025208,8.199e-2,NaN,NaN,NaN,NaN
native,lineart-plot,plot-7011_plots_line-00121-s3491d29b_1024x1024.sdr.png,1024,1024,1.048576,native,5,74821,4,1024|128|256|512,1|8|4|2,yes,21.280900955,21.280900955,0.000e0,0.000e0,14.780155182,14.780153275,1.907e-6,1.290e-7,21.280900955,21.280900955,0.000e0,19.951696396,6.246e-2,NaN,NaN,NaN,NaN
native,lineart-plot,plot-7013_plots_line-00146-s6f881573_1024x1024.sdr.png,1024,1024,1.048576,native,100,1561830,4,1024|128|256|512,1|8|4|2,yes,0.871147275,0.871147275,0.000e0,0.000e0,0.557501733,0.557501674,5.960e-8,1.069e-7,0.871147275,0.871147275,0.000e0,0.645326912,2.592e-1,NaN,NaN,NaN,NaN
native,lineart-plot,plot-7013_plots_line-00146-s6f881573_1024x1024.sdr.png,1024,1024,1.048576,native,98,1205818,4,1024|128|256|512,1|8|4|2,yes,0.871147275,0.871147275,0.000e0,0.000e0,0.557723999,0.557723999,0.000e0,0.000e0,0.871147275,0.871147275,0.000e0,0.761366367,1.260e-1,NaN,NaN,NaN,NaN
native,lineart-plot,plot-7013_plots_line-00146-s6f881573_1024x1024.sdr.png,1024,1024,1.048576,native,95,884735,4,1024|128|256|512,1|8|4|2,yes,1.428526044,1.428526044,0.000e0,0.000e0,0.583244503,0.583244443,5.960e-8,1.022e-7,1.428526044,1.428526044,0.000e0,1.534711361,7.433e-2,NaN,NaN,NaN,NaN
native,lineart-plot,plot-7013_plots_line-00146-s6f881573_1024x1024.sdr.png,1024,1024,1.048576,native,90,659914,4,1024|128|256|512,1|8|4|2,yes,2.219273806,2.219273806,0.000e0,0.000e0,0.797708154,0.797708154,0.000e0,0.000e0,2.219273806,2.219273806,0.000e0,2.363613605,6.504e-2,NaN,NaN,NaN,NaN
native,lineart-plot,plot-7013_plots_line-00146-s6f881573_1024x1024.sdr.png,1024,1024,1.048576,native,85,550959,4,1024|128|256|512,1|8|4|2,yes,3.070012331,3.070012331,0.000e0,0.000e0,1.015728474,1.015728354,1.192e-7,1.174e-7,3.070012331,3.070012331,0.000e0,3.321351528,8.187e-2,NaN,NaN,NaN,NaN
native,lineart-plot,plot-7013_plots_line-00146-s6f881573_1024x1024.sdr.png,1024,1024,1.048576,native,75,432865,4,1024|128|256|512,1|8|4|2,yes,4.279650211,4.279650211,0.000e0,0.000e0,1.427930236,1.427930474,2.384e-7,1.670e-7,4.279650211,4.279650211,0.000e0,4.585814476,7.154e-2,NaN,NaN,NaN,NaN
native,lineart-plot,plot-7013_plots_line-00146-s6f881573_1024x1024.sdr.png,1024,1024,1.048576,native,65,367884,4,1024|128|256|512,1|8|4|2,yes,4.936589718,4.936589718,0.000e0,0.000e0,1.723155618,1.723155260,3.576e-7,2.075e-7,4.936589718,4.936589718,0.000e0,5.227529526,5.894e-2,NaN,NaN,NaN,NaN
native,lineart-plot,plot-7013_plots_line-00146-s6f881573_1024x1024.sdr.png,1024,1024,1.048576,native,50,306406,4,1024|128|256|512,1|8|4|2,yes,6.451775074,6.451775074,0.000e0,0.000e0,2.295802355,2.295802593,2.384e-7,1.038e-7,6.451775074,6.451775074,0.000e0,6.825755119,5.797e-2,NaN,NaN,NaN,NaN
native,lineart-plot,plot-7013_plots_line-00146-s6f881573_1024x1024.sdr.png,1024,1024,1.048576,native,35,253963,4,1024|128|256|512,1|8|4|2,yes,6.800282955,6.800282955,0.000e0,0.000e0,2.712049246,2.712049723,4.768e-7,1.758e-7,6.800282955,6.800282955,0.000e0,7.387361050,8.633e-2,NaN,NaN,NaN,NaN
native,lineart-plot,plot-7013_plots_line-00146-s6f881573_1024x1024.sdr.png,1024,1024,1.048576,native,20,184803,4,1024|128|256|512,1|8|4|2,yes,10.870092392,10.870092392,0.000e0,0.000e0,4.379466534,4.379466057,4.768e-7,1.089e-7,10.870092392,10.870092392,0.000e0,11.221487999,3.233e-2,NaN,NaN,NaN,NaN
native,lineart-plot,plot-7013_plots_line-00146-s6f881573_1024x1024.sdr.png,1024,1024,1.048576,native,10,133218,4,1024|128|256|512,1|8|4|2,yes,13.569599152,13.569599152,0.000e0,0.000e0,8.210237503,8.210236549,9.537e-7,1.162e-7,13.569599152,13.569599152,0.000e0,12.869644165,5.158e-2,NaN,NaN,NaN,NaN
native,lineart-plot,plot-7013_plots_line-00146-s6f881573_1024x1024.sdr.png,1024,1024,1.048576,native,5,102335,4,1024|128|256|512,1|8|4|2,yes,19.190296173,19.190296173,0.000e0,0.000e0,11.577211380,11.577210426,9.537e-7,8.238e-8,19.190296173,19.190296173,0.000e0,19.180747986,4.976e-4,NaN,NaN,NaN,NaN
native,illustration,illustration-9097_gen_illustrations_autumn-deciduous-path_1024x1536.sdr.png,1024,1536,1.572864,native,100,2944510,4,1536|128|256|512,1|12|6|3,yes,0.427264243,0.427264243,0.000e0,0.000e0,0.159540176,0.159540206,2.980e-8,1.868e-7,0.427264243,0.427264243,0.000e0,0.449741930,5.261e-2,NaN,NaN,NaN,NaN
native,illustration,illustration-9097_gen_illustrations_autumn-deciduous-path_1024x1536.sdr.png,1024,1536,1.572864,native,98,2175473,4,1536|128|256|512,1|12|6|3,yes,0.563309908,0.563309908,0.000e0,0.000e0,0.224814251,0.224814266,1.490e-8,6.628e-8,0.563309908,0.563309908,0.000e0,0.605581343,7.504e-2,NaN,NaN,NaN,NaN
native,illustration,illustration-9097_gen_illustrations_autumn-deciduous-path_1024x1536.sdr.png,1024,1536,1.572864,native,95,1471764,4,1536|128|256|512,1|12|6|3,yes,1.065198302,1.065198302,0.000e0,0.000e0,0.416183621,0.416183621,0.000e0,0.000e0,1.065198302,1.065198302,0.000e0,1.130422592,6.123e-2,NaN,NaN,NaN,NaN
native,illustration,illustration-9097_gen_illustrations_autumn-deciduous-path_1024x1536.sdr.png,1024,1536,1.572864,native,90,1017012,4,1536|128|256|512,1|12|6|3,yes,1.515271544,1.515271544,0.000e0,0.000e0,0.670669079,0.670669198,1.192e-7,1.777e-7,1.515271544,1.515271544,0.000e0,1.608334780,6.142e-2,NaN,NaN,NaN,NaN
native,illustration,illustration-9097_gen_illustrations_autumn-deciduous-path_1024x1536.sdr.png,1024,1536,1.572864,native,85,808858,4,1536|128|256|512,1|12|6|3,yes,1.877005339,1.877005339,0.000e0,0.000e0,0.864234567,0.864234447,1.192e-7,1.379e-7,1.877005339,1.877005339,0.000e0,2.021349907,7.690e-2,NaN,NaN,NaN,NaN
native,illustration,illustration-9097_gen_illustrations_autumn-deciduous-path_1024x1536.sdr.png,1024,1536,1.572864,native,75,594998,4,1536|128|256|512,1|12|6|3,yes,2.567029715,2.567029715,0.000e0,0.000e0,1.145098567,1.145098567,0.000e0,0.000e0,2.567029715,2.567029715,0.000e0,2.716623068,5.827e-2,NaN,NaN,NaN,NaN
native,illustration,illustration-9097_gen_illustrations_autumn-deciduous-path_1024x1536.sdr.png,1024,1536,1.572864,native,65,488105,4,1536|128|256|512,1|12|6|3,yes,3.122462034,3.122462034,0.000e0,0.000e0,1.338521242,1.338521600,3.576e-7,2.672e-7,3.122462034,3.122462034,0.000e0,3.278212070,4.988e-2,NaN,NaN,NaN,NaN
native,illustration,illustration-9097_gen_illustrations_autumn-deciduous-path_1024x1536.sdr.png,1024,1536,1.572864,native,50,393310,4,1536|128|256|512,1|12|6|3,yes,3.555993080,3.555993080,0.000e0,0.000e0,1.580633402,1.580633044,3.576e-7,2.263e-7,3.555993080,3.555993080,0.000e0,3.732790470,4.972e-2,NaN,NaN,NaN,NaN
native,illustration,illustration-9097_gen_illustrations_autumn-deciduous-path_1024x1536.sdr.png,1024,1536,1.572864,native,35,311694,4,1536|128|256|512,1|12|6|3,yes,4.176911354,4.176911354,0.000e0,0.000e0,1.862765551,1.862765551,0.000e0,0.000e0,4.176911354,4.176911354,0.000e0,4.102734566,1.776e-2,NaN,NaN,NaN,NaN
native,illustration,illustration-9097_gen_illustrations_autumn-deciduous-path_1024x1536.sdr.png,1024,1536,1.572864,native,20,208718,4,1536|128|256|512,1|12|6|3,yes,5.392049789,5.392049789,0.000e0,0.000e0,2.516557455,2.516557932,4.768e-7,1.895e-7,5.392049789,5.392049789,0.000e0,5.314225674,1.443e-2,NaN,NaN,NaN,NaN
native,illustration,illustration-9097_gen_illustrations_autumn-deciduous-path_1024x1536.sdr.png,1024,1536,1.572864,native,10,123161,4,1536|128|256|512,1|12|6|3,yes,9.150964737,9.150964737,0.000e0,0.000e0,3.904665709,3.904666424,7.153e-7,1.832e-7,9.150964737,9.150964737,0.000e0,9.014558792,1.491e-2,NaN,NaN,NaN,NaN
native,illustration,illustration-9097_gen_illustrations_autumn-deciduous-path_1024x1536.sdr.png,1024,1536,1.572864,native,5,73591,4,1536|128|256|512,1|12|6|3,yes,15.820809364,15.820809364,0.000e0,0.000e0,6.472958088,6.472958565,4.768e-7,7.367e-8,15.820809364,15.820809364,0.000e0,14.973517418,5.356e-2,NaN,NaN,NaN,NaN
native,illustration,illustration-9100_gen_illustrations_bath-candles-evening_1024x1536.sdr.png,1024,1536,1.572864,native,100,1914713,4,1536|128|256|512,1|12|6|3,yes,0.428796500,0.428796500,0.000e0,0.000e0,0.188228026,0.188228026,0.000e0,0.000e0,0.428796500,0.428796500,0.000e0,0.425863981,6.839e-3,NaN,NaN,NaN,NaN
native,illustration,illustration-9100_gen_illustrations_bath-candles-evening_1024x1536.sdr.png,1024,1536,1.572864,native,98,1376383,4,1536|128|256|512,1|12|6|3,yes,0.549147487,0.549147487,0.000e0,0.000e0,0.259274751,0.259274870,1.192e-7,4.598e-7,0.549147487,0.549147487,0.000e0,0.592914879,7.970e-2,NaN,NaN,NaN,NaN
native,illustration,illustration-9100_gen_illustrations_bath-candles-evening_1024x1536.sdr.png,1024,1536,1.572864,native,95,908373,4,1536|128|256|512,1|12|6|3,yes,1.111957550,1.111957550,0.000e0,0.000e0,0.485993862,0.485993803,5.960e-8,1.226e-7,1.111957550,1.111957550,0.000e0,1.208705187,8.701e-2,NaN,NaN,NaN,NaN
native,illustration,illustration-9100_gen_illustrations_bath-candles-evening_1024x1536.sdr.png,1024,1536,1.572864,native,90,602611,4,1536|128|256|512,1|12|6|3,yes,1.679525733,1.679525733,0.000e0,0.000e0,0.757885873,0.757885814,5.960e-8,7.865e-8,1.679525733,1.679525733,0.000e0,1.771593809,5.482e-2,NaN,NaN,NaN,NaN
native,illustration,illustration-9100_gen_illustrations_bath-candles-evening_1024x1536.sdr.png,1024,1536,1.572864,native,85,463552,4,1536|128|256|512,1|12|6|3,yes,2.027972460,2.027972460,0.000e0,0.000e0,0.946163118,0.946163237,1.192e-7,1.260e-7,2.027972460,2.027972460,0.000e0,2.081581116,2.643e-2,NaN,NaN,NaN,NaN
native,illustration,illustration-9100_gen_illustrations_bath-candles-evening_1024x1536.sdr.png,1024,1536,1.572864,native,75,328831,4,1536|128|256|512,1|12|6|3,yes,3.070850611,3.070850611,0.000e0,0.000e0,1.195747852,1.195747733,1.192e-7,9.969e-8,3.070850611,3.070850611,0.000e0,3.217368364,4.771e-2,NaN,NaN,NaN,NaN
native,illustration,illustration-9100_gen_illustrations_bath-candles-evening_1024x1536.sdr.png,1024,1536,1.572864,native,65,265599,4,1536|128|256|512,1|12|6|3,yes,3.299836159,3.299836159,0.000e0,0.000e0,1.364449501,1.364449501,0.000e0,0.000e0,3.299836159,3.299836159,0.000e0,3.472385883,5.229e-2,NaN,NaN,NaN,NaN
native,illustration,illustration-9100_gen_illustrations_bath-candles-evening_1024x1536.sdr.png,1024,1536,1.572864,native,50,212523,4,1536|128|256|512,1|12|6|3,yes,3.882024288,3.882024288,0.000e0,0.000e0,1.585719228,1.585719228,0.000e0,0.000e0,3.882024288,3.882024288,0.000e0,3.890092611,2.078e-3,NaN,NaN,NaN,NaN
native,illustration,illustration-9100_gen_illustrations_bath-candles-evening_1024x1536.sdr.png,1024,1536,1.572864,native,35,166766,4,1536|128|256|512,1|12|6|3,yes,4.297297001,4.297297001,0.000e0,0.000e0,1.855932713,1.855932713,0.000e0,0.000e0,4.297297001,4.297297001,0.000e0,4.677388191,8.845e-2,NaN,NaN,NaN,NaN
native,illustration,illustration-9100_gen_illustrations_bath-candles-evening_1024x1536.sdr.png,1024,1536,1.572864,native,20,110896,4,1536|128|256|512,1|12|6|3,yes,5.138652802,5.138652802,0.000e0,0.000e0,2.486149549,2.486150026,4.768e-7,1.918e-7,5.138652802,5.138652802,0.000e0,5.236633301,1.907e-2,NaN,NaN,NaN,NaN
native,illustration,illustration-9100_gen_illustrations_bath-candles-evening_1024x1536.sdr.png,1024,1536,1.572864,native,10,70704,4,1536|128|256|512,1|12|6|3,yes,8.068731308,8.068731308,0.000e0,0.000e0,3.767320156,3.767320871,7.153e-7,1.899e-7,8.068731308,8.068731308,0.000e0,7.434253216,7.863e-2,NaN,NaN,NaN,NaN
native,illustration,illustration-9100_gen_illustrations_bath-candles-evening_1024x1536.sdr.png,1024,1536,1.572864,native,5,52866,4,1536|128|256|512,1|12|6|3,yes,14.051926613,14.051926613,0.000e0,0.000e0,6.102207661,6.102206707,9.537e-7,1.563e-7,14.051926613,14.051926613,0.000e0,13.676011086,2.675e-2,NaN,NaN,NaN,NaN
native,illustration,illustration-9104_gen_illustrations_cellist-rehearsing-attic_1024x1536.sdr.png,1024,1536,1.572864,native,100,2140706,4,1536|128|256|512,1|12|6|3,yes,0.442226946,0.442226946,0.000e0,0.000e0,0.196907118,0.196907133,1.490e-8,7.568e-8,0.442226946,0.442226946,0.000e0,0.426305383,3.600e-2,NaN,NaN,NaN,NaN
native,illustration,illustration-9104_gen_illustrations_cellist-rehearsing-attic_1024x1536.sdr.png,1024,1536,1.572864,native,98,1536786,4,1536|128|256|512,1|12|6|3,yes,0.619986534,0.619986534,0.000e0,0.000e0,0.269529223,0.269529194,2.980e-8,1.106e-7,0.619986534,0.619986534,0.000e0,0.638391912,2.969e-2,NaN,NaN,NaN,NaN
native,illustration,illustration-9104_gen_illustrations_cellist-rehearsing-attic_1024x1536.sdr.png,1024,1536,1.572864,native,95,1003762,4,1536|128|256|512,1|12|6|3,yes,1.098617673,1.098617673,0.000e0,0.000e0,0.496619612,0.496619642,2.980e-8,6.001e-8,1.098617673,1.098617673,0.000e0,1.175183177,6.969e-2,NaN,NaN,NaN,NaN
native,illustration,illustration-9104_gen_illustrations_cellist-rehearsing-attic_1024x1536.sdr.png,1024,1536,1.572864,native,90,663853,4,1536|128|256|512,1|12|6|3,yes,1.791783333,1.791783333,0.000e0,0.000e0,0.781857967,0.781857967,0.000e0,0.000e0,1.791783333,1.791783333,0.000e0,1.919607520,7.134e-2,NaN,NaN,NaN,NaN
native,illustration,illustration-9104_gen_illustrations_cellist-rehearsing-attic_1024x1536.sdr.png,1024,1536,1.572864,native,85,511823,4,1536|128|256|512,1|12|6|3,yes,2.237167835,2.237167835,0.000e0,0.000e0,0.983078361,0.983078241,1.192e-7,1.213e-7,2.237167835,2.237167835,0.000e0,2.358625889,5.429e-2,NaN,NaN,NaN,NaN
native,illustration,illustration-9104_gen_illustrations_cellist-rehearsing-attic_1024x1536.sdr.png,1024,1536,1.572864,native,75,362500,4,1536|128|256|512,1|12|6|3,yes,3.077540636,3.077540636,0.000e0,0.000e0,1.263614178,1.263614297,1.192e-7,9.434e-8,3.077540636,3.077540636,0.000e0,3.263778687,6.052e-2,NaN,NaN,NaN,NaN
native,illustration,illustration-9104_gen_illustrations_cellist-rehearsing-attic_1024x1536.sdr.png,1024,1536,1.572864,native,65,291881,4,1536|128|256|512,1|12|6|3,yes,3.498877525,3.498877525,0.000e0,0.000e0,1.463760495,1.463760376,1.192e-7,8.144e-8,3.498877525,3.498877525,0.000e0,3.655011415,4.462e-2,NaN,NaN,NaN,NaN
native,illustration,illustration-9104_gen_illustrations_cellist-rehearsing-attic_1024x1536.sdr.png,1024,1536,1.572864,native,50,232338,4,1536|128|256|512,1|12|6|3,yes,4.300643444,4.300643444,0.000e0,0.000e0,1.726798058,1.726798177,1.192e-7,6.903e-8,4.300643444,4.300643444,0.000e0,4.490094185,4.405e-2,NaN,NaN,NaN,NaN
native,illustration,illustration-9104_gen_illustrations_cellist-rehearsing-attic_1024x1536.sdr.png,1024,1536,1.572864,native,35,181514,4,1536|128|256|512,1|12|6|3,yes,5.417458057,5.417458057,0.000e0,0.000e0,2.042637587,2.042637825,2.384e-7,1.167e-7,5.417458057,5.417458057,0.000e0,5.688355923,5.000e-2,NaN,NaN,NaN,NaN
native,illustration,illustration-9104_gen_illustrations_cellist-rehearsing-attic_1024x1536.sdr.png,1024,1536,1.572864,native,20,119628,4,1536|128|256|512,1|12|6|3,yes,6.714308739,6.714308739,0.000e0,0.000e0,2.730685234,2.730685949,7.153e-7,2.619e-7,6.714308739,6.714308739,0.000e0,6.690936089,3.481e-3,NaN,NaN,NaN,NaN
native,illustration,illustration-9104_gen_illustrations_cellist-rehearsing-attic_1024x1536.sdr.png,1024,1536,1.572864,native,10,74693,4,1536|128|256|512,1|12|6|3,yes,8.839673996,8.839673996,0.000e0,0.000e0,4.040225506,4.040225983,4.768e-7,1.180e-7,8.839673996,8.839673996,0.000e0,8.212532997,7.095e-2,NaN,NaN,NaN,NaN
native,illustration,illustration-9104_gen_illustrations_cellist-rehearsing-attic_1024x1536.sdr.png,1024,1536,1.572864,native,5,54645,4,1536|128|256|512,1|12|6|3,yes,13.883969307,13.883969307,0.000e0,0.000e0,6.515587807,6.515586376,1.431e-6,2.196e-7,13.883969307,13.883969307,0.000e0,11.954623222,1.390e-1,NaN,NaN,NaN,NaN
native,illustration,illustration-9107_gen_illustrations_choir-scene-cathedral_1024x1536.sdr.png,1024,1536,1.572864,native,100,2332650,4,1536|128|256|512,1|12|6|3,yes,0.472450137,0.472450137,0.000e0,0.000e0,0.179957315,0.179957300,1.490e-8,8.280e-8,0.472450137,0.472450137,0.000e0,0.465147495,1.546e-2,NaN,NaN,NaN,NaN
native,illustration,illustration-9107_gen_illustrations_choir-scene-cathedral_1024x1536.sdr.png,1024,1536,1.572864,native,98,1700274,4,1536|128|256|512,1|12|6|3,yes,0.577463269,0.577463269,0.000e0,0.000e0,0.246217668,0.246217653,1.490e-8,6.052e-8,0.577463269,0.577463269,0.000e0,0.583769381,1.092e-2,NaN,NaN,NaN,NaN
native,illustration,illustration-9107_gen_illustrations_choir-scene-cathedral_1024x1536.sdr.png,1024,1536,1.572864,native,95,1128329,4,1536|128|256|512,1|12|6|3,yes,1.061912537,1.061912537,0.000e0,0.000e0,0.446324319,0.446324348,2.980e-8,6.677e-8,1.061912537,1.061912537,0.000e0,1.144184709,7.748e-2,NaN,NaN,NaN,NaN
native,illustration,illustration-9107_gen_illustrations_choir-scene-cathedral_1024x1536.sdr.png,1024,1536,1.572864,native,90,758732,4,1536|128|256|512,1|12|6|3,yes,1.569789410,1.569789410,0.000e0,0.000e0,0.701528668,0.701528728,5.960e-8,8.496e-8,1.569789410,1.569789410,0.000e0,1.710390925,8.957e-2,NaN,NaN,NaN,NaN
native,illustration,illustration-9107_gen_illustrations_choir-scene-cathedral_1024x1536.sdr.png,1024,1536,1.572864,native,85,591648,4,1536|128|256|512,1|12|6|3,yes,2.329049587,2.329049587,0.000e0,0.000e0,0.889112473,0.889112473,0.000e0,0.000e0,2.329049587,2.329049587,0.000e0,2.134004831,8.374e-2,NaN,NaN,NaN,NaN
native,illustration,illustration-9107_gen_illustrations_choir-scene-cathedral_1024x1536.sdr.png,1024,1536,1.572864,native,75,424195,4,1536|128|256|512,1|12|6|3,yes,2.871964216,2.871964216,0.000e0,0.000e0,1.156894803,1.156894803,0.000e0,0.000e0,2.871964216,2.871964216,0.000e0,3.140575647,9.353e-2,NaN,NaN,NaN,NaN
native,illustration,illustration-9107_gen_illustrations_choir-scene-cathedral_1024x1536.sdr.png,1024,1536,1.572864,native,65,343117,4,1536|128|256|512,1|12|6|3,yes,3.354693890,3.354693890,0.000e0,0.000e0,1.343260407,1.343260169,2.384e-7,1.775e-7,3.354693890,3.354693890,0.000e0,3.642007351,8.565e-2,NaN,NaN,NaN,NaN
native,illustration,illustration-9107_gen_illustrations_choir-scene-cathedral_1024x1536.sdr.png,1024,1536,1.572864,native,50,273509,4,1536|128|256|512,1|12|6|3,yes,4.086894989,4.086894989,0.000e0,0.000e0,1.597551584,1.597551465,1.192e-7,7.462e-8,4.086894989,4.086894989,0.000e0,4.214348316,3.119e-2,NaN,NaN,NaN,NaN
native,illustration,illustration-9107_gen_illustrations_choir-scene-cathedral_1024x1536.sdr.png,1024,1536,1.572864,native,35,214450,4,1536|128|256|512,1|12|6|3,yes,4.702014923,4.702014923,0.000e0,0.000e0,1.891791105,1.891790986,1.192e-7,6.301e-8,4.702014923,4.702014923,0.000e0,5.079397678,8.026e-2,NaN,NaN,NaN,NaN
native,illustration,illustration-9107_gen_illustrations_choir-scene-cathedral_1024x1536.sdr.png,1024,1536,1.572864,native,20,143450,4,1536|128|256|512,1|12|6|3,yes,5.723244190,5.723244190,0.000e0,0.000e0,2.512061119,2.512060642,4.768e-7,1.898e-7,5.723244190,5.723244190,0.000e0,5.636413574,1.517e-2,NaN,NaN,NaN,NaN
native,illustration,illustration-9107_gen_illustrations_choir-scene-cathedral_1024x1536.sdr.png,1024,1536,1.572864,native,10,90330,4,1536|128|256|512,1|12|6|3,yes,8.053701401,8.053701401,0.000e0,0.000e0,3.749874830,3.749874592,2.384e-7,6.358e-8,8.053701401,8.053701401,0.000e0,7.638829708,5.151e-2,NaN,NaN,NaN,NaN
native,illustration,illustration-9107_gen_illustrations_choir-scene-cathedral_1024x1536.sdr.png,1024,1536,1.572864,native,5,62358,4,1536|128|256|512,1|12|6|3,yes,13.549477577,13.549477577,0.000e0,0.000e0,6.015690804,6.015689850,9.537e-7,1.585e-7,13.549477577,13.549477577,0.000e0,12.548546791,7.387e-2,NaN,NaN,NaN,NaN
native,illustration,illustration-9110_gen_illustrations_coffee-shop-dusk_1536x1024.sdr.png,1536,1024,1.572864,native,100,2372575,4,1024|128|256|512,1|8|4|2,yes,0.382851034,0.382851034,0.000e0,0.000e0,0.175308853,0.175308868,1.490e-8,8.500e-8,0.382851034,0.382851034,0.000e0,0.379515976,8.711e-3,NaN,NaN,NaN,NaN
native,illustration,illustration-9110_gen_illustrations_coffee-shop-dusk_1536x1024.sdr.png,1536,1024,1.572864,native,98,1717359,4,1024|128|256|512,1|8|4|2,yes,0.571459889,0.571459889,0.000e0,0.000e0,0.244320124,0.244320065,5.960e-8,2.440e-7,0.571459889,0.571459889,0.000e0,0.586061060,2.555e-2,NaN,NaN,NaN,NaN
native,illustration,illustration-9110_gen_illustrations_coffee-shop-dusk_1536x1024.sdr.png,1536,1024,1.572864,native,95,1127100,4,1024|128|256|512,1|8|4|2,yes,1.000444651,1.000444651,0.000e0,0.000e0,0.459077746,0.459077656,8.941e-8,1.948e-7,1.000444651,1.000444651,0.000e0,1.111017346,1.105e-1,NaN,NaN,NaN,NaN
native,illustration,illustration-9110_gen_illustrations_coffee-shop-dusk_1536x1024.sdr.png,1536,1024,1.572864,native,90,746060,4,1024|128|256|512,1|8|4|2,yes,1.643059254,1.643059254,0.000e0,0.000e0,0.731389761,0.731389701,5.960e-8,8.150e-8,1.643059254,1.643059254,0.000e0,1.822691202,1.093e-1,NaN,NaN,NaN,NaN
native,illustration,illustration-9110_gen_illustrations_coffee-shop-dusk_1536x1024.sdr.png,1536,1024,1.572864,native,85,576992,4,1024|128|256|512,1|8|4|2,yes,1.988850832,1.988850832,0.000e0,0.000e0,0.929077744,0.929077864,1.192e-7,1.283e-7,1.988850832,1.988850832,0.000e0,2.104601860,5.820e-2,NaN,NaN,NaN,NaN
native,illustration,illustration-9110_gen_illustrations_coffee-shop-dusk_1536x1024.sdr.png,1536,1024,1.572864,native,75,408381,4,1024|128|256|512,1|8|4|2,yes,2.929280043,2.929280043,0.000e0,0.000e0,1.205636263,1.205636144,1.192e-7,9.888e-8,2.929280043,2.929280043,0.000e0,3.162085533,7.948e-2,NaN,NaN,NaN,NaN
native,illustration,illustration-9110_gen_illustrations_coffee-shop-dusk_1536x1024.sdr.png,1536,1024,1.572864,native,65,326882,4,1024|128|256|512,1|8|4|2,yes,3.340603352,3.340603352,0.000e0,0.000e0,1.389227867,1.389227629,2.384e-7,1.716e-7,3.340603352,3.340603352,0.000e0,3.249894857,2.715e-2,NaN,NaN,NaN,NaN
native,illustration,illustration-9110_gen_illustrations_coffee-shop-dusk_1536x1024.sdr.png,1536,1024,1.572864,native,50,257508,4,1024|128|256|512,1|8|4|2,yes,4.126412392,4.126412392,0.000e0,0.000e0,1.625070214,1.625070095,1.192e-7,7.336e-8,4.126412392,4.126412392,0.000e0,3.852638006,6.635e-2,NaN,NaN,NaN,NaN
native,illustration,illustration-9110_gen_illustrations_coffee-shop-dusk_1536x1024.sdr.png,1536,1024,1.572864,native,35,198219,4,1024|128|256|512,1|8|4|2,yes,4.589966774,4.589966774,0.000e0,0.000e0,1.888094068,1.888094068,0.000e0,0.000e0,4.589966774,4.589966774,0.000e0,4.073422909,1.125e-1,NaN,NaN,NaN,NaN
native,illustration,illustration-9110_gen_illustrations_coffee-shop-dusk_1536x1024.sdr.png,1536,1024,1.572864,native,20,127713,4,1024|128|256|512,1|8|4|2,yes,5.320696831,5.320696831,0.000e0,0.000e0,2.486463070,2.486462831,2.384e-7,9.589e-8,5.320696831,5.320696831,0.000e0,4.972237587,6.549e-2,NaN,NaN,NaN,NaN
native,illustration,illustration-9110_gen_illustrations_coffee-shop-dusk_1536x1024.sdr.png,1536,1024,1.572864,native,10,76774,4,1024|128|256|512,1|8|4|2,yes,7.568076134,7.568076134,0.000e0,0.000e0,3.698125124,3.698125124,0.000e0,0.000e0,7.568076134,7.568076134,0.000e0,7.309077740,3.422e-2,NaN,NaN,NaN,NaN
native,illustration,illustration-9110_gen_illustrations_coffee-shop-dusk_1536x1024.sdr.png,1536,1024,1.572864,native,5,53848,4,1024|128|256|512,1|8|4|2,yes,13.174969673,13.174969673,0.000e0,0.000e0,5.875555992,5.875555038,9.537e-7,1.623e-7,13.174969673,13.174969673,0.000e0,12.716539383,3.480e-2,NaN,NaN,NaN,NaN
native,illustration,illustration-9113_gen_illustrations_cyclist-bridge-golden-hour_1536x1024.sdr.png,1536,1024,1.572864,native,100,3116052,4,1024|128|256|512,1|8|4|2,yes,0.428407550,0.428407550,0.000e0,0.000e0,0.181011572,0.181011587,1.490e-8,8.232e-8,0.428407550,0.428407550,0.000e0,0.398951560,6.876e-2,NaN,NaN,NaN,NaN
native,illustration,illustration-9113_gen_illustrations_cyclist-bridge-golden-hour_1536x1024.sdr.png,1536,1024,1.572864,native,98,2275606,4,1024|128|256|512,1|8|4|2,yes,0.594237268,0.594237268,0.000e0,0.000e0,0.258219093,0.258219093,0.000e0,0.000e0,0.594237268,0.594237268,0.000e0,0.622773468,4.802e-2,NaN,NaN,NaN,NaN
native,illustration,illustration-9113_gen_illustrations_cyclist-bridge-golden-hour_1536x1024.sdr.png,1536,1024,1.572864,native,95,1510020,4,1024|128|256|512,1|8|4|2,yes,1.086043954,1.086043954,0.000e0,0.000e0,0.474095941,0.474096030,8.941e-8,1.886e-7,1.086043954,1.086043954,0.000e0,1.170319557,7.760e-2,NaN,NaN,NaN,NaN
native,illustration,illustration-9113_gen_illustrations_cyclist-bridge-golden-hour_1536x1024.sdr.png,1536,1024,1.572864,native,90,1026974,4,1024|128|256|512,1|8|4|2,yes,1.654985905,1.654985905,0.000e0,0.000e0,0.761923730,0.761923730,0.000e0,0.000e0,1.654985905,1.654985905,0.000e0,1.756891727,6.158e-2,NaN,NaN,NaN,NaN
native,illustration,illustration-9113_gen_illustrations_cyclist-bridge-golden-hour_1536x1024.sdr.png,1536,1024,1.572864,native,85,804722,4,1024|128|256|512,1|8|4|2,yes,2.108458996,2.108458996,0.000e0,0.000e0,0.979999125,0.979998946,1.788e-7,1.825e-7,2.108458996,2.108458996,0.000e0,2.199263811,4.307e-2,NaN,NaN,NaN,NaN
native,illustration,illustration-9113_gen_illustrations_cyclist-bridge-golden-hour_1536x1024.sdr.png,1536,1024,1.572864,native,75,576290,4,1024|128|256|512,1|8|4|2,yes,2.699914455,2.699914455,0.000e0,0.000e0,1.298919797,1.298919916,1.192e-7,9.178e-8,2.699914455,2.699914455,0.000e0,2.820098400,4.451e-2,NaN,NaN,NaN,NaN
native,illustration,illustration-9113_gen_illustrations_cyclist-bridge-golden-hour_1536x1024.sdr.png,1536,1024,1.572864,native,65,463943,4,1024|128|256|512,1|8|4|2,yes,3.333668709,3.333668709,0.000e0,0.000e0,1.524009347,1.524009109,2.384e-7,1.564e-7,3.333668709,3.333668709,0.000e0,3.535653114,6.059e-2,NaN,NaN,NaN,NaN
native,illustration,illustration-9113_gen_illustrations_cyclist-bridge-golden-hour_1536x1024.sdr.png,1536,1024,1.572864,native,50,368369,4,1024|128|256|512,1|8|4|2,yes,3.634626627,3.634626627,0.000e0,0.000e0,1.795759559,1.795759916,3.576e-7,1.992e-7,3.634626627,3.634626627,0.000e0,3.641639948,1.930e-3,NaN,NaN,NaN,NaN
native,illustration,illustration-9113_gen_illustrations_cyclist-bridge-golden-hour_1536x1024.sdr.png,1536,1024,1.572864,native,35,287802,4,1024|128|256|512,1|8|4|2,yes,4.580889702,4.580889702,0.000e0,0.000e0,2.106545210,2.106545687,4.768e-7,2.264e-7,4.580889702,4.580889702,0.000e0,4.455678463,2.733e-2,NaN,NaN,NaN,NaN
native,illustration,illustration-9113_gen_illustrations_cyclist-bridge-golden-hour_1536x1024.sdr.png,1536,1024,1.572864,native,20,187352,4,1024|128|256|512,1|8|4|2,yes,5.432148933,5.432148933,0.000e0,0.000e0,2.764615536,2.764615297,2.384e-7,8.624e-8,5.432148933,5.432148933,0.000e0,5.290250778,2.612e-2,NaN,NaN,NaN,NaN
native,illustration,illustration-9113_gen_illustrations_cyclist-bridge-golden-hour_1536x1024.sdr.png,1536,1024,1.572864,native,10,107023,4,1024|128|256|512,1|8|4|2,yes,9.024642944,9.024642944,0.000e0,0.000e0,4.040512562,4.040512085,4.768e-7,1.180e-7,9.024642944,9.024642944,0.000e0,8.239381790,8.701e-2,NaN,NaN,NaN,NaN
native,illustration,illustration-9113_gen_illustrations_cyclist-bridge-golden-hour_1536x1024.sdr.png,1536,1024,1.572864,native,5,66571,4,1024|128|256|512,1|8|4|2,yes,15.743578911,15.743578911,0.000e0,0.000e0,6.412504673,6.412505150,4.768e-7,7.436e-8,15.743578911,15.743578911,0.000e0,14.961502075,4.968e-2,NaN,NaN,NaN,NaN
native,illustration,illustration-9115_gen_illustrations_dancer-mid-pose-studio_1024x1536.sdr.png,1024,1536,1.572864,native,100,1131590,4,1536|128|256|512,1|12|6|3,yes,0.879655600,0.879655600,0.000e0,0.000e0,0.394221753,0.394221783,2.980e-8,7.560e-8,0.879655600,0.879655600,0.000e0,0.740573049,1.581e-1,NaN,NaN,NaN,NaN
native,illustration,illustration-9115_gen_illustrations_dancer-mid-pose-studio_1024x1536.sdr.png,1024,1536,1.572864,native,98,790427,4,1536|128|256|512,1|12|6|3,yes,0.970846295,0.970846295,0.000e0,0.000e0,0.454409570,0.454409629,5.960e-8,1.312e-7,0.970846295,0.970846295,0.000e0,0.883863688,8.959e-2,NaN,NaN,NaN,NaN
native,illustration,illustration-9115_gen_illustrations_dancer-mid-pose-studio_1024x1536.sdr.png,1024,1536,1.572864,native,95,497228,4,1536|128|256|512,1|12|6|3,yes,1.218820095,1.218820095,0.000e0,0.000e0,0.575979829,0.575979769,5.960e-8,1.035e-7,1.218820095,1.218820095,0.000e0,1.330312490,9.148e-2,NaN,NaN,NaN,NaN
native,illustration,illustration-9115_gen_illustrations_dancer-mid-pose-studio_1024x1536.sdr.png,1024,1536,1.572864,native,90,305854,4,1536|128|256|512,1|12|6|3,yes,1.970716238,1.970716238,0.000e0,0.000e0,0.763207495,0.763207316,1.788e-7,2.343e-7,1.970716238,1.970716238,0.000e0,2.159234285,9.566e-2,NaN,NaN,NaN,NaN
native,illustration,illustration-9115_gen_illustrations_dancer-mid-pose-studio_1024x1536.sdr.png,1024,1536,1.572864,native,85,230527,4,1536|128|256|512,1|12|6|3,yes,2.627034664,2.627034664,0.000e0,0.000e0,0.925265968,0.925265849,1.192e-7,1.288e-7,2.627034664,2.627034664,0.000e0,2.636869907,3.744e-3,NaN,NaN,NaN,NaN
native,illustration,illustration-9115_gen_illustrations_dancer-mid-pose-studio_1024x1536.sdr.png,1024,1536,1.572864,native,75,163682,4,1536|128|256|512,1|12|6|3,yes,3.329696655,3.329696655,0.000e0,0.000e0,1.156736016,1.156735778,2.384e-7,2.061e-7,3.329696655,3.329696655,0.000e0,3.595268011,7.976e-2,NaN,NaN,NaN,NaN
native,illustration,illustration-9115_gen_illustrations_dancer-mid-pose-studio_1024x1536.sdr.png,1024,1536,1.572864,native,65,135298,4,1536|128|256|512,1|12|6|3,yes,3.909517288,3.909517288,0.000e0,0.000e0,1.347427130,1.347427249,1.192e-7,8.847e-8,3.909517288,3.909517288,0.000e0,4.205540180,7.572e-2,NaN,NaN,NaN,NaN
native,illustration,illustration-9115_gen_illustrations_dancer-mid-pose-studio_1024x1536.sdr.png,1024,1536,1.572864,native,50,112303,4,1536|128|256|512,1|12|6|3,yes,4.426169872,4.426169872,0.000e0,0.000e0,1.606781006,1.606781125,1.192e-7,7.419e-8,4.426169872,4.426169872,0.000e0,4.729675293,6.857e-2,NaN,NaN,NaN,NaN
native,illustration,illustration-9115_gen_illustrations_dancer-mid-pose-studio_1024x1536.sdr.png,1024,1536,1.572864,native,35,93072,4,1536|128|256|512,1|12|6|3,yes,5.670366287,5.670366287,0.000e0,0.000e0,1.867650509,1.867650390,1.192e-7,6.383e-8,5.670366287,5.670366287,0.000e0,6.075058937,7.137e-2,NaN,NaN,NaN,NaN
native,illustration,illustration-9115_gen_illustrations_dancer-mid-pose-studio_1024x1536.sdr.png,1024,1536,1.572864,native,20,72132,4,1536|128|256|512,1|12|6|3,yes,6.519856453,6.519856453,0.000e0,0.000e0,2.528566599,2.528566599,0.000e0,0.000e0,6.519856453,6.519856453,0.000e0,6.525826454,9.157e-4,NaN,NaN,NaN,NaN
native,illustration,illustration-9115_gen_illustrations_dancer-mid-pose-studio_1024x1536.sdr.png,1024,1536,1.572864,native,10,56917,4,1536|128|256|512,1|12|6|3,yes,9.011932373,9.011932373,0.000e0,0.000e0,3.798175573,3.798175573,0.000e0,0.000e0,9.011932373,9.011932373,0.000e0,8.431814194,6.437e-2,NaN,NaN,NaN,NaN
native,illustration,illustration-9115_gen_illustrations_dancer-mid-pose-studio_1024x1536.sdr.png,1024,1536,1.572864,native,5,49568,4,1536|128|256|512,1|12|6|3,yes,17.414493561,17.414493561,0.000e0,0.000e0,7.721607685,7.721607685,0.000e0,0.000e0,17.414493561,17.414493561,0.000e0,14.558910370,1.640e-1,NaN,NaN,NaN,NaN
native,illustration,illustration-9116_gen_illustrations_desert-twilight-saguaro_1024x1536.sdr.png,1024,1536,1.572864,native,100,2454830,4,1536|128|256|512,1|12|6|3,yes,0.428966343,0.428966343,0.000e0,0.000e0,0.193548813,0.193548799,1.490e-8,7.699e-8,0.428966343,0.428966343,0.000e0,0.401720285,6.352e-2,NaN,NaN,NaN,NaN
native,illustration,illustration-9116_gen_illustrations_desert-twilight-saguaro_1024x1536.sdr.png,1024,1536,1.572864,native,98,1766413,4,1536|128|256|512,1|12|6|3,yes,0.590862393,0.590862393,0.000e0,0.000e0,0.273887902,0.273887902,0.000e0,0.000e0,0.590862393,0.590862393,0.000e0,0.654953241,1.085e-1,NaN,NaN,NaN,NaN
native,illustration,illustration-9116_gen_illustrations_desert-twilight-saguaro_1024x1536.sdr.png,1024,1536,1.572864,native,95,1158838,4,1536|128|256|512,1|12|6|3,yes,1.125616431,1.125616431,0.000e0,0.000e0,0.512418032,0.512418091,5.960e-8,1.163e-7,1.125616431,1.125616431,0.000e0,1.232233167,9.472e-2,NaN,NaN,NaN,NaN
native,illustration,illustration-9116_gen_illustrations_desert-twilight-saguaro_1024x1536.sdr.png,1024,1536,1.572864,native,90,771450,4,1536|128|256|512,1|12|6|3,yes,1.849771619,1.849771619,0.000e0,0.000e0,0.793299198,0.793299317,1.192e-7,1.503e-7,1.849771619,1.849771619,0.000e0,1.991911292,7.684e-2,NaN,NaN,NaN,NaN
native,illustration,illustration-9116_gen_illustrations_desert-twilight-saguaro_1024x1536.sdr.png,1024,1536,1.572864,native,85,596410,4,1536|128|256|512,1|12|6|3,yes,2.083324432,2.083324432,0.000e0,0.000e0,0.994687259,0.994687319,5.960e-8,5.992e-8,2.083324432,2.083324432,0.000e0,2.165840864,3.961e-2,NaN,NaN,NaN,NaN
native,illustration,illustration-9116_gen_illustrations_desert-twilight-saguaro_1024x1536.sdr.png,1024,1536,1.572864,native,75,422600,4,1536|128|256|512,1|12|6|3,yes,2.805090666,2.805090666,0.000e0,0.000e0,1.267203093,1.267203212,1.192e-7,9.407e-8,2.805090666,2.805090666,0.000e0,2.955643654,5.367e-2,NaN,NaN,NaN,NaN
native,illustration,illustration-9116_gen_illustrations_desert-twilight-saguaro_1024x1536.sdr.png,1024,1536,1.572864,native,65,338130,4,1536|128|256|512,1|12|6|3,yes,3.481078386,3.481078386,0.000e0,0.000e0,1.452280283,1.452280521,2.384e-7,1.642e-7,3.481078386,3.481078386,0.000e0,3.559488297,2.252e-2,NaN,NaN,NaN,NaN
native,illustration,illustration-9116_gen_illustrations_desert-twilight-saguaro_1024x1536.sdr.png,1024,1536,1.572864,native,50,266325,4,1536|128|256|512,1|12|6|3,yes,4.039266586,4.039266586,0.000e0,0.000e0,1.697285295,1.697285056,2.384e-7,1.405e-7,4.039266586,4.039266586,0.000e0,4.155846596,2.886e-2,NaN,NaN,NaN,NaN
native,illustration,illustration-9116_gen_illustrations_desert-twilight-saguaro_1024x1536.sdr.png,1024,1536,1.572864,native,35,205932,4,1536|128|256|512,1|12|6|3,yes,4.635292530,4.635292530,0.000e0,0.000e0,1.979832888,1.979833245,3.576e-7,1.806e-7,4.635292530,4.635292530,0.000e0,4.607079506,6.087e-3,NaN,NaN,NaN,NaN
native,illustration,illustration-9116_gen_illustrations_desert-twilight-saguaro_1024x1536.sdr.png,1024,1536,1.572864,native,20,135595,4,1536|128|256|512,1|12|6|3,yes,6.192768097,6.192768097,0.000e0,0.000e0,2.638322353,2.638322353,0.000e0,0.000e0,6.192768097,6.192768097,0.000e0,6.061865807,2.114e-2,NaN,NaN,NaN,NaN
native,illustration,illustration-9116_gen_illustrations_desert-twilight-saguaro_1024x1536.sdr.png,1024,1536,1.572864,native,10,84000,4,1536|128|256|512,1|12|6|3,yes,9.948565483,9.948565483,0.000e0,0.000e0,4.045184135,4.045185089,9.537e-7,2.358e-7,9.948565483,9.948565483,0.000e0,8.943431854,1.010e-1,NaN,NaN,NaN,NaN
native,illustration,illustration-9116_gen_illustrations_desert-twilight-saguaro_1024x1536.sdr.png,1024,1536,1.572864,native,5,58183,4,1536|128|256|512,1|12|6|3,yes,14.673902512,14.673902512,0.000e0,0.000e0,6.040653706,6.040653706,0.000e0,0.000e0,14.673902512,14.673902512,0.000e0,12.850942612,1.242e-1,NaN,NaN,NaN,NaN
native,illustration,illustration-9009_gen_clipart_book-stack_1024x1536.sdr.png,1024,1536,1.572864,native,100,453880,4,1536|128|256|512,1|12|6|3,yes,1.873069167,1.873069167,0.000e0,0.000e0,0.917382300,0.917382360,5.960e-8,6.497e-8,1.873069167,1.873069167,0.000e0,1.389811993,2.580e-1,NaN,NaN,NaN,NaN
native,illustration,illustration-9009_gen_clipart_book-stack_1024x1536.sdr.png,1024,1536,1.572864,native,98,362858,4,1536|128|256|512,1|12|6|3,yes,1.873118162,1.873118162,0.000e0,0.000e0,0.916303217,0.916303515,2.980e-7,3.252e-7,1.873118162,1.873118162,0.000e0,1.389476776,2.582e-1,NaN,NaN,NaN,NaN
native,illustration,illustration-9009_gen_clipart_book-stack_1024x1536.sdr.png,1024,1536,1.572864,native,95,273449,4,1536|128|256|512,1|12|6|3,yes,1.873019099,1.873019099,0.000e0,0.000e0,0.923005462,0.923005581,1.192e-7,1.292e-7,1.873019099,1.873019099,0.000e0,1.390889645,2.574e-1,NaN,NaN,NaN,NaN
native,illustration,illustration-9009_gen_clipart_book-stack_1024x1536.sdr.png,1024,1536,1.572864,native,90,204616,4,1536|128|256|512,1|12|6|3,yes,2.296688080,2.296688080,0.000e0,0.000e0,0.931114256,0.931114316,5.960e-8,6.401e-8,2.296688080,2.296688080,0.000e0,2.459570885,7.092e-2,NaN,NaN,NaN,NaN
native,illustration,illustration-9009_gen_clipart_book-stack_1024x1536.sdr.png,1024,1536,1.572864,native,85,171820,4,1536|128|256|512,1|12|6|3,yes,2.520684004,2.520684004,0.000e0,0.000e0,0.916069329,0.916069448,1.192e-7,1.301e-7,2.520684004,2.520684004,0.000e0,2.823920727,1.203e-1,NaN,NaN,NaN,NaN
native,illustration,illustration-9009_gen_clipart_book-stack_1024x1536.sdr.png,1024,1536,1.572864,native,75,139145,4,1536|128|256|512,1|12|6|3,yes,3.703820467,3.703820467,0.000e0,0.000e0,1.133170962,1.133171082,1.192e-7,1.052e-7,3.703820467,3.703820467,0.000e0,3.927851677,6.049e-2,NaN,NaN,NaN,NaN
native,illustration,illustration-9009_gen_clipart_book-stack_1024x1536.sdr.png,1024,1536,1.572864,native,65,122540,4,1536|128|256|512,1|12|6|3,yes,4.038390160,4.038390160,0.000e0,0.000e0,1.926782966,1.926783204,2.384e-7,1.237e-7,4.038390160,4.038390160,0.000e0,4.353459835,7.802e-2,NaN,NaN,NaN,NaN
native,illustration,illustration-9009_gen_clipart_book-stack_1024x1536.sdr.png,1024,1536,1.572864,native,50,107147,4,1536|128|256|512,1|12|6|3,yes,4.892519474,4.892519474,0.000e0,0.000e0,1.676919818,1.676919818,0.000e0,0.000e0,4.892519474,4.892519474,0.000e0,5.219305038,6.679e-2,NaN,NaN,NaN,NaN
native,illustration,illustration-9009_gen_clipart_book-stack_1024x1536.sdr.png,1024,1536,1.572864,native,35,94291,4,1536|128|256|512,1|12|6|3,yes,5.462046146,5.462046146,0.000e0,0.000e0,2.031336784,2.031337023,2.384e-7,1.174e-7,5.462046146,5.462046146,0.000e0,5.676854134,3.933e-2,NaN,NaN,NaN,NaN
native,illustration,illustration-9009_gen_clipart_book-stack_1024x1536.sdr.png,1024,1536,1.572864,native,20,77817,4,1536|128|256|512,1|12|6|3,yes,6.606759548,6.606759548,0.000e0,0.000e0,3.507552147,3.507552624,4.768e-7,1.359e-7,6.606759548,6.606759548,0.000e0,6.180381775,6.454e-2,NaN,NaN,NaN,NaN
native,illustration,illustration-9009_gen_clipart_book-stack_1024x1536.sdr.png,1024,1536,1.572864,native,10,63651,4,1536|128|256|512,1|12|6|3,yes,11.757160187,11.757160187,0.000e0,0.000e0,6.614794254,6.614795685,1.431e-6,2.163e-7,11.757160187,11.757160187,0.000e0,10.945664406,6.902e-2,NaN,NaN,NaN,NaN
native,illustration,illustration-9009_gen_clipart_book-stack_1024x1536.sdr.png,1024,1536,1.572864,native,5,54747,4,1536|128|256|512,1|12|6|3,yes,20.735818863,20.735818863,0.000e0,0.000e0,11.091371536,11.091375351,3.815e-6,3.439e-7,20.735818863,20.735818863,0.000e0,18.183954239,1.231e-1,NaN,NaN,NaN,NaN
native,illustration,illustration-9036_gen_clipart_laptop-coffee_1024x1024.sdr.png,1024,1024,1.048576,native,100,215384,4,1024|128|256|512,1|8|4|2,yes,1.282624006,1.282624006,0.000e0,0.000e0,0.517351627,0.517351627,0.000e0,0.000e0,1.282624006,1.282624006,0.000e0,1.086173534,1.532e-1,NaN,NaN,NaN,NaN
native,illustration,illustration-9036_gen_clipart_laptop-coffee_1024x1024.sdr.png,1024,1024,1.048576,native,98,179979,4,1024|128|256|512,1|8|4|2,yes,1.272929668,1.272929668,0.000e0,0.000e0,0.520410359,0.520410419,5.960e-8,1.145e-7,1.272929668,1.272929668,0.000e0,1.067329288,1.615e-1,NaN,NaN,NaN,NaN
native,illustration,illustration-9036_gen_clipart_laptop-coffee_1024x1024.sdr.png,1024,1024,1.048576,native,95,142634,4,1024|128|256|512,1|8|4|2,yes,1.275661230,1.275661230,0.000e0,0.000e0,0.532746375,0.532746375,0.000e0,0.000e0,1.275661230,1.275661230,0.000e0,1.383062363,8.419e-2,NaN,NaN,NaN,NaN
native,illustration,illustration-9036_gen_clipart_laptop-coffee_1024x1024.sdr.png,1024,1024,1.048576,native,90,109113,4,1024|128|256|512,1|8|4|2,yes,2.067536354,2.067536354,0.000e0,0.000e0,0.640930057,0.640930235,1.788e-7,2.790e-7,2.067536354,2.067536354,0.000e0,2.221718311,7.457e-2,NaN,NaN,NaN,NaN
native,illustration,illustration-9036_gen_clipart_laptop-coffee_1024x1024.sdr.png,1024,1024,1.048576,native,85,93571,4,1024|128|256|512,1|8|4|2,yes,2.959485292,2.959485292,0.000e0,0.000e0,0.791132033,0.791132092,5.960e-8,7.534e-8,2.959485292,2.959485292,0.000e0,3.306836128,1.174e-1,NaN,NaN,NaN,NaN
native,illustration,illustration-9036_gen_clipart_laptop-coffee_1024x1024.sdr.png,1024,1024,1.048576,native,75,79026,4,1024|128|256|512,1|8|4|2,yes,4.010778904,4.010778904,0.000e0,0.000e0,1.070629478,1.070629597,1.192e-7,1.113e-7,4.010778904,4.010778904,0.000e0,4.305702686,7.353e-2,NaN,NaN,NaN,NaN
native,illustration,illustration-9036_gen_clipart_laptop-coffee_1024x1024.sdr.png,1024,1024,1.048576,native,65,70910,4,1024|128|256|512,1|8|4|2,yes,5.014370441,5.014370441,0.000e0,0.000e0,1.991403937,1.991403461,4.768e-7,2.394e-7,5.014370441,5.014370441,0.000e0,4.926478863,1.753e-2,NaN,NaN,NaN,NaN
native,illustration,illustration-9036_gen_clipart_laptop-coffee_1024x1024.sdr.png,1024,1024,1.048576,native,50,63458,4,1024|128|256|512,1|8|4|2,yes,6.585217476,6.585217476,0.000e0,0.000e0,1.715018988,1.715018988,0.000e0,0.000e0,6.585217476,6.585217476,0.000e0,7.037956715,6.875e-2,NaN,NaN,NaN,NaN
native,illustration,illustration-9036_gen_clipart_laptop-coffee_1024x1024.sdr.png,1024,1024,1.048576,native,35,57016,4,1024|128|256|512,1|8|4|2,yes,6.467695236,6.467695236,0.000e0,0.000e0,2.018504620,2.018504381,2.384e-7,1.181e-7,6.467695236,6.467695236,0.000e0,7.146481991,1.050e-1,NaN,NaN,NaN,NaN
native,illustration,illustration-9036_gen_clipart_laptop-coffee_1024x1024.sdr.png,1024,1024,1.048576,native,20,48541,4,1024|128|256|512,1|8|4|2,yes,7.968772411,7.968772411,0.000e0,0.000e0,3.123209476,3.123210192,7.153e-7,2.290e-7,7.968772411,7.968772411,0.000e0,7.918590546,6.297e-3,NaN,NaN,NaN,NaN
native,illustration,illustration-9036_gen_clipart_laptop-coffee_1024x1024.sdr.png,1024,1024,1.048576,native,10,41492,4,1024|128|256|512,1|8|4|2,yes,10.834360123,10.834360123,0.000e0,0.000e0,5.678592205,5.678593159,9.537e-7,1.679e-7,10.834360123,10.834360123,0.000e0,10.214699745,5.719e-2,NaN,NaN,NaN,NaN
native,illustration,illustration-9036_gen_clipart_laptop-coffee_1024x1024.sdr.png,1024,1024,1.048576,native,5,36249,4,1024|128|256|512,1|8|4|2,yes,25.541959763,25.541959763,0.000e0,0.000e0,16.558189392,16.558193207,3.815e-6,2.304e-7,25.541959763,25.541959763,0.000e0,18.926481247,2.590e-1,NaN,NaN,NaN,NaN
native,illustration,illustration-9050_gen_clipart_parrot-tropical_1024x1536.sdr.png,1024,1536,1.572864,native,100,399969,4,1536|128|256|512,1|12|6|3,yes,1.606178999,1.606178999,0.000e0,0.000e0,0.570345640,0.570345819,1.788e-7,3.135e-7,1.606178999,1.606178999,0.000e0,1.256695986,2.176e-1,NaN,NaN,NaN,NaN
native,illustration,illustration-9050_gen_clipart_parrot-tropical_1024x1536.sdr.png,1024,1536,1.572864,native,98,319306,4,1536|128|256|512,1|12|6|3,yes,1.588197112,1.588197112,0.000e0,0.000e0,0.572284341,0.572284639,2.980e-7,5.208e-7,1.588197112,1.588197112,0.000e0,1.230816841,2.250e-1,NaN,NaN,NaN,NaN
native,illustration,illustration-9050_gen_clipart_parrot-tropical_1024x1536.sdr.png,1024,1536,1.572864,native,95,242405,4,1536|128|256|512,1|12|6|3,yes,1.669490218,1.669490218,0.000e0,0.000e0,0.585994601,0.585994661,5.960e-8,1.017e-7,1.669490218,1.669490218,0.000e0,1.788071632,7.103e-2,NaN,NaN,NaN,NaN
native,illustration,illustration-9050_gen_clipart_parrot-tropical_1024x1536.sdr.png,1024,1536,1.572864,native,90,182140,4,1536|128|256|512,1|12|6|3,yes,2.348533630,2.348533630,0.000e0,0.000e0,0.676854491,0.676854491,0.000e0,0.000e0,2.348533630,2.348533630,0.000e0,2.466830015,5.037e-2,NaN,NaN,NaN,NaN
native,illustration,illustration-9050_gen_clipart_parrot-tropical_1024x1536.sdr.png,1024,1536,1.572864,native,85,153558,4,1536|128|256|512,1|12|6|3,yes,3.064041376,3.064041376,0.000e0,0.000e0,0.820385277,0.820385396,1.192e-7,1.453e-7,3.064041376,3.064041376,0.000e0,3.363306284,9.767e-2,NaN,NaN,NaN,NaN
native,illustration,illustration-9050_gen_clipart_parrot-tropical_1024x1536.sdr.png,1024,1536,1.572864,native,75,125893,4,1536|128|256|512,1|12|6|3,yes,3.419638395,3.419638395,0.000e0,0.000e0,1.018202543,1.018202662,1.192e-7,1.171e-7,3.419638395,3.419638395,0.000e0,3.686178684,7.794e-2,NaN,NaN,NaN,NaN
native,illustration,illustration-9050_gen_clipart_parrot-tropical_1024x1536.sdr.png,1024,1536,1.572864,native,65,112098,4,1536|128|256|512,1|12|6|3,yes,4.271959305,4.271959305,0.000e0,0.000e0,1.217447758,1.217447996,2.384e-7,1.958e-7,4.271959305,4.271959305,0.000e0,4.659212589,9.065e-2,NaN,NaN,NaN,NaN
native,illustration,illustration-9050_gen_clipart_parrot-tropical_1024x1536.sdr.png,1024,1536,1.572864,native,50,99364,4,1536|128|256|512,1|12|6|3,yes,4.840311527,4.840311527,0.000e0,0.000e0,1.575572848,1.575573206,3.576e-7,2.270e-7,4.840311527,4.840311527,0.000e0,4.900646687,1.247e-2,NaN,NaN,NaN,NaN
native,illustration,illustration-9050_gen_clipart_parrot-tropical_1024x1536.sdr.png,1024,1536,1.572864,native,35,88349,4,1536|128|256|512,1|12|6|3,yes,5.740862846,5.740862846,0.000e0,0.000e0,1.799126267,1.799126744,4.768e-7,2.650e-7,5.740862846,5.740862846,0.000e0,5.551218510,3.303e-2,NaN,NaN,NaN,NaN
native,illustration,illustration-9050_gen_clipart_parrot-tropical_1024x1536.sdr.png,1024,1536,1.572864,native,20,74132,4,1536|128|256|512,1|12|6|3,yes,7.292485237,7.292485237,0.000e0,0.000e0,2.740163803,2.740164757,9.537e-7,3.480e-7,7.292485237,7.292485237,0.000e0,6.607141018,9.398e-2,NaN,NaN,NaN,NaN
native,illustration,illustration-9050_gen_clipart_parrot-tropical_1024x1536.sdr.png,1024,1536,1.572864,native,10,61901,4,1536|128|256|512,1|12|6|3,yes,15.440607071,15.440607071,0.000e0,0.000e0,5.732398987,5.732400417,1.431e-6,2.495e-7,15.440607071,15.440607071,0.000e0,11.906484604,2.289e-1,NaN,NaN,NaN,NaN
native,illustration,illustration-9050_gen_clipart_parrot-tropical_1024x1536.sdr.png,1024,1536,1.572864,native,5,53978,4,1536|128|256|512,1|12|6|3,yes,28.068286896,28.068286896,0.000e0,0.000e0,12.947170258,12.947173119,2.861e-6,2.210e-7,28.068286896,28.068286896,0.000e0,21.388767242,2.380e-1,NaN,NaN,NaN,NaN
native,illustration,illustration-9055_gen_clipart_rainbow-cloud_1024x1024.sdr.png,1024,1024,1.048576,native,100,252157,4,1024|128|256|512,1|8|4|2,yes,1.229498744,1.229498744,0.000e0,0.000e0,0.453352183,0.453352273,8.941e-8,1.972e-7,1.229498744,1.229498744,0.000e0,1.139966607,7.282e-2,NaN,NaN,NaN,NaN
native,illustration,illustration-9055_gen_clipart_rainbow-cloud_1024x1024.sdr.png,1024,1024,1.048576,native,98,199355,4,1024|128|256|512,1|8|4|2,yes,1.231207132,1.231207132,0.000e0,0.000e0,0.459160954,0.459160924,2.980e-8,6.491e-8,1.231207132,1.231207132,0.000e0,1.143220901,7.146e-2,NaN,NaN,NaN,NaN
native,illustration,illustration-9055_gen_clipart_rainbow-cloud_1024x1024.sdr.png,1024,1024,1.048576,native,95,149540,4,1024|128|256|512,1|8|4|2,yes,1.358330727,1.358330727,0.000e0,0.000e0,0.469197720,0.469197750,2.980e-8,6.352e-8,1.358330727,1.358330727,0.000e0,1.404471636,3.397e-2,NaN,NaN,NaN,NaN
native,illustration,illustration-9055_gen_clipart_rainbow-cloud_1024x1024.sdr.png,1024,1024,1.048576,native,90,114755,4,1024|128|256|512,1|8|4|2,yes,2.086879253,2.086879253,0.000e0,0.000e0,0.590793312,0.590793371,5.960e-8,1.009e-7,2.086879253,2.086879253,0.000e0,2.258701801,8.233e-2,NaN,NaN,NaN,NaN
native,illustration,illustration-9055_gen_clipart_rainbow-cloud_1024x1024.sdr.png,1024,1024,1.048576,native,85,98169,4,1024|128|256|512,1|8|4|2,yes,2.686482668,2.686482668,0.000e0,0.000e0,0.705172777,0.705172777,0.000e0,0.000e0,2.686482668,2.686482668,0.000e0,3.005442142,1.187e-1,NaN,NaN,NaN,NaN
native,illustration,illustration-9055_gen_clipart_rainbow-cloud_1024x1024.sdr.png,1024,1024,1.048576,native,75,80934,4,1024|128|256|512,1|8|4|2,yes,3.415429831,3.415429831,0.000e0,0.000e0,0.920650363,0.920650423,5.960e-8,6.474e-8,3.415429831,3.415429831,0.000e0,3.778707981,1.064e-1,NaN,NaN,NaN,NaN
native,illustration,illustration-9055_gen_clipart_rainbow-cloud_1024x1024.sdr.png,1024,1024,1.048576,native,65,72075,4,1024|128|256|512,1|8|4|2,yes,3.668539524,3.668539524,0.000e0,0.000e0,1.097451091,1.097451210,1.192e-7,1.086e-7,3.668539524,3.668539524,0.000e0,3.953231812,7.760e-2,NaN,NaN,NaN,NaN
native,illustration,illustration-9055_gen_clipart_rainbow-cloud_1024x1024.sdr.png,1024,1024,1.048576,native,50,63927,4,1024|128|256|512,1|8|4|2,yes,4.765817642,4.765817642,0.000e0,0.000e0,1.477332473,1.477332473,0.000e0,0.000e0,4.765817642,4.765817642,0.000e0,5.340234280,1.205e-1,NaN,NaN,NaN,NaN
native,illustration,illustration-9055_gen_clipart_rainbow-cloud_1024x1024.sdr.png,1024,1024,1.048576,native,35,56788,4,1024|128|256|512,1|8|4|2,yes,5.081521988,5.081521988,0.000e0,0.000e0,1.668190122,1.668189883,2.384e-7,1.429e-7,5.081521988,5.081521988,0.000e0,5.493081570,8.099e-2,NaN,NaN,NaN,NaN
native,illustration,illustration-9055_gen_clipart_rainbow-cloud_1024x1024.sdr.png,1024,1024,1.048576,native,20,47576,4,1024|128|256|512,1|8|4|2,yes,5.660312653,5.660312653,0.000e0,0.000e0,2.088925838,2.088925838,0.000e0,0.000e0,5.660312653,5.660312653,0.000e0,5.402504444,4.555e-2,NaN,NaN,NaN,NaN
native,illustration,illustration-9055_gen_clipart_rainbow-cloud_1024x1024.sdr.png,1024,1024,1.048576,native,10,40142,4,1024|128|256|512,1|8|4|2,yes,12.034570694,12.034570694,0.000e0,0.000e0,5.542658806,5.542660236,1.431e-6,2.581e-7,12.034570694,12.034570694,0.000e0,10.489125252,1.284e-1,NaN,NaN,NaN,NaN
native,illustration,illustration-9055_gen_clipart_rainbow-cloud_1024x1024.sdr.png,1024,1024,1.048576,native,5,35078,4,1024|128|256|512,1|8|4|2,yes,16.737125397,16.737125397,0.000e0,0.000e0,8.027566910,8.027565956,9.537e-7,1.188e-7,16.737125397,16.737125397,0.000e0,16.118627548,3.695e-2,NaN,NaN,NaN,NaN
native,illustration,illustration-9057_gen_clipart_running-shoe_1024x1536.sdr.png,1024,1536,1.572864,native,100,283920,4,1536|128|256|512,1|12|6|3,yes,1.398966789,1.398966789,0.000e0,0.000e0,0.601419032,0.601419091,5.960e-8,9.911e-8,1.398966789,1.398966789,0.000e0,1.063030243,2.401e-1,NaN,NaN,NaN,NaN
native,illustration,illustration-9057_gen_clipart_running-shoe_1024x1536.sdr.png,1024,1536,1.572864,native,98,228191,4,1536|128|256|512,1|12|6|3,yes,1.399393439,1.399393439,0.000e0,0.000e0,0.602540314,0.602540374,5.960e-8,9.892e-8,1.399393439,1.399393439,0.000e0,1.054891467,2.462e-1,NaN,NaN,NaN,NaN
native,illustration,illustration-9057_gen_clipart_running-shoe_1024x1536.sdr.png,1024,1536,1.572864,native,95,176294,4,1536|128|256|512,1|12|6|3,yes,1.399103403,1.399103403,0.000e0,0.000e0,0.609316289,0.609316349,5.960e-8,9.782e-8,1.399103403,1.399103403,0.000e0,1.367947698,2.227e-2,NaN,NaN,NaN,NaN
native,illustration,illustration-9057_gen_clipart_running-shoe_1024x1536.sdr.png,1024,1536,1.572864,native,90,138028,4,1536|128|256|512,1|12|6|3,yes,1.989623427,1.989623427,0.000e0,0.000e0,0.639432490,0.639432430,5.960e-8,9.321e-8,1.989623427,1.989623427,0.000e0,2.119767427,6.541e-2,NaN,NaN,NaN,NaN
native,illustration,illustration-9057_gen_clipart_running-shoe_1024x1536.sdr.png,1024,1536,1.572864,native,85,119832,4,1536|128|256|512,1|12|6|3,yes,2.519906998,2.519906998,0.000e0,0.000e0,0.728895307,0.728895366,5.960e-8,8.177e-8,2.519906998,2.519906998,0.000e0,2.799064159,1.108e-1,NaN,NaN,NaN,NaN
native,illustration,illustration-9057_gen_clipart_running-shoe_1024x1536.sdr.png,1024,1536,1.572864,native,75,100924,4,1536|128|256|512,1|12|6|3,yes,3.295920849,3.295920849,0.000e0,0.000e0,1.098200560,1.098200440,1.192e-7,1.085e-7,3.295920849,3.295920849,0.000e0,3.550185204,7.715e-2,NaN,NaN,NaN,NaN
native,illustration,illustration-9057_gen_clipart_running-shoe_1024x1536.sdr.png,1024,1536,1.572864,native,65,91422,4,1536|128|256|512,1|12|6|3,yes,3.528491020,3.528491020,0.000e0,0.000e0,1.478099346,1.478099227,1.192e-7,8.065e-8,3.528491020,3.528491020,0.000e0,3.913834333,1.092e-1,NaN,NaN,NaN,NaN
native,illustration,illustration-9057_gen_clipart_running-shoe_1024x1536.sdr.png,1024,1536,1.572864,native,50,82668,4,1536|128|256|512,1|12|6|3,yes,4.493412971,4.493412971,0.000e0,0.000e0,1.389146328,1.389146447,1.192e-7,8.581e-8,4.493412971,4.493412971,0.000e0,4.884438038,8.702e-2,NaN,NaN,NaN,NaN
native,illustration,illustration-9057_gen_clipart_running-shoe_1024x1536.sdr.png,1024,1536,1.572864,native,35,74951,4,1536|128|256|512,1|12|6|3,yes,4.542538166,4.542538166,0.000e0,0.000e0,1.703110099,1.703110099,0.000e0,0.000e0,4.542538166,4.542538166,0.000e0,4.878876209,7.404e-2,NaN,NaN,NaN,NaN
native,illustration,illustration-9057_gen_clipart_running-shoe_1024x1536.sdr.png,1024,1536,1.572864,native,20,64982,4,1536|128|256|512,1|12|6|3,yes,5.720893860,5.720893860,0.000e0,0.000e0,2.206280708,2.206280947,2.384e-7,1.081e-7,5.720893860,5.720893860,0.000e0,5.904847622,3.215e-2,NaN,NaN,NaN,NaN
native,illustration,illustration-9057_gen_clipart_running-shoe_1024x1536.sdr.png,1024,1536,1.572864,native,10,56761,4,1536|128|256|512,1|12|6|3,yes,8.666349411,8.666349411,0.000e0,0.000e0,4.151606560,4.151606560,0.000e0,0.000e0,8.666349411,8.666349411,0.000e0,8.323455811,3.957e-2,NaN,NaN,NaN,NaN
native,illustration,illustration-9057_gen_clipart_running-shoe_1024x1536.sdr.png,1024,1536,1.572864,native,5,51139,4,1536|128|256|512,1|12|6|3,yes,18.598199844,18.598199844,0.000e0,0.000e0,9.110061646,9.110064507,2.861e-6,3.141e-7,18.598199844,18.598199844,0.000e0,14.826648712,2.028e-1,NaN,NaN,NaN,NaN
native,illustration,illustration-9059_gen_clipart_scissors-craft_1024x1536.sdr.png,1024,1536,1.572864,native,100,275662,4,1536|128|256|512,1|12|6|3,yes,1.038305283,1.038305283,0.000e0,0.000e0,0.392120808,0.392120808,0.000e0,0.000e0,1.038305283,1.038305283,0.000e0,0.960150361,7.527e-2,NaN,NaN,NaN,NaN
native,illustration,illustration-9059_gen_clipart_scissors-craft_1024x1536.sdr.png,1024,1536,1.572864,native,98,223938,4,1536|128|256|512,1|12|6|3,yes,1.050336838,1.050336838,0.000e0,0.000e0,0.394952476,0.394952506,2.980e-8,7.546e-8,1.050336838,1.050336838,0.000e0,0.959084809,8.688e-2,NaN,NaN,NaN,NaN
native,illustration,illustration-9059_gen_clipart_scissors-craft_1024x1536.sdr.png,1024,1536,1.572864,native,95,174764,4,1536|128|256|512,1|12|6|3,yes,1.272015452,1.272015452,0.000e0,0.000e0,0.425296068,0.425296098,2.980e-8,7.007e-8,1.272015452,1.272015452,0.000e0,1.406742930,1.059e-1,NaN,NaN,NaN,NaN
native,illustration,illustration-9059_gen_clipart_scissors-craft_1024x1536.sdr.png,1024,1536,1.572864,native,90,139042,4,1536|128|256|512,1|12|6|3,yes,1.971831083,1.971831083,0.000e0,0.000e0,0.540352821,0.540352821,0.000e0,0.000e0,1.971831083,1.971831083,0.000e0,2.167001009,9.898e-2,NaN,NaN,NaN,NaN
native,illustration,illustration-9059_gen_clipart_scissors-craft_1024x1536.sdr.png,1024,1536,1.572864,native,85,121232,4,1536|128|256|512,1|12|6|3,yes,2.463648558,2.463648558,0.000e0,0.000e0,0.670959592,0.670959651,5.960e-8,8.883e-8,2.463648558,2.463648558,0.000e0,2.712690353,1.011e-1,NaN,NaN,NaN,NaN
native,illustration,illustration-9059_gen_clipart_scissors-craft_1024x1536.sdr.png,1024,1536,1.572864,native,75,102976,4,1536|128|256|512,1|12|6|3,yes,3.574574947,3.574574947,0.000e0,0.000e0,0.906694353,0.906694353,0.000e0,0.000e0,3.574574947,3.574574947,0.000e0,3.842974424,7.509e-2,NaN,NaN,NaN,NaN
native,illustration,illustration-9059_gen_clipart_scissors-craft_1024x1536.sdr.png,1024,1536,1.572864,native,65,93492,4,1536|128|256|512,1|12|6|3,yes,4.217292786,4.217292786,0.000e0,0.000e0,1.424535871,1.424535036,8.345e-7,5.858e-7,4.217292786,4.217292786,0.000e0,4.670114040,1.074e-1,NaN,NaN,NaN,NaN
native,illustration,illustration-9059_gen_clipart_scissors-craft_1024x1536.sdr.png,1024,1536,1.572864,native,50,84500,4,1536|128|256|512,1|12|6|3,yes,4.901026726,4.901026726,0.000e0,0.000e0,1.294237852,1.294237852,0.000e0,0.000e0,4.901026726,4.901026726,0.000e0,5.100649357,4.073e-2,NaN,NaN,NaN,NaN
native,illustration,illustration-9059_gen_clipart_scissors-craft_1024x1536.sdr.png,1024,1536,1.572864,native,35,76690,4,1536|128|256|512,1|12|6|3,yes,6.687312126,6.687312126,0.000e0,0.000e0,1.747378469,1.747376204,2.265e-6,1.296e-6,6.687312126,6.687312126,0.000e0,7.253231525,8.463e-2,NaN,NaN,NaN,NaN
native,illustration,illustration-9059_gen_clipart_scissors-craft_1024x1536.sdr.png,1024,1536,1.572864,native,20,65774,4,1536|128|256|512,1|12|6|3,yes,6.805697441,6.805697441,0.000e0,0.000e0,2.558425665,2.558428288,2.623e-6,1.025e-6,6.805697441,6.805697441,0.000e0,7.247671604,6.494e-2,NaN,NaN,NaN,NaN
native,illustration,illustration-9059_gen_clipart_scissors-craft_1024x1536.sdr.png,1024,1536,1.572864,native,10,57022,4,1536|128|256|512,1|12|6|3,yes,10.387185097,10.387185097,0.000e0,0.000e0,4.177790165,4.177792072,1.907e-6,4.565e-7,10.387185097,10.387185097,0.000e0,9.581570625,7.756e-2,NaN,NaN,NaN,NaN
native,illustration,illustration-9059_gen_clipart_scissors-craft_1024x1536.sdr.png,1024,1536,1.572864,native,5,51479,4,1536|128|256|512,1|12|6|3,yes,16.242319107,16.242319107,0.000e0,0.000e0,8.276530266,8.276535988,5.722e-6,6.914e-7,16.242319107,16.242319107,0.000e0,15.731527328,3.145e-2,NaN,NaN,NaN,NaN
native,screen-imz,screen-8106_web-screenshots_climate-news_dpr1_page1_1440x900.sdr.png,1440,900,1.296000,native,100,459728,4,900|128|256|512,1|8|4|2,yes,0.435465991,0.435465991,0.000e0,0.000e0,0.133683085,0.133683100,1.490e-8,1.115e-7,0.435465991,0.435465991,0.000e0,0.466195762,7.057e-2,NaN,NaN,NaN,NaN
native,screen-imz,screen-8106_web-screenshots_climate-news_dpr1_page1_1440x900.sdr.png,1440,900,1.296000,native,98,369896,4,900|128|256|512,1|8|4|2,yes,0.632057190,0.632057190,0.000e0,0.000e0,0.204683647,0.204683661,1.490e-8,7.280e-8,0.632057190,0.632057190,0.000e0,0.671766162,6.282e-2,NaN,NaN,NaN,NaN
native,screen-imz,screen-8106_web-screenshots_climate-news_dpr1_page1_1440x900.sdr.png,1440,900,1.296000,native,95,278665,4,900|128|256|512,1|8|4|2,yes,1.314579129,1.314579129,0.000e0,0.000e0,0.379929751,0.379929781,2.980e-8,7.844e-8,1.314579129,1.314579129,0.000e0,1.451530814,1.042e-1,NaN,NaN,NaN,NaN
native,screen-imz,screen-8106_web-screenshots_climate-news_dpr1_page1_1440x900.sdr.png,1440,900,1.296000,native,90,209844,4,900|128|256|512,1|8|4|2,yes,2.029636145,2.029636145,0.000e0,0.000e0,0.623700738,0.623700678,5.960e-8,9.557e-8,2.029636145,2.029636145,0.000e0,2.188583374,7.831e-2,NaN,NaN,NaN,NaN
native,screen-imz,screen-8106_web-screenshots_climate-news_dpr1_page1_1440x900.sdr.png,1440,900,1.296000,native,85,176448,4,900|128|256|512,1|8|4|2,yes,2.541280985,2.541280985,0.000e0,0.000e0,0.805015087,0.805014968,1.192e-7,1.481e-7,2.541280985,2.541280985,0.000e0,2.692638397,5.956e-2,NaN,NaN,NaN,NaN
native,screen-imz,screen-8106_web-screenshots_climate-news_dpr1_page1_1440x900.sdr.png,1440,900,1.296000,native,75,141760,4,900|128|256|512,1|8|4|2,yes,3.507678032,3.507678032,0.000e0,0.000e0,1.110097647,1.110097647,0.000e0,0.000e0,3.507678032,3.507678032,0.000e0,3.698923588,5.452e-2,NaN,NaN,NaN,NaN
native,screen-imz,screen-8106_web-screenshots_climate-news_dpr1_page1_1440x900.sdr.png,1440,900,1.296000,native,65,122952,4,900|128|256|512,1|8|4|2,yes,5.126582623,5.126582623,0.000e0,0.000e0,1.366107941,1.366108060,1.192e-7,8.726e-8,5.126582623,5.126582623,0.000e0,4.956253529,3.322e-2,NaN,NaN,NaN,NaN
native,screen-imz,screen-8106_web-screenshots_climate-news_dpr1_page1_1440x900.sdr.png,1440,900,1.296000,native,50,106364,4,900|128|256|512,1|8|4|2,yes,5.185076237,5.185076237,0.000e0,0.000e0,1.617455244,1.617455602,3.576e-7,2.211e-7,5.185076237,5.185076237,0.000e0,5.223684788,7.446e-3,NaN,NaN,NaN,NaN
native,screen-imz,screen-8106_web-screenshots_climate-news_dpr1_page1_1440x900.sdr.png,1440,900,1.296000,native,35,91863,4,900|128|256|512,1|8|4|2,yes,6.072553635,6.072553635,0.000e0,0.000e0,1.965258837,1.965259075,2.384e-7,1.213e-7,6.072553635,6.072553635,0.000e0,5.976553440,1.581e-2,NaN,NaN,NaN,NaN
native,screen-imz,screen-8106_web-screenshots_climate-news_dpr1_page1_1440x900.sdr.png,1440,900,1.296000,native,20,72780,4,900|128|256|512,1|8|4|2,yes,7.332457542,7.332457542,0.000e0,0.000e0,2.946515560,2.946516275,7.153e-7,2.427e-7,7.332457542,7.332457542,0.000e0,7.514374256,2.481e-2,NaN,NaN,NaN,NaN
native,screen-imz,screen-8106_web-screenshots_climate-news_dpr1_page1_1440x900.sdr.png,1440,900,1.296000,native,10,56939,4,900|128|256|512,1|8|4|2,yes,11.983381271,11.983381271,0.000e0,0.000e0,4.298359871,4.298359394,4.768e-7,1.109e-7,11.983381271,11.983381271,0.000e0,10.742401123,1.036e-1,NaN,NaN,NaN,NaN
native,screen-imz,screen-8106_web-screenshots_climate-news_dpr1_page1_1440x900.sdr.png,1440,900,1.296000,native,5,47498,4,900|128|256|512,1|8|4|2,yes,17.359657288,17.359657288,0.000e0,0.000e0,9.857738495,9.857738495,0.000e0,0.000e0,17.359657288,17.359657288,0.000e0,17.868776321,2.933e-2,NaN,NaN,NaN,NaN
native,screen-imz,screen-8109_web-screenshots_datagov-catalog_dpr1_page2_1440x900.sdr.png,1440,900,1.296000,native,100,637470,4,900|128|256|512,1|8|4|2,yes,0.440229475,0.440229475,0.000e0,0.000e0,0.136300191,0.136300176,1.490e-8,1.093e-7,0.440229475,0.440229475,0.000e0,0.461481869,4.828e-2,NaN,NaN,NaN,NaN
native,screen-imz,screen-8109_web-screenshots_datagov-catalog_dpr1_page2_1440x900.sdr.png,1440,900,1.296000,native,98,500719,4,900|128|256|512,1|8|4|2,yes,0.669248223,0.669248223,0.000e0,0.000e0,0.189752370,0.189752400,2.980e-8,1.571e-7,0.669248223,0.669248223,0.000e0,0.691556633,3.333e-2,NaN,NaN,NaN,NaN
native,screen-imz,screen-8109_web-screenshots_datagov-catalog_dpr1_page2_1440x900.sdr.png,1440,900,1.296000,native,95,376166,4,900|128|256|512,1|8|4|2,yes,1.139319777,1.139319777,0.000e0,0.000e0,0.351758540,0.351758480,5.960e-8,1.694e-7,1.139319777,1.139319777,0.000e0,1.191374898,4.569e-2,NaN,NaN,NaN,NaN
native,screen-imz,screen-8109_web-screenshots_datagov-catalog_dpr1_page2_1440x900.sdr.png,1440,900,1.296000,native,90,286124,4,900|128|256|512,1|8|4|2,yes,2.062222004,2.062222004,0.000e0,0.000e0,0.635527968,0.635528088,1.192e-7,1.876e-7,2.062222004,2.062222004,0.000e0,2.016669512,2.209e-2,NaN,NaN,NaN,NaN
native,screen-imz,screen-8109_web-screenshots_datagov-catalog_dpr1_page2_1440x900.sdr.png,1440,900,1.296000,native,85,242121,4,900|128|256|512,1|8|4|2,yes,2.782205105,2.782205105,0.000e0,0.000e0,0.887442529,0.887442410,1.192e-7,1.343e-7,2.782205105,2.782205105,0.000e0,2.804390430,7.974e-3,NaN,NaN,NaN,NaN
native,screen-imz,screen-8109_web-screenshots_datagov-catalog_dpr1_page2_1440x900.sdr.png,1440,900,1.296000,native,75,192263,4,900|128|256|512,1|8|4|2,yes,4.093725204,4.093725204,0.000e0,0.000e0,1.286774158,1.286774039,1.192e-7,9.264e-8,4.093725204,4.093725204,0.000e0,4.111282349,4.289e-3,NaN,NaN,NaN,NaN
native,screen-imz,screen-8109_web-screenshots_datagov-catalog_dpr1_page2_1440x900.sdr.png,1440,900,1.296000,native,65,165892,4,900|128|256|512,1|8|4|2,yes,4.510765553,4.510765553,0.000e0,0.000e0,1.596934915,1.596935153,2.384e-7,1.493e-7,4.510765553,4.510765553,0.000e0,4.406013489,2.322e-2,NaN,NaN,NaN,NaN
native,screen-imz,screen-8109_web-screenshots_datagov-catalog_dpr1_page2_1440x900.sdr.png,1440,900,1.296000,native,50,141212,4,900|128|256|512,1|8|4|2,yes,5.533399582,5.533399582,0.000e0,0.000e0,1.974511743,1.974511743,0.000e0,0.000e0,5.533399582,5.533399582,0.000e0,5.508138180,4.565e-3,NaN,NaN,NaN,NaN
native,screen-imz,screen-8109_web-screenshots_datagov-catalog_dpr1_page2_1440x900.sdr.png,1440,900,1.296000,native,35,120062,4,900|128|256|512,1|8|4|2,yes,6.491052628,6.491052628,0.000e0,0.000e0,2.382449389,2.382449389,0.000e0,0.000e0,6.491052628,6.491052628,0.000e0,6.322404861,2.598e-2,NaN,NaN,NaN,NaN
native,screen-imz,screen-8109_web-screenshots_datagov-catalog_dpr1_page2_1440x900.sdr.png,1440,900,1.296000,native,20,93983,4,900|128|256|512,1|8|4|2,yes,8.712264061,8.712264061,0.000e0,0.000e0,3.149188042,3.149188995,9.537e-7,3.028e-7,8.712264061,8.712264061,0.000e0,7.740589619,1.115e-1,NaN,NaN,NaN,NaN
native,screen-imz,screen-8109_web-screenshots_datagov-catalog_dpr1_page2_1440x900.sdr.png,1440,900,1.296000,native,10,70950,4,900|128|256|512,1|8|4|2,yes,11.762704849,11.762704849,0.000e0,0.000e0,4.083236217,4.083236694,4.768e-7,1.168e-7,11.762704849,11.762704849,0.000e0,11.153467178,5.179e-2,NaN,NaN,NaN,NaN
native,screen-imz,screen-8109_web-screenshots_datagov-catalog_dpr1_page2_1440x900.sdr.png,1440,900,1.296000,native,5,56496,4,900|128|256|512,1|8|4|2,yes,16.747909546,16.747909546,0.000e0,0.000e0,7.727215767,7.727215290,4.768e-7,6.171e-8,16.747909546,16.747909546,0.000e0,15.253957748,8.920e-2,NaN,NaN,NaN,NaN
native,screen-imz,screen-8112_web-screenshots_gutenberg-top_dpr1_page2_1440x900.sdr.png,1440,900,1.296000,native,100,936589,4,900|128|256|512,1|8|4|2,yes,0.321285576,0.321285576,0.000e0,0.000e0,0.096185021,0.096185029,7.451e-9,7.746e-8,0.321285576,0.321285576,0.000e0,0.323258907,6.142e-3,NaN,NaN,NaN,NaN
native,screen-imz,screen-8112_web-screenshots_gutenberg-top_dpr1_page2_1440x900.sdr.png,1440,900,1.296000,native,98,729700,4,900|128|256|512,1|8|4|2,yes,0.577987134,0.577987134,0.000e0,0.000e0,0.181383848,0.181383878,2.980e-8,1.643e-7,0.577987134,0.577987134,0.000e0,0.553768337,4.190e-2,NaN,NaN,NaN,NaN
native,screen-imz,screen-8112_web-screenshots_gutenberg-top_dpr1_page2_1440x900.sdr.png,1440,900,1.296000,native,95,540828,4,900|128|256|512,1|8|4|2,yes,1.103856564,1.103856564,0.000e0,0.000e0,0.379491657,0.379491627,2.980e-8,7.853e-8,1.103856564,1.103856564,0.000e0,1.074764132,2.636e-2,NaN,NaN,NaN,NaN
native,screen-imz,screen-8112_web-screenshots_gutenberg-top_dpr1_page2_1440x900.sdr.png,1440,900,1.296000,native,90,400912,4,900|128|256|512,1|8|4|2,yes,1.891861081,1.891861081,0.000e0,0.000e0,0.669976115,0.669975996,1.192e-7,1.779e-7,1.891861081,1.891861081,0.000e0,1.833794832,3.069e-2,NaN,NaN,NaN,NaN
native,screen-imz,screen-8112_web-screenshots_gutenberg-top_dpr1_page2_1440x900.sdr.png,1440,900,1.296000,native,85,335338,4,900|128|256|512,1|8|4|2,yes,2.667942762,2.667942762,0.000e0,0.000e0,0.918904305,0.918904185,1.192e-7,1.297e-7,2.667942762,2.667942762,0.000e0,2.514341354,5.757e-2,NaN,NaN,NaN,NaN
native,screen-imz,screen-8112_web-screenshots_gutenberg-top_dpr1_page2_1440x900.sdr.png,1440,900,1.296000,native,75,263387,4,900|128|256|512,1|8|4|2,yes,3.562709332,3.562709332,0.000e0,0.000e0,1.370587349,1.370587349,0.000e0,0.000e0,3.562709332,3.562709332,0.000e0,3.515452385,1.326e-2,NaN,NaN,NaN,NaN
native,screen-imz,screen-8112_web-screenshots_gutenberg-top_dpr1_page2_1440x900.sdr.png,1440,900,1.296000,native,65,220760,4,900|128|256|512,1|8|4|2,yes,5.009191513,5.009191513,0.000e0,0.000e0,1.719109416,1.719109297,1.192e-7,6.934e-8,5.009191513,5.009191513,0.000e0,4.754645824,5.082e-2,NaN,NaN,NaN,NaN
native,screen-imz,screen-8112_web-screenshots_gutenberg-top_dpr1_page2_1440x900.sdr.png,1440,900,1.296000,native,50,183583,4,900|128|256|512,1|8|4|2,yes,5.899682999,5.899682999,0.000e0,0.000e0,2.187261820,2.187261581,2.384e-7,1.090e-7,5.899682999,5.899682999,0.000e0,5.516837120,6.489e-2,NaN,NaN,NaN,NaN
native,screen-imz,screen-8112_web-screenshots_gutenberg-top_dpr1_page2_1440x900.sdr.png,1440,900,1.296000,native,35,154506,4,900|128|256|512,1|8|4|2,yes,7.630284786,7.630284786,0.000e0,0.000e0,2.568307161,2.568307161,0.000e0,0.000e0,7.630284786,7.630284786,0.000e0,6.859270573,1.010e-1,NaN,NaN,NaN,NaN
native,screen-imz,screen-8112_web-screenshots_gutenberg-top_dpr1_page2_1440x900.sdr.png,1440,900,1.296000,native,20,118000,4,900|128|256|512,1|8|4|2,yes,8.825611115,8.825611115,0.000e0,0.000e0,3.615823746,3.615824223,4.768e-7,1.319e-7,8.825611115,8.825611115,0.000e0,8.202257156,7.063e-2,NaN,NaN,NaN,NaN
native,screen-imz,screen-8112_web-screenshots_gutenberg-top_dpr1_page2_1440x900.sdr.png,1440,900,1.296000,native,10,88319,4,900|128|256|512,1|8|4|2,yes,10.288619995,10.288619995,0.000e0,0.000e0,4.388553143,4.388552666,4.768e-7,1.087e-7,10.288619995,10.288619995,0.000e0,9.784247398,4.902e-2,NaN,NaN,NaN,NaN
native,screen-imz,screen-8112_web-screenshots_gutenberg-top_dpr1_page2_1440x900.sdr.png,1440,900,1.296000,native,5,70927,4,900|128|256|512,1|8|4|2,yes,14.010464668,14.010464668,0.000e0,0.000e0,9.067006111,9.067005157,9.537e-7,1.052e-7,14.010464668,14.010464668,0.000e0,13.388401985,4.440e-2,NaN,NaN,NaN,NaN
native,screen-imz,screen-8113_web-screenshots_lkml-lists-index_dpr1_page1_1440x900.sdr.png,1440,900,1.296000,native,100,1325909,4,900|128|256|512,1|8|4|2,yes,1.395490646,1.395490646,0.000e0,0.000e0,0.780485272,0.780485451,1.788e-7,2.291e-7,1.395490646,1.395490646,0.000e0,1.033727288,2.592e-1,NaN,NaN,NaN,NaN
native,screen-imz,screen-8113_web-screenshots_lkml-lists-index_dpr1_page1_1440x900.sdr.png,1440,900,1.296000,native,98,1043000,4,900|128|256|512,1|8|4|2,yes,1.395490646,1.395490646,0.000e0,0.000e0,0.780247748,0.780247808,5.960e-8,7.639e-8,1.395490646,1.395490646,0.000e0,1.034572601,2.586e-1,NaN,NaN,NaN,NaN
native,screen-imz,screen-8113_web-screenshots_lkml-lists-index_dpr1_page1_1440x900.sdr.png,1440,900,1.296000,native,95,754890,4,900|128|256|512,1|8|4|2,yes,1.492413402,1.492413402,0.000e0,0.000e0,0.788923502,0.788923502,0.000e0,0.000e0,1.492413402,1.492413402,0.000e0,1.554310203,4.147e-2,NaN,NaN,NaN,NaN
native,screen-imz,screen-8113_web-screenshots_lkml-lists-index_dpr1_page1_1440x900.sdr.png,1440,900,1.296000,native,90,556660,4,900|128|256|512,1|8|4|2,yes,2.597494364,2.597494364,0.000e0,0.000e0,0.843523979,0.843523979,0.000e0,0.000e0,2.597494364,2.597494364,0.000e0,2.782138824,7.109e-2,NaN,NaN,NaN,NaN
native,screen-imz,screen-8113_web-screenshots_lkml-lists-index_dpr1_page1_1440x900.sdr.png,1440,900,1.296000,native,85,465637,4,900|128|256|512,1|8|4|2,yes,3.327023506,3.327023506,0.000e0,0.000e0,1.020773649,1.020773888,2.384e-7,2.336e-7,3.327023506,3.327023506,0.000e0,3.659824848,1.000e-1,NaN,NaN,NaN,NaN
native,screen-imz,screen-8113_web-screenshots_lkml-lists-index_dpr1_page1_1440x900.sdr.png,1440,900,1.296000,native,75,351991,4,900|128|256|512,1|8|4|2,yes,4.183231354,4.183231354,0.000e0,0.000e0,1.345607281,1.345607400,1.192e-7,8.859e-8,4.183231354,4.183231354,0.000e0,4.532693863,8.354e-2,NaN,NaN,NaN,NaN
native,screen-imz,screen-8113_web-screenshots_lkml-lists-index_dpr1_page1_1440x900.sdr.png,1440,900,1.296000,native,65,282255,4,900|128|256|512,1|8|4|2,yes,5.420748711,5.420748711,0.000e0,0.000e0,1.666149497,1.666149616,1.192e-7,7.155e-8,5.420748711,5.420748711,0.000e0,5.649194717,4.214e-2,NaN,NaN,NaN,NaN
native,screen-imz,screen-8113_web-screenshots_lkml-lists-index_dpr1_page1_1440x900.sdr.png,1440,900,1.296000,native,50,241630,4,900|128|256|512,1|8|4|2,yes,6.646535397,6.646535397,0.000e0,0.000e0,2.110346794,2.110347033,2.384e-7,1.130e-7,6.646535397,6.646535397,0.000e0,7.049763203,6.067e-2,NaN,NaN,NaN,NaN
native,screen-imz,screen-8113_web-screenshots_lkml-lists-index_dpr1_page1_1440x900.sdr.png,1440,900,1.296000,native,35,190001,4,900|128|256|512,1|8|4|2,yes,6.968851566,6.968851566,0.000e0,0.000e0,2.469585419,2.469585180,2.384e-7,9.654e-8,6.968851566,6.968851566,0.000e0,6.787024021,2.609e-2,NaN,NaN,NaN,NaN
native,screen-imz,screen-8113_web-screenshots_lkml-lists-index_dpr1_page1_1440x900.sdr.png,1440,900,1.296000,native,20,132495,4,900|128|256|512,1|8|4|2,yes,9.076637268,9.076637268,0.000e0,0.000e0,3.479678392,3.479679108,7.153e-7,2.056e-7,9.076637268,9.076637268,0.000e0,9.348670006,2.997e-2,NaN,NaN,NaN,NaN
native,screen-imz,screen-8113_web-screenshots_lkml-lists-index_dpr1_page1_1440x900.sdr.png,1440,900,1.296000,native,10,85947,4,900|128|256|512,1|8|4|2,yes,14.629927635,14.629927635,0.000e0,0.000e0,8.417896271,8.417896271,0.000e0,0.000e0,14.629927635,14.629927635,0.000e0,11.386311531,2.217e-1,NaN,NaN,NaN,NaN
native,screen-imz,screen-8113_web-screenshots_lkml-lists-index_dpr1_page1_1440x900.sdr.png,1440,900,1.296000,native,5,65569,4,900|128|256|512,1|8|4|2,yes,19.606794357,19.606794357,0.000e0,0.000e0,7.768634796,7.768635750,9.537e-7,1.228e-7,19.606794357,19.606794357,0.000e0,18.995460510,3.118e-2,NaN,NaN,NaN,NaN
native,screen-imz,screen-8119_web-screenshots_loc-pictures_dpr1_page2_1440x900.sdr.png,1440,900,1.296000,native,100,561379,4,900|128|256|512,1|8|4|2,yes,0.458730400,0.458730400,0.000e0,0.000e0,0.112078927,0.112078927,0.000e0,0.000e0,0.458730400,0.458730400,0.000e0,0.467227340,1.852e-2,NaN,NaN,NaN,NaN
native,screen-imz,screen-8119_web-screenshots_loc-pictures_dpr1_page2_1440x900.sdr.png,1440,900,1.296000,native,98,436217,4,900|128|256|512,1|8|4|2,yes,0.592621565,0.592621565,0.000e0,0.000e0,0.173377350,0.173377350,0.000e0,0.000e0,0.592621565,0.592621565,0.000e0,0.604047358,1.928e-2,NaN,NaN,NaN,NaN
native,screen-imz,screen-8119_web-screenshots_loc-pictures_dpr1_page2_1440x900.sdr.png,1440,900,1.296000,native,95,325085,4,900|128|256|512,1|8|4|2,yes,1.126802921,1.126802921,0.000e0,0.000e0,0.352449179,0.352449208,2.980e-8,8.456e-8,1.126802921,1.126802921,0.000e0,1.108524442,1.622e-2,NaN,NaN,NaN,NaN
native,screen-imz,screen-8119_web-screenshots_loc-pictures_dpr1_page2_1440x900.sdr.png,1440,900,1.296000,native,90,244463,4,900|128|256|512,1|8|4|2,yes,1.997974396,1.997974396,0.000e0,0.000e0,0.629559815,0.629559755,5.960e-8,9.468e-8,1.997974396,1.997974396,0.000e0,2.173425436,8.781e-2,NaN,NaN,NaN,NaN
native,screen-imz,screen-8119_web-screenshots_loc-pictures_dpr1_page2_1440x900.sdr.png,1440,900,1.296000,native,85,205918,4,900|128|256|512,1|8|4|2,yes,2.633124113,2.633124113,0.000e0,0.000e0,0.859354556,0.859354556,0.000e0,0.000e0,2.633124113,2.633124113,0.000e0,2.505558014,4.845e-2,NaN,NaN,NaN,NaN
native,screen-imz,screen-8119_web-screenshots_loc-pictures_dpr1_page2_1440x900.sdr.png,1440,900,1.296000,native,75,164396,4,900|128|256|512,1|8|4|2,yes,4.347795010,4.347795010,0.000e0,0.000e0,1.260105252,1.260105014,2.384e-7,1.892e-7,4.347795010,4.347795010,0.000e0,4.114925861,5.356e-2,NaN,NaN,NaN,NaN
native,screen-imz,screen-8119_web-screenshots_loc-pictures_dpr1_page2_1440x900.sdr.png,1440,900,1.296000,native,65,141522,4,900|128|256|512,1|8|4|2,yes,4.836175442,4.836175442,0.000e0,0.000e0,1.579415441,1.579415560,1.192e-7,7.548e-8,4.836175442,4.836175442,0.000e0,4.661092281,3.620e-2,NaN,NaN,NaN,NaN
native,screen-imz,screen-8119_web-screenshots_loc-pictures_dpr1_page2_1440x900.sdr.png,1440,900,1.296000,native,50,120237,4,900|128|256|512,1|8|4|2,yes,5.790737152,5.790737152,0.000e0,0.000e0,1.988109350,1.988109231,1.192e-7,5.996e-8,5.790737152,5.790737152,0.000e0,5.401073456,6.729e-2,NaN,NaN,NaN,NaN
native,screen-imz,screen-8119_web-screenshots_loc-pictures_dpr1_page2_1440x900.sdr.png,1440,900,1.296000,native,35,103114,4,900|128|256|512,1|8|4|2,yes,7.271608353,7.271608353,0.000e0,0.000e0,2.470298052,2.470298290,2.384e-7,9.651e-8,7.271608353,7.271608353,0.000e0,7.144805431,1.744e-2,NaN,NaN,NaN,NaN
native,screen-imz,screen-8119_web-screenshots_loc-pictures_dpr1_page2_1440x900.sdr.png,1440,900,1.296000,native,20,81956,4,900|128|256|512,1|8|4|2,yes,9.643441200,9.643441200,0.000e0,0.000e0,3.546703815,3.546703577,2.384e-7,6.722e-8,9.643441200,9.643441200,0.000e0,8.683031082,9.959e-2,NaN,NaN,NaN,NaN
native,screen-imz,screen-8119_web-screenshots_loc-pictures_dpr1_page2_1440x900.sdr.png,1440,900,1.296000,native,10,65220,4,900|128|256|512,1|8|4|2,yes,13.068732262,13.068732262,0.000e0,0.000e0,4.407752037,4.407752037,0.000e0,0.000e0,13.068732262,13.068732262,0.000e0,12.360001564,5.423e-2,NaN,NaN,NaN,NaN
native,screen-imz,screen-8119_web-screenshots_loc-pictures_dpr1_page2_1440x900.sdr.png,1440,900,1.296000,native,5,55739,4,900|128|256|512,1|8|4|2,yes,16.756450653,16.756450653,0.000e0,0.000e0,8.989848137,8.989845276,2.861e-6,3.183e-7,16.756450653,16.756450653,0.000e0,16.320623398,2.601e-2,NaN,NaN,NaN,NaN
native,screen-imz,screen-8126_web-screenshots_nasa-missions_dpr1_page1_1440x900.sdr.png,1440,900,1.296000,native,100,534096,4,900|128|256|512,1|8|4|2,yes,0.771641254,0.771641254,0.000e0,0.000e0,0.223905131,0.223905146,1.490e-8,6.655e-8,0.771641254,0.771641254,0.000e0,0.718485296,6.889e-2,NaN,NaN,NaN,NaN
native,screen-imz,screen-8126_web-screenshots_nasa-missions_dpr1_page1_1440x900.sdr.png,1440,900,1.296000,native,98,435786,4,900|128|256|512,1|8|4|2,yes,0.803104758,0.803104758,0.000e0,0.000e0,0.246976018,0.246976048,2.980e-8,1.207e-7,0.803104758,0.803104758,0.000e0,0.763206422,4.968e-2,NaN,NaN,NaN,NaN
native,screen-imz,screen-8126_web-screenshots_nasa-missions_dpr1_page1_1440x900.sdr.png,1440,900,1.296000,native,95,334206,4,900|128|256|512,1|8|4|2,yes,1.287170529,1.287170529,0.000e0,0.000e0,0.376610279,0.376610339,5.960e-8,1.583e-7,1.287170529,1.287170529,0.000e0,1.427014709,1.086e-1,NaN,NaN,NaN,NaN
native,screen-imz,screen-8126_web-screenshots_nasa-missions_dpr1_page1_1440x900.sdr.png,1440,900,1.296000,native,90,253180,4,900|128|256|512,1|8|4|2,yes,1.928155541,1.928155541,0.000e0,0.000e0,0.608788669,0.608788729,5.960e-8,9.791e-8,1.928155541,1.928155541,0.000e0,2.170228243,1.255e-1,NaN,NaN,NaN,NaN
native,screen-imz,screen-8126_web-screenshots_nasa-missions_dpr1_page1_1440x900.sdr.png,1440,900,1.296000,native,85,214505,4,900|128|256|512,1|8|4|2,yes,2.518110275,2.518110275,0.000e0,0.000e0,0.825503230,0.825503290,5.960e-8,7.220e-8,2.518110275,2.518110275,0.000e0,2.634740829,4.632e-2,NaN,NaN,NaN,NaN
native,screen-imz,screen-8126_web-screenshots_nasa-missions_dpr1_page1_1440x900.sdr.png,1440,900,1.296000,native,75,174353,4,900|128|256|512,1|8|4|2,yes,4.464653969,4.464653969,0.000e0,0.000e0,1.203003764,1.203003645,1.192e-7,9.909e-8,4.464653969,4.464653969,0.000e0,4.270142555,4.357e-2,NaN,NaN,NaN,NaN
native,screen-imz,screen-8126_web-screenshots_nasa-missions_dpr1_page1_1440x900.sdr.png,1440,900,1.296000,native,65,152531,4,900|128|256|512,1|8|4|2,yes,4.495036602,4.495036602,0.000e0,0.000e0,1.492183447,1.492183566,1.192e-7,7.989e-8,4.495036602,4.495036602,0.000e0,4.505463600,2.320e-3,NaN,NaN,NaN,NaN
native,screen-imz,screen-8126_web-screenshots_nasa-missions_dpr1_page1_1440x900.sdr.png,1440,900,1.296000,native,50,132098,4,900|128|256|512,1|8|4|2,yes,5.495807171,5.495807171,0.000e0,0.000e0,1.876795530,1.876795769,2.384e-7,1.270e-7,5.495807171,5.495807171,0.000e0,5.595765114,1.819e-2,NaN,NaN,NaN,NaN
native,screen-imz,screen-8126_web-screenshots_nasa-missions_dpr1_page1_1440x900.sdr.png,1440,900,1.296000,native,35,113716,4,900|128|256|512,1|8|4|2,yes,7.386569500,7.386569500,0.000e0,0.000e0,2.327046633,2.327046871,2.384e-7,1.025e-7,7.386569500,7.386569500,0.000e0,6.673556328,9.653e-2,NaN,NaN,NaN,NaN
native,screen-imz,screen-8126_web-screenshots_nasa-missions_dpr1_page1_1440x900.sdr.png,1440,900,1.296000,native,20,89943,4,900|128|256|512,1|8|4|2,yes,9.487645149,9.487645149,0.000e0,0.000e0,3.286491394,3.286491632,2.384e-7,7.255e-8,9.487645149,9.487645149,0.000e0,8.513038635,1.027e-1,NaN,NaN,NaN,NaN
native,screen-imz,screen-8126_web-screenshots_nasa-missions_dpr1_page1_1440x900.sdr.png,1440,900,1.296000,native,10,69600,4,900|128|256|512,1|8|4|2,yes,12.851663589,12.851663589,0.000e0,0.000e0,4.237789154,4.237789631,4.768e-7,1.125e-7,12.851663589,12.851663589,0.000e0,11.163870811,1.313e-1,NaN,NaN,NaN,NaN
native,screen-imz,screen-8126_web-screenshots_nasa-missions_dpr1_page1_1440x900.sdr.png,1440,900,1.296000,native,5,57099,4,900|128|256|512,1|8|4|2,yes,14.349869728,14.349869728,0.000e0,0.000e0,7.925308228,7.925307274,9.537e-7,1.203e-7,14.349869728,14.349869728,0.000e0,13.546375275,5.599e-2,NaN,NaN,NaN,NaN
native,screen-imz,screen-8129_web-screenshots_nasa-news_dpr1_page2_1440x900.sdr.png,1440,900,1.296000,native,100,551063,4,900|128|256|512,1|8|4|2,yes,0.654394925,0.654394925,0.000e0,0.000e0,0.189622745,0.189622760,1.490e-8,7.858e-8,0.654394925,0.654394925,0.000e0,0.625316322,4.444e-2,NaN,NaN,NaN,NaN
native,screen-imz,screen-8129_web-screenshots_nasa-news_dpr1_page2_1440x900.sdr.png,1440,900,1.296000,native,98,430872,4,900|128|256|512,1|8|4|2,yes,0.749068797,0.749068797,0.000e0,0.000e0,0.228637829,0.228637904,7.451e-8,3.259e-7,0.749068797,0.749068797,0.000e0,0.799181819,6.690e-2,NaN,NaN,NaN,NaN
native,screen-imz,screen-8129_web-screenshots_nasa-news_dpr1_page2_1440x900.sdr.png,1440,900,1.296000,native,95,319889,4,900|128|256|512,1|8|4|2,yes,1.250330329,1.250330329,0.000e0,0.000e0,0.351690650,0.351690680,2.980e-8,8.474e-8,1.250330329,1.250330329,0.000e0,1.400057793,1.198e-1,NaN,NaN,NaN,NaN
native,screen-imz,screen-8129_web-screenshots_nasa-news_dpr1_page2_1440x900.sdr.png,1440,900,1.296000,native,90,235843,4,900|128|256|512,1|8|4|2,yes,1.742018819,1.742018819,0.000e0,0.000e0,0.549669981,0.549670041,5.960e-8,1.084e-7,1.742018819,1.742018819,0.000e0,1.944299221,1.161e-1,NaN,NaN,NaN,NaN
native,screen-imz,screen-8129_web-screenshots_nasa-news_dpr1_page2_1440x900.sdr.png,1440,900,1.296000,native,85,196804,4,900|128|256|512,1|8|4|2,yes,2.632778406,2.632778406,0.000e0,0.000e0,0.730815768,0.730815768,0.000e0,0.000e0,2.632778406,2.632778406,0.000e0,2.572743177,2.280e-2,NaN,NaN,NaN,NaN
native,screen-imz,screen-8129_web-screenshots_nasa-news_dpr1_page2_1440x900.sdr.png,1440,900,1.296000,native,75,157718,4,900|128|256|512,1|8|4|2,yes,3.408771515,3.408771515,0.000e0,0.000e0,0.999224544,0.999224544,0.000e0,0.000e0,3.408771515,3.408771515,0.000e0,3.437753916,8.502e-3,NaN,NaN,NaN,NaN
native,screen-imz,screen-8129_web-screenshots_nasa-news_dpr1_page2_1440x900.sdr.png,1440,900,1.296000,native,65,137355,4,900|128|256|512,1|8|4|2,yes,3.867537737,3.867537737,0.000e0,0.000e0,1.178019047,1.178018928,1.192e-7,1.012e-7,3.867537737,3.867537737,0.000e0,3.921211720,1.388e-2,NaN,NaN,NaN,NaN
native,screen-imz,screen-8129_web-screenshots_nasa-news_dpr1_page2_1440x900.sdr.png,1440,900,1.296000,native,50,118539,4,900|128|256|512,1|8|4|2,yes,5.574026108,5.574026108,0.000e0,0.000e0,1.473912716,1.473912716,0.000e0,0.000e0,5.574026108,5.574026108,0.000e0,6.036371231,8.295e-2,NaN,NaN,NaN,NaN
native,screen-imz,screen-8129_web-screenshots_nasa-news_dpr1_page2_1440x900.sdr.png,1440,900,1.296000,native,35,102494,4,900|128|256|512,1|8|4|2,yes,5.623119831,5.623119831,0.000e0,0.000e0,1.744652987,1.744653106,1.192e-7,6.833e-8,5.623119831,5.623119831,0.000e0,5.326060772,5.283e-2,NaN,NaN,NaN,NaN
native,screen-imz,screen-8129_web-screenshots_nasa-news_dpr1_page2_1440x900.sdr.png,1440,900,1.296000,native,20,81155,4,900|128|256|512,1|8|4|2,yes,8.573271751,8.573271751,0.000e0,0.000e0,2.780845165,2.780844688,4.768e-7,1.715e-7,8.573271751,8.573271751,0.000e0,8.009085655,6.581e-2,NaN,NaN,NaN,NaN
native,screen-imz,screen-8129_web-screenshots_nasa-news_dpr1_page2_1440x900.sdr.png,1440,900,1.296000,native,10,63633,4,900|128|256|512,1|8|4|2,yes,11.642536163,11.642536163,0.000e0,0.000e0,3.486770630,3.486770630,0.000e0,0.000e0,11.642536163,11.642536163,0.000e0,10.911160469,6.282e-2,NaN,NaN,NaN,NaN
native,screen-imz,screen-8129_web-screenshots_nasa-news_dpr1_page2_1440x900.sdr.png,1440,900,1.296000,native,5,52074,4,900|128|256|512,1|8|4|2,yes,19.201007843,19.201007843,0.000e0,0.000e0,8.365671158,8.365671158,0.000e0,0.000e0,19.201007843,19.201007843,0.000e0,18.014657974,6.179e-2,NaN,NaN,NaN,NaN
native,screen-imz,screen-8134_web-screenshots_nps-grand-canyon_dpr1_page1_1440x900.sdr.png,1440,900,1.296000,native,100,939954,4,900|128|256|512,1|8|4|2,yes,0.868970990,0.868970990,0.000e0,0.000e0,0.468964905,0.468964905,0.000e0,0.000e0,0.868970990,0.868970990,0.000e0,0.664213538,2.356e-1,NaN,NaN,NaN,NaN
native,screen-imz,screen-8134_web-screenshots_nps-grand-canyon_dpr1_page1_1440x900.sdr.png,1440,900,1.296000,native,98,741023,4,900|128|256|512,1|8|4|2,yes,0.868971050,0.868971050,0.000e0,0.000e0,0.471461236,0.471461207,2.980e-8,6.321e-8,0.868971050,0.868971050,0.000e0,0.743429959,1.445e-1,NaN,NaN,NaN,NaN
native,screen-imz,screen-8134_web-screenshots_nps-grand-canyon_dpr1_page1_1440x900.sdr.png,1440,900,1.296000,native,95,547267,4,900|128|256|512,1|8|4|2,yes,1.329453707,1.329453707,0.000e0,0.000e0,0.513861358,0.513861299,5.960e-8,1.160e-7,1.329453707,1.329453707,0.000e0,1.423985958,7.111e-2,NaN,NaN,NaN,NaN
native,screen-imz,screen-8134_web-screenshots_nps-grand-canyon_dpr1_page1_1440x900.sdr.png,1440,900,1.296000,native,90,398804,4,900|128|256|512,1|8|4|2,yes,2.219582796,2.219582796,0.000e0,0.000e0,0.715952814,0.715952933,1.192e-7,1.665e-7,2.219582796,2.219582796,0.000e0,2.475865126,1.155e-1,NaN,NaN,NaN,NaN
native,screen-imz,screen-8134_web-screenshots_nps-grand-canyon_dpr1_page1_1440x900.sdr.png,1440,900,1.296000,native,85,327040,4,900|128|256|512,1|8|4|2,yes,2.957730770,2.957730770,0.000e0,0.000e0,0.932228625,0.932228744,1.192e-7,1.279e-7,2.957730770,2.957730770,0.000e0,3.158315182,6.782e-2,NaN,NaN,NaN,NaN
native,screen-imz,screen-8134_web-screenshots_nps-grand-canyon_dpr1_page1_1440x900.sdr.png,1440,900,1.296000,native,75,250067,4,900|128|256|512,1|8|4|2,yes,3.745808125,3.745808125,0.000e0,0.000e0,1.242483377,1.242483377,0.000e0,0.000e0,3.745808125,3.745808125,0.000e0,4.166172981,1.122e-1,NaN,NaN,NaN,NaN
native,screen-imz,screen-8134_web-screenshots_nps-grand-canyon_dpr1_page1_1440x900.sdr.png,1440,900,1.296000,native,65,210305,4,900|128|256|512,1|8|4|2,yes,4.718966961,4.718966961,0.000e0,0.000e0,1.525008440,1.525008321,1.192e-7,7.817e-8,4.718966961,4.718966961,0.000e0,4.772487640,1.134e-2,NaN,NaN,NaN,NaN
native,screen-imz,screen-8134_web-screenshots_nps-grand-canyon_dpr1_page1_1440x900.sdr.png,1440,900,1.296000,native,50,173711,4,900|128|256|512,1|8|4|2,yes,5.652605057,5.652605057,0.000e0,0.000e0,1.875430584,1.875430346,2.384e-7,1.271e-7,5.652605057,5.652605057,0.000e0,6.054476261,7.109e-2,NaN,NaN,NaN,NaN
native,screen-imz,screen-8134_web-screenshots_nps-grand-canyon_dpr1_page1_1440x900.sdr.png,1440,900,1.296000,native,35,143820,4,900|128|256|512,1|8|4|2,yes,6.399130344,6.399130344,0.000e0,0.000e0,2.237773657,2.237773418,2.384e-7,1.065e-7,6.399130344,6.399130344,0.000e0,6.428797245,4.636e-3,NaN,NaN,NaN,NaN
native,screen-imz,screen-8134_web-screenshots_nps-grand-canyon_dpr1_page1_1440x900.sdr.png,1440,900,1.296000,native,20,105244,4,900|128|256|512,1|8|4|2,yes,7.618265152,7.618265152,0.000e0,0.000e0,3.058128119,3.058127880,2.384e-7,7.796e-8,7.618265152,7.618265152,0.000e0,7.899867058,3.696e-2,NaN,NaN,NaN,NaN
native,screen-imz,screen-8134_web-screenshots_nps-grand-canyon_dpr1_page1_1440x900.sdr.png,1440,900,1.296000,native,10,75653,4,900|128|256|512,1|8|4|2,yes,10.432187080,10.432187080,0.000e0,0.000e0,5.048648834,5.048648357,4.768e-7,9.445e-8,10.432187080,10.432187080,0.000e0,10.010727882,4.040e-2,NaN,NaN,NaN,NaN
native,screen-imz,screen-8134_web-screenshots_nps-grand-canyon_dpr1_page1_1440x900.sdr.png,1440,900,1.296000,native,5,57585,4,900|128|256|512,1|8|4|2,yes,17.010530472,17.010530472,0.000e0,0.000e0,9.194671631,9.194671631,0.000e0,0.000e0,17.010530472,17.010530472,0.000e0,15.913195610,6.451e-2,NaN,NaN,NaN,NaN
size_ladder,photo-cid22,1001682.png,512,512,0.262144,native,95,149522,3,512|128|256,1|4|2,yes,1.058098078,1.058098078,0.000e0,0.000e0,0.420297593,0.420297623,2.980e-8,7.091e-8,1.058098078,1.058098078,0.000e0,1.142634988,7.990e-2,NaN,NaN,NaN,NaN
size_ladder,photo-cid22,1001682.png,512,512,0.262144,native,85,77253,3,512|128|256,1|4|2,yes,2.359960318,2.359960318,0.000e0,0.000e0,0.827826738,0.827826858,1.192e-7,1.440e-7,2.359960318,2.359960318,0.000e0,2.529570103,7.187e-2,NaN,NaN,NaN,NaN
size_ladder,photo-cid22,1001682.png,512,512,0.262144,native,70,51451,3,512|128|256,1|4|2,yes,2.887070417,2.887070417,0.000e0,0.000e0,1.184461951,1.184462190,2.384e-7,2.013e-7,2.887070417,2.887070417,0.000e0,3.002053976,3.983e-2,NaN,NaN,NaN,NaN
size_ladder,photo-cid22,1001682.png,512,512,0.262144,native,50,37791,3,512|128|256,1|4|2,yes,3.294322968,3.294322968,0.000e0,0.000e0,1.507202744,1.507202744,0.000e0,0.000e0,3.294322968,3.294322968,0.000e0,3.295409679,3.299e-4,NaN,NaN,NaN,NaN
size_ladder,photo-cid22,1001682.png,512,512,0.262144,native,30,27777,3,512|128|256,1|4|2,yes,4.026034832,4.026034832,0.000e0,0.000e0,1.946640968,1.946640849,1.192e-7,6.124e-8,4.026034832,4.026034832,0.000e0,3.956117153,1.737e-2,NaN,NaN,NaN,NaN
size_ladder,photo-cid22,1001682.png,512,512,0.262144,native,15,18738,3,512|128|256,1|4|2,yes,6.068467617,6.068467617,0.000e0,0.000e0,3.005989790,3.005990028,2.384e-7,7.931e-8,6.068467617,6.068467617,0.000e0,5.302169800,1.263e-1,NaN,NaN,NaN,NaN
size_ladder,photo-cid22,1001682.png,128,128,0.016384,le128,95,10778,2,128|128,1|1,yes,0.847478092,0.847478092,0.000e0,0.000e0,0.434316993,0.434317023,2.980e-8,6.862e-8,0.847478092,0.847478092,0.000e0,0.916473866,8.141e-2,NaN,NaN,NaN,NaN
size_ladder,photo-cid22,1001682.png,128,128,0.016384,le128,85,5764,2,128|128,1|1,yes,1.717680454,1.717680454,0.000e0,0.000e0,0.845093668,0.845093668,0.000e0,0.000e0,1.717680454,1.717680454,0.000e0,1.705643773,7.008e-3,NaN,NaN,NaN,NaN
size_ladder,photo-cid22,1001682.png,128,128,0.016384,le128,70,3987,2,128|128,1|1,yes,2.267630816,2.267630816,0.000e0,0.000e0,1.220884919,1.220884800,1.192e-7,9.764e-8,2.267630816,2.267630816,0.000e0,2.400057316,5.840e-2,NaN,NaN,NaN,NaN
size_ladder,photo-cid22,1001682.png,128,128,0.016384,le128,50,3034,2,128|128,1|1,yes,2.817443609,2.817443609,0.000e0,0.000e0,1.528851271,1.528850913,3.576e-7,2.339e-7,2.817443609,2.817443609,0.000e0,2.989090443,6.092e-2,NaN,NaN,NaN,NaN
size_ladder,photo-cid22,1001682.png,128,128,0.016384,le128,30,2398,2,128|128,1|1,yes,3.698141575,3.698141575,0.000e0,0.000e0,1.966403246,1.966403604,3.576e-7,1.819e-7,3.698141575,3.698141575,0.000e0,3.746207952,1.300e-2,NaN,NaN,NaN,NaN
size_ladder,photo-cid22,1001682.png,128,128,0.016384,le128,15,1755,2,128|128,1|1,yes,5.086495399,5.086495399,0.000e0,0.000e0,2.946322441,2.946322441,0.000e0,0.000e0,5.086495399,5.086495399,0.000e0,4.696130276,7.675e-2,NaN,NaN,NaN,NaN
size_ladder,photo-cid22,1001682.png,256,256,0.065536,le256,95,41055,3,256|128|256,1|2|1,yes,0.988151610,0.988151610,0.000e0,0.000e0,0.428178757,0.428178757,0.000e0,0.000e0,0.988151610,0.988151610,0.000e0,1.081215739,9.418e-2,NaN,NaN,NaN,NaN
size_ladder,photo-cid22,1001682.png,256,256,0.065536,le256,85,20889,3,256|128|256,1|2|1,yes,2.122456789,2.122456789,0.000e0,0.000e0,0.856175065,0.856175005,5.960e-8,6.962e-8,2.122456789,2.122456789,0.000e0,2.308313370,8.757e-2,NaN,NaN,NaN,NaN
size_ladder,photo-cid22,1001682.png,256,256,0.065536,le256,70,13852,3,256|128|256,1|2|1,yes,2.507821083,2.507821083,0.000e0,0.000e0,1.221646547,1.221646547,0.000e0,0.000e0,2.507821083,2.507821083,0.000e0,2.660102844,6.072e-2,NaN,NaN,NaN,NaN
size_ladder,photo-cid22,1001682.png,256,256,0.065536,le256,50,10250,3,256|128|256,1|2|1,yes,3.206033707,3.206033707,0.000e0,0.000e0,1.570304751,1.570304513,2.384e-7,1.518e-7,3.206033707,3.206033707,0.000e0,3.295310497,2.785e-2,NaN,NaN,NaN,NaN
size_ladder,photo-cid22,1001682.png,256,256,0.065536,le256,30,7588,3,256|128|256,1|2|1,yes,4.087861061,4.087861061,0.000e0,0.000e0,1.997549415,1.997549176,2.384e-7,1.194e-7,4.087861061,4.087861061,0.000e0,4.299443722,5.176e-2,NaN,NaN,NaN,NaN
size_ladder,photo-cid22,1001682.png,256,256,0.065536,le256,15,5194,3,256|128|256,1|2|1,yes,5.800401211,5.800401211,0.000e0,0.000e0,2.939079523,2.939080000,4.768e-7,1.622e-7,5.800401211,5.800401211,0.000e0,5.167710304,1.091e-1,NaN,NaN,NaN,NaN
size_ladder,photo-cid22,1147124.png,512,512,0.262144,native,95,183639,3,512|128|256,1|4|2,yes,1.303071141,1.303071141,0.000e0,0.000e0,0.483362138,0.483362108,2.980e-8,6.166e-8,1.303071141,1.303071141,0.000e0,1.435402513,1.016e-1,NaN,NaN,NaN,NaN
size_ladder,photo-cid22,1147124.png,512,512,0.262144,native,85,97416,3,512|128|256,1|4|2,yes,2.298182726,2.298182726,0.000e0,0.000e0,0.865896821,0.865896881,5.960e-8,6.884e-8,2.298182726,2.298182726,0.000e0,2.516397953,9.495e-2,NaN,NaN,NaN,NaN
size_ladder,photo-cid22,1147124.png,512,512,0.262144,native,70,64646,3,512|128|256,1|4|2,yes,3.317672729,3.317672729,0.000e0,0.000e0,1.209149241,1.209149241,0.000e0,0.000e0,3.317672729,3.317672729,0.000e0,3.656989336,1.023e-1,NaN,NaN,NaN,NaN
size_ladder,photo-cid22,1147124.png,512,512,0.262144,native,50,47356,3,512|128|256,1|4|2,yes,3.744342327,3.744342327,0.000e0,0.000e0,1.544480324,1.544480205,1.192e-7,7.718e-8,3.744342327,3.744342327,0.000e0,4.042601585,7.966e-2,NaN,NaN,NaN,NaN
size_ladder,photo-cid22,1147124.png,512,512,0.262144,native,30,34281,3,512|128|256,1|4|2,yes,4.501750946,4.501750946,0.000e0,0.000e0,2.000703335,2.000703335,0.000e0,0.000e0,4.501750946,4.501750946,0.000e0,4.643529892,3.149e-2,NaN,NaN,NaN,NaN
size_ladder,photo-cid22,1147124.png,512,512,0.262144,native,15,22140,3,512|128|256,1|4|2,yes,6.380695820,6.380695820,0.000e0,0.000e0,3.116868258,3.116868496,2.384e-7,7.649e-8,6.380695820,6.380695820,0.000e0,6.200432777,2.825e-2,NaN,NaN,NaN,NaN
size_ladder,photo-cid22,1147124.png,128,128,0.016384,le128,95,17473,2,128|128,1|1,yes,0.916586220,0.916586220,0.000e0,0.000e0,0.426592886,0.426592916,2.980e-8,6.986e-8,0.916586220,0.916586220,0.000e0,1.005737424,9.726e-2,NaN,NaN,NaN,NaN
size_ladder,photo-cid22,1147124.png,128,128,0.016384,le128,85,9106,2,128|128,1|1,yes,1.925914407,1.925914407,0.000e0,0.000e0,0.906572342,0.906572223,1.192e-7,1.315e-7,1.925914407,1.925914407,0.000e0,2.101288795,9.106e-2,NaN,NaN,NaN,NaN
size_ladder,photo-cid22,1147124.png,128,128,0.016384,le128,70,6117,2,128|128,1|1,yes,2.533680439,2.533680439,0.000e0,0.000e0,1.326989651,1.326990008,3.576e-7,2.695e-7,2.533680439,2.533680439,0.000e0,2.672129393,5.464e-2,NaN,NaN,NaN,NaN
size_ladder,photo-cid22,1147124.png,128,128,0.016384,le128,50,4530,2,128|128,1|1,yes,3.170887232,3.170887232,0.000e0,0.000e0,1.703917027,1.703916907,1.192e-7,6.996e-8,3.170887232,3.170887232,0.000e0,3.211496830,1.281e-2,NaN,NaN,NaN,NaN
size_ladder,photo-cid22,1147124.png,128,128,0.016384,le128,30,3381,2,128|128,1|1,yes,3.697469711,3.697469711,0.000e0,0.000e0,2.127822638,2.127822876,2.384e-7,1.120e-7,3.697469711,3.697469711,0.000e0,3.919700861,6.010e-2,NaN,NaN,NaN,NaN
size_ladder,photo-cid22,1147124.png,128,128,0.016384,le128,15,2304,2,128|128,1|1,yes,5.514635086,5.514635086,0.000e0,0.000e0,2.996497631,2.996497869,2.384e-7,7.957e-8,5.514635086,5.514635086,0.000e0,5.247647762,4.841e-2,NaN,NaN,NaN,NaN
size_ladder,photo-cid22,1147124.png,256,256,0.065536,le256,95,60788,3,256|128|256,1|2|1,yes,1.089646816,1.089646816,0.000e0,0.000e0,0.483362675,0.483362705,2.980e-8,6.166e-8,1.089646816,1.089646816,0.000e0,1.195719481,9.735e-2,NaN,NaN,NaN,NaN
size_ladder,photo-cid22,1147124.png,256,256,0.065536,le256,85,31331,3,256|128|256,1|2|1,yes,2.315335751,2.315335751,0.000e0,0.000e0,0.938404858,0.938405037,1.788e-7,1.906e-7,2.315335751,2.315335751,0.000e0,2.523203135,8.978e-2,NaN,NaN,NaN,NaN
size_ladder,photo-cid22,1147124.png,256,256,0.065536,le256,70,20482,3,256|128|256,1|2|1,yes,2.952376604,2.952376604,0.000e0,0.000e0,1.316863179,1.316863179,0.000e0,0.000e0,2.952376604,2.952376604,0.000e0,3.240989923,9.776e-2,NaN,NaN,NaN,NaN
size_ladder,photo-cid22,1147124.png,256,256,0.065536,le256,50,14923,3,256|128|256,1|2|1,yes,3.589724779,3.589724779,0.000e0,0.000e0,1.673731089,1.673730850,2.384e-7,1.424e-7,3.589724779,3.589724779,0.000e0,3.858277082,7.481e-2,NaN,NaN,NaN,NaN
size_ladder,photo-cid22,1147124.png,256,256,0.065536,le256,30,10782,3,256|128|256,1|2|1,yes,4.157976627,4.157976627,0.000e0,0.000e0,2.104658365,2.104657888,4.768e-7,2.266e-7,4.157976627,4.157976627,0.000e0,4.424111843,6.401e-2,NaN,NaN,NaN,NaN
size_ladder,photo-cid22,1147124.png,256,256,0.065536,le256,15,6883,3,256|128|256,1|2|1,yes,7.260798931,7.260798931,0.000e0,0.000e0,3.148921251,3.148921490,2.384e-7,7.571e-8,7.260798931,7.260798931,0.000e0,6.907291889,4.869e-2,NaN,NaN,NaN,NaN
size_ladder,photo-clic,097cb426910ba8ce2525dd8bb7fb1777.png,1507,2048,3.086336,native,95,559893,3,2048|128|256,1|16|8,yes,1.267712474,1.267712474,0.000e0,0.000e0,0.447905838,0.447905809,2.980e-8,6.654e-8,1.267712474,1.267712474,0.000e0,1.397074223,1.020e-1,NaN,NaN,NaN,NaN
size_ladder,photo-clic,097cb426910ba8ce2525dd8bb7fb1777.png,1507,2048,3.086336,native,85,257110,3,2048|128|256,1|16|8,yes,2.325029135,2.325029135,0.000e0,0.000e0,0.865064442,0.865064621,1.788e-7,2.067e-7,2.325029135,2.325029135,0.000e0,2.466078520,6.067e-2,NaN,NaN,NaN,NaN
size_ladder,photo-clic,097cb426910ba8ce2525dd8bb7fb1777.png,1507,2048,3.086336,native,70,175665,3,2048|128|256,1|16|8,yes,3.213250399,3.213250399,0.000e0,0.000e0,1.152630448,1.152630448,0.000e0,0.000e0,3.213250399,3.213250399,0.000e0,3.511544943,9.283e-2,NaN,NaN,NaN,NaN
size_ladder,photo-clic,097cb426910ba8ce2525dd8bb7fb1777.png,1507,2048,3.086336,native,50,139243,3,2048|128|256,1|16|8,yes,3.922925472,3.922925472,0.000e0,0.000e0,1.349568963,1.349569201,2.384e-7,1.767e-7,3.922925472,3.922925472,0.000e0,3.990716457,1.728e-2,NaN,NaN,NaN,NaN
size_ladder,photo-clic,097cb426910ba8ce2525dd8bb7fb1777.png,1507,2048,3.086336,native,30,114692,3,2048|128|256,1|16|8,yes,4.549875259,4.549875259,0.000e0,0.000e0,1.611002922,1.611002803,1.192e-7,7.400e-8,4.549875259,4.549875259,0.000e0,4.384410858,3.637e-2,NaN,NaN,NaN,NaN
size_ladder,photo-clic,097cb426910ba8ce2525dd8bb7fb1777.png,1507,2048,3.086336,native,15,97028,3,2048|128|256,1|16|8,yes,6.119914532,6.119914532,0.000e0,0.000e0,2.294189692,2.294189692,0.000e0,0.000e0,6.119914532,6.119914532,0.000e0,5.485026836,1.037e-1,NaN,NaN,NaN,NaN
size_ladder,photo-clic,097cb426910ba8ce2525dd8bb7fb1777.png,94,128,0.012032,le128,95,4449,2,128|128,1|1,yes,0.934843302,0.934843302,0.000e0,0.000e0,0.419289201,0.419289172,2.980e-8,7.108e-8,0.934843302,0.934843302,0.000e0,1.006020904,7.614e-2,NaN,NaN,NaN,NaN
size_ladder,photo-clic,097cb426910ba8ce2525dd8bb7fb1777.png,94,128,0.012032,le128,85,2654,2,128|128,1|1,yes,1.885491490,1.885491490,0.000e0,0.000e0,0.817482591,0.817482769,1.788e-7,2.187e-7,1.885491490,1.885491490,0.000e0,2.079621077,1.030e-1,NaN,NaN,NaN,NaN
size_ladder,photo-clic,097cb426910ba8ce2525dd8bb7fb1777.png,94,128,0.012032,le128,70,2008,2,128|128,1|1,yes,3.041324854,3.041324854,0.000e0,0.000e0,1.219828129,1.219828367,2.384e-7,1.955e-7,3.041324854,3.041324854,0.000e0,3.176837683,4.456e-2,NaN,NaN,NaN,NaN
size_ladder,photo-clic,097cb426910ba8ce2525dd8bb7fb1777.png,94,128,0.012032,le128,50,1674,2,128|128,1|1,yes,4.303401947,4.303401947,0.000e0,0.000e0,1.514657021,1.514657378,3.576e-7,2.361e-7,4.303401947,4.303401947,0.000e0,4.655818462,8.189e-2,NaN,NaN,NaN,NaN
size_ladder,photo-clic,097cb426910ba8ce2525dd8bb7fb1777.png,94,128,0.012032,le128,30,1435,2,128|128,1|1,yes,4.009829044,4.009829044,0.000e0,0.000e0,1.764191508,1.764191628,1.192e-7,6.757e-8,4.009829044,4.009829044,0.000e0,4.314932823,7.609e-2,NaN,NaN,NaN,NaN
size_ladder,photo-clic,097cb426910ba8ce2525dd8bb7fb1777.png,94,128,0.012032,le128,15,1217,2,128|128,1|1,yes,5.295734406,5.295734406,0.000e0,0.000e0,2.525968552,2.525968313,2.384e-7,9.439e-8,5.295734406,5.295734406,0.000e0,5.263809681,6.028e-3,NaN,NaN,NaN,NaN
size_ladder,photo-clic,097cb426910ba8ce2525dd8bb7fb1777.png,188,256,0.048128,le256,95,12357,3,256|128|256,1|2|1,yes,0.991781712,0.991781712,0.000e0,0.000e0,0.405145764,0.405145794,2.980e-8,7.356e-8,0.991781712,0.991781712,0.000e0,1.036917210,4.551e-2,NaN,NaN,NaN,NaN
size_ladder,photo-clic,097cb426910ba8ce2525dd8bb7fb1777.png,188,256,0.048128,le256,85,6786,3,256|128|256,1|2|1,yes,1.970219493,1.970219493,0.000e0,0.000e0,0.757911861,0.757911921,5.960e-8,7.864e-8,1.970219493,1.970219493,0.000e0,2.118465424,7.524e-2,NaN,NaN,NaN,NaN
size_ladder,photo-clic,097cb426910ba8ce2525dd8bb7fb1777.png,188,256,0.048128,le256,70,4915,3,256|128|256,1|2|1,yes,3.322329044,3.322329044,0.000e0,0.000e0,1.098949671,1.098949552,1.192e-7,1.085e-7,3.322329044,3.322329044,0.000e0,3.554458857,6.987e-2,NaN,NaN,NaN,NaN
size_ladder,photo-clic,097cb426910ba8ce2525dd8bb7fb1777.png,188,256,0.048128,le256,50,3959,3,256|128|256,1|2|1,yes,4.251527786,4.251527786,0.000e0,0.000e0,1.424637675,1.424638033,3.576e-7,2.510e-7,4.251527786,4.251527786,0.000e0,4.403012753,3.563e-2,NaN,NaN,NaN,NaN
size_ladder,photo-clic,097cb426910ba8ce2525dd8bb7fb1777.png,188,256,0.048128,le256,30,3241,3,256|128|256,1|2|1,yes,4.165582657,4.165582657,0.000e0,0.000e0,1.664118886,1.664119244,3.576e-7,2.149e-7,4.165582657,4.165582657,0.000e0,4.187820435,5.338e-3,NaN,NaN,NaN,NaN
size_ladder,photo-clic,097cb426910ba8ce2525dd8bb7fb1777.png,188,256,0.048128,le256,15,2631,3,256|128|256,1|2|1,yes,5.625882626,5.625882626,0.000e0,0.000e0,2.410924911,2.410925150,2.384e-7,9.889e-8,5.625882626,5.625882626,0.000e0,4.898817539,1.292e-1,NaN,NaN,NaN,NaN
size_ladder,photo-clic,097cb426910ba8ce2525dd8bb7fb1777.png,377,512,0.193024,le512,95,37862,3,512|128|256,1|4|2,yes,1.052662373,1.052662373,0.000e0,0.000e0,0.432166696,0.432166636,5.960e-8,1.379e-7,1.052662373,1.052662373,0.000e0,1.128314018,7.187e-2,NaN,NaN,NaN,NaN
size_ladder,photo-clic,097cb426910ba8ce2525dd8bb7fb1777.png,377,512,0.193024,le512,85,19922,3,512|128|256,1|4|2,yes,2.135319471,2.135319471,0.000e0,0.000e0,0.723922610,0.723922729,1.192e-7,1.647e-7,2.135319471,2.135319471,0.000e0,2.325942039,8.927e-2,NaN,NaN,NaN,NaN
size_ladder,photo-clic,097cb426910ba8ce2525dd8bb7fb1777.png,377,512,0.193024,le512,70,14078,3,512|128|256,1|4|2,yes,2.752854109,2.752854109,0.000e0,0.000e0,0.981153011,0.981153071,5.960e-8,6.075e-8,2.752854109,2.752854109,0.000e0,3.025608301,9.908e-2,NaN,NaN,NaN,NaN
size_ladder,photo-clic,097cb426910ba8ce2525dd8bb7fb1777.png,377,512,0.193024,le512,50,11337,3,512|128|256,1|4|2,yes,3.339797735,3.339797735,0.000e0,0.000e0,1.219970584,1.219970584,0.000e0,0.000e0,3.339797735,3.339797735,0.000e0,3.599417686,7.774e-2,NaN,NaN,NaN,NaN
size_ladder,photo-clic,097cb426910ba8ce2525dd8bb7fb1777.png,377,512,0.193024,le512,30,9419,3,512|128|256,1|4|2,yes,3.641360521,3.641360521,0.000e0,0.000e0,1.512341619,1.512341857,2.384e-7,1.576e-7,3.641360521,3.641360521,0.000e0,3.899844408,7.099e-2,NaN,NaN,NaN,NaN
size_ladder,photo-clic,097cb426910ba8ce2525dd8bb7fb1777.png,377,512,0.193024,le512,15,7766,3,512|128|256,1|4|2,yes,5.949741840,5.949741840,0.000e0,0.000e0,2.340300083,2.340299606,4.768e-7,2.038e-7,5.949741840,5.949741840,0.000e0,5.698713303,4.219e-2,NaN,NaN,NaN,NaN
size_ladder,photo-clic,097cb426910ba8ce2525dd8bb7fb1777.png,754,1024,0.772096,le1024,95,131679,3,1024|128|256,1|8|4,yes,1.191908121,1.191908121,0.000e0,0.000e0,0.454787999,0.454787970,2.980e-8,6.553e-8,1.191908121,1.191908121,0.000e0,1.191739440,1.415e-4,NaN,NaN,NaN,NaN
size_ladder,photo-clic,097cb426910ba8ce2525dd8bb7fb1777.png,754,1024,0.772096,le1024,85,64637,3,1024|128|256,1|8|4,yes,1.966771841,1.966771841,0.000e0,0.000e0,0.738542676,0.738542676,0.000e0,0.000e0,1.966771841,1.966771841,0.000e0,2.191416740,1.142e-1,NaN,NaN,NaN,NaN
size_ladder,photo-clic,097cb426910ba8ce2525dd8bb7fb1777.png,754,1024,0.772096,le1024,70,46054,3,1024|128|256,1|8|4,yes,2.875676632,2.875676632,0.000e0,0.000e0,0.964769065,0.964769065,0.000e0,0.000e0,2.875676632,2.875676632,0.000e0,2.924786329,1.708e-2,NaN,NaN,NaN,NaN
size_ladder,photo-clic,097cb426910ba8ce2525dd8bb7fb1777.png,754,1024,0.772096,le1024,50,37145,3,1024|128|256,1|8|4,yes,3.140842199,3.140842199,0.000e0,0.000e0,1.176249385,1.176249623,2.384e-7,2.027e-7,3.140842199,3.140842199,0.000e0,3.320265293,5.713e-2,NaN,NaN,NaN,NaN
size_ladder,photo-clic,097cb426910ba8ce2525dd8bb7fb1777.png,754,1024,0.772096,le1024,30,31056,3,1024|128|256,1|8|4,yes,4.428822517,4.428822517,0.000e0,0.000e0,1.489070892,1.489070773,1.192e-7,8.006e-8,4.428822517,4.428822517,0.000e0,4.291696548,3.096e-2,NaN,NaN,NaN,NaN
size_ladder,photo-clic,097cb426910ba8ce2525dd8bb7fb1777.png,754,1024,0.772096,le1024,15,26248,3,1024|128|256,1|8|4,yes,5.407429695,5.407429695,0.000e0,0.000e0,2.259795189,2.259795427,2.384e-7,1.055e-7,5.407429695,5.407429695,0.000e0,5.338223457,1.280e-2,NaN,NaN,NaN,NaN
size_ladder,photo-clic,11f2b039b293758398b1a7a8afa64bb2.png,1638,2048,3.354624,native,95,1037489,3,2048|128|256,1|16|8,yes,1.392319798,1.392319798,0.000e0,0.000e0,0.460290849,0.460290760,8.941e-8,1.942e-7,1.392319798,1.392319798,0.000e0,1.524845719,9.518e-2,NaN,NaN,NaN,NaN
size_ladder,photo-clic,11f2b039b293758398b1a7a8afa64bb2.png,1638,2048,3.354624,native,85,561504,3,2048|128|256,1|16|8,yes,2.417745352,2.417745352,0.000e0,0.000e0,0.837862313,0.837862313,0.000e0,0.000e0,2.417745352,2.417745352,0.000e0,2.615769863,8.190e-2,NaN,NaN,NaN,NaN
size_ladder,photo-clic,11f2b039b293758398b1a7a8afa64bb2.png,1638,2048,3.354624,native,70,380800,3,2048|128|256,1|16|8,yes,3.185973644,3.185973644,0.000e0,0.000e0,1.279275775,1.279275775,0.000e0,0.000e0,3.185973644,3.185973644,0.000e0,3.301979542,3.641e-2,NaN,NaN,NaN,NaN
size_ladder,photo-clic,11f2b039b293758398b1a7a8afa64bb2.png,1638,2048,3.354624,native,50,284130,3,2048|128|256,1|16|8,yes,4.563716412,4.563716412,0.000e0,0.000e0,2.027678728,2.027679205,4.768e-7,2.352e-7,4.563716412,4.563716412,0.000e0,4.823256016,5.687e-2,NaN,NaN,NaN,NaN
size_ladder,photo-clic,11f2b039b293758398b1a7a8afa64bb2.png,1638,2048,3.354624,native,30,213436,3,2048|128|256,1|16|8,yes,6.796750069,6.796750069,0.000e0,0.000e0,2.869587898,2.869588137,2.384e-7,8.308e-8,6.796750069,6.796750069,0.000e0,5.382491112,2.081e-1,NaN,NaN,NaN,NaN
size_ladder,photo-clic,11f2b039b293758398b1a7a8afa64bb2.png,1638,2048,3.354624,native,15,154392,3,2048|128|256,1|16|8,yes,9.724108696,9.724108696,0.000e0,0.000e0,4.874767303,4.874767303,0.000e0,0.000e0,9.724108696,9.724108696,0.000e0,7.306951046,2.486e-1,NaN,NaN,NaN,NaN
size_ladder,photo-clic,11f2b039b293758398b1a7a8afa64bb2.png,102,128,0.013056,le128,95,8311,2,128|128,1|1,yes,1.377276301,1.377276301,0.000e0,0.000e0,0.525666773,0.525666833,5.960e-8,1.134e-7,1.377276301,1.377276301,0.000e0,1.373060942,3.061e-3,NaN,NaN,NaN,NaN
size_ladder,photo-clic,11f2b039b293758398b1a7a8afa64bb2.png,102,128,0.013056,le128,85,4732,2,128|128,1|1,yes,2.100140095,2.100140095,0.000e0,0.000e0,0.931382179,0.931382298,1.192e-7,1.280e-7,2.100140095,2.100140095,0.000e0,2.293563604,9.210e-2,NaN,NaN,NaN,NaN
size_ladder,photo-clic,11f2b039b293758398b1a7a8afa64bb2.png,102,128,0.013056,le128,70,3434,2,128|128,1|1,yes,3.192110777,3.192110777,0.000e0,0.000e0,1.378431201,1.378431439,2.384e-7,1.730e-7,3.192110777,3.192110777,0.000e0,3.349036932,4.916e-2,NaN,NaN,NaN,NaN
size_ladder,photo-clic,11f2b039b293758398b1a7a8afa64bb2.png,102,128,0.013056,le128,50,2708,2,128|128,1|1,yes,3.821005583,3.821005583,0.000e0,0.000e0,1.743412971,1.743412852,1.192e-7,6.838e-8,3.821005583,3.821005583,0.000e0,3.927780390,2.794e-2,NaN,NaN,NaN,NaN
size_ladder,photo-clic,11f2b039b293758398b1a7a8afa64bb2.png,102,128,0.013056,le128,30,2176,2,128|128,1|1,yes,4.135982990,4.135982990,0.000e0,0.000e0,2.145022154,2.145022631,4.768e-7,2.223e-7,4.135982990,4.135982990,0.000e0,3.981487036,3.735e-2,NaN,NaN,NaN,NaN
size_ladder,photo-clic,11f2b039b293758398b1a7a8afa64bb2.png,102,128,0.013056,le128,15,1658,2,128|128,1|1,yes,6.331252098,6.331252098,0.000e0,0.000e0,3.348426580,3.348427057,4.768e-7,1.424e-7,6.331252098,6.331252098,0.000e0,6.158050537,2.736e-2,NaN,NaN,NaN,NaN
size_ladder,photo-clic,11f2b039b293758398b1a7a8afa64bb2.png,205,256,0.052480,le256,95,25475,3,256|128|256,1|2|1,yes,1.191856027,1.191856027,0.000e0,0.000e0,0.470138341,0.470138371,2.980e-8,6.339e-8,1.191856027,1.191856027,0.000e0,1.286947250,7.978e-2,NaN,NaN,NaN,NaN
size_ladder,photo-clic,11f2b039b293758398b1a7a8afa64bb2.png,205,256,0.052480,le256,85,14011,3,256|128|256,1|2|1,yes,1.970165968,1.970165968,0.000e0,0.000e0,0.877293110,0.877293110,0.000e0,0.000e0,1.970165968,1.970165968,0.000e0,2.055651665,4.339e-2,NaN,NaN,NaN,NaN
size_ladder,photo-clic,11f2b039b293758398b1a7a8afa64bb2.png,205,256,0.052480,le256,70,9687,3,256|128|256,1|2|1,yes,3.610169172,3.610169172,0.000e0,0.000e0,1.300964355,1.300964355,0.000e0,0.000e0,3.610169172,3.610169172,0.000e0,3.739768028,3.590e-2,NaN,NaN,NaN,NaN
size_ladder,photo-clic,11f2b039b293758398b1a7a8afa64bb2.png,205,256,0.052480,le256,50,7369,3,256|128|256,1|2|1,yes,3.711945772,3.711945772,0.000e0,0.000e0,1.639805675,1.639805675,0.000e0,0.000e0,3.711945772,3.711945772,0.000e0,3.786691904,2.014e-2,NaN,NaN,NaN,NaN
size_ladder,photo-clic,11f2b039b293758398b1a7a8afa64bb2.png,205,256,0.052480,le256,30,5655,3,256|128|256,1|2|1,yes,4.816443443,4.816443443,0.000e0,0.000e0,2.094979286,2.094979048,2.384e-7,1.138e-7,4.816443443,4.816443443,0.000e0,4.698897362,2.441e-2,NaN,NaN,NaN,NaN
size_ladder,photo-clic,11f2b039b293758398b1a7a8afa64bb2.png,205,256,0.052480,le256,15,4072,3,256|128|256,1|2|1,yes,6.980060577,6.980060577,0.000e0,0.000e0,3.377390146,3.377389669,4.768e-7,1.412e-7,6.980060577,6.980060577,0.000e0,6.547807693,6.193e-2,NaN,NaN,NaN,NaN
size_ladder,photo-clic,11f2b039b293758398b1a7a8afa64bb2.png,410,512,0.209920,le512,95,84526,3,512|128|256,1|4|2,yes,1.250698924,1.250698924,0.000e0,0.000e0,0.467170149,0.467170149,0.000e0,0.000e0,1.250698924,1.250698924,0.000e0,1.368228793,9.397e-2,NaN,NaN,NaN,NaN
size_ladder,photo-clic,11f2b039b293758398b1a7a8afa64bb2.png,410,512,0.209920,le512,85,45394,3,512|128|256,1|4|2,yes,2.356987238,2.356987238,0.000e0,0.000e0,0.840598643,0.840598643,0.000e0,0.000e0,2.356987238,2.356987238,0.000e0,2.434283257,3.279e-2,NaN,NaN,NaN,NaN
size_ladder,photo-clic,11f2b039b293758398b1a7a8afa64bb2.png,410,512,0.209920,le512,70,31048,3,512|128|256,1|4|2,yes,3.150594473,3.150594473,0.000e0,0.000e0,1.235862494,1.235862374,1.192e-7,9.646e-8,3.150594473,3.150594473,0.000e0,3.219078064,2.174e-2,NaN,NaN,NaN,NaN
size_ladder,photo-clic,11f2b039b293758398b1a7a8afa64bb2.png,410,512,0.209920,le512,50,23470,3,512|128|256,1|4|2,yes,3.562946558,3.562946558,0.000e0,0.000e0,1.725007772,1.725008130,3.576e-7,2.073e-7,3.562946558,3.562946558,0.000e0,3.799912453,6.651e-2,NaN,NaN,NaN,NaN
size_ladder,photo-clic,11f2b039b293758398b1a7a8afa64bb2.png,410,512,0.209920,le512,30,17708,3,512|128|256,1|4|2,yes,5.321381092,5.321381092,0.000e0,0.000e0,2.263324976,2.263324738,2.384e-7,1.053e-7,5.321381092,5.321381092,0.000e0,5.381352425,1.127e-2,NaN,NaN,NaN,NaN
size_ladder,photo-clic,11f2b039b293758398b1a7a8afa64bb2.png,410,512,0.209920,le512,15,12534,3,512|128|256,1|4|2,yes,7.031434059,7.031434059,0.000e0,0.000e0,3.734293938,3.734294176,2.384e-7,6.385e-8,7.031434059,7.031434059,0.000e0,6.107695580,1.314e-1,NaN,NaN,NaN,NaN
size_ladder,photo-clic,11f2b039b293758398b1a7a8afa64bb2.png,819,1024,0.838656,le1024,95,291165,3,1024|128|256,1|8|4,yes,1.258940935,1.258940935,0.000e0,0.000e0,0.463722318,0.463722289,2.980e-8,6.427e-8,1.258940935,1.258940935,0.000e0,1.390235901,1.043e-1,NaN,NaN,NaN,NaN
size_ladder,photo-clic,11f2b039b293758398b1a7a8afa64bb2.png,819,1024,0.838656,le1024,85,155868,3,1024|128|256,1|8|4,yes,2.230273485,2.230273485,0.000e0,0.000e0,0.815266788,0.815266788,0.000e0,0.000e0,2.230273485,2.230273485,0.000e0,2.294276953,2.870e-2,NaN,NaN,NaN,NaN
size_ladder,photo-clic,11f2b039b293758398b1a7a8afa64bb2.png,819,1024,0.838656,le1024,70,105599,3,1024|128|256,1|8|4,yes,3.095545053,3.095545053,0.000e0,0.000e0,1.224981785,1.224981904,1.192e-7,9.732e-8,3.095545053,3.095545053,0.000e0,3.401580334,9.886e-2,NaN,NaN,NaN,NaN
size_ladder,photo-clic,11f2b039b293758398b1a7a8afa64bb2.png,819,1024,0.838656,le1024,50,79005,3,1024|128|256,1|8|4,yes,3.725908995,3.725908995,0.000e0,0.000e0,1.887562156,1.887562037,1.192e-7,6.316e-8,3.725908995,3.725908995,0.000e0,3.490467787,6.319e-2,NaN,NaN,NaN,NaN
size_ladder,photo-clic,11f2b039b293758398b1a7a8afa64bb2.png,819,1024,0.838656,le1024,30,59679,3,1024|128|256,1|8|4,yes,6.470420361,6.470420361,0.000e0,0.000e0,2.656893015,2.656893253,2.384e-7,8.974e-8,6.470420361,6.470420361,0.000e0,5.145700932,2.047e-1,NaN,NaN,NaN,NaN
size_ladder,photo-clic,11f2b039b293758398b1a7a8afa64bb2.png,819,1024,0.838656,le1024,15,42908,3,1024|128|256,1|8|4,yes,8.703934669,8.703934669,0.000e0,0.000e0,4.389807701,4.389807701,0.000e0,0.000e0,8.703934669,8.703934669,0.000e0,7.131604671,1.806e-1,NaN,NaN,NaN,NaN
size_ladder,photo-gb82,baby-lossless.png,576,576,0.331776,native,95,91968,3,576|128|256,1|5|3,yes,1.026136160,1.026136160,0.000e0,0.000e0,0.427422911,0.427422881,2.980e-8,6.973e-8,1.026136160,1.026136160,0.000e0,1.083140135,5.555e-2,NaN,NaN,NaN,NaN
size_ladder,photo-gb82,baby-lossless.png,576,576,0.331776,native,85,48665,3,576|128|256,1|5|3,yes,1.743392110,1.743392110,0.000e0,0.000e0,0.696330726,0.696330905,1.788e-7,2.568e-7,1.743392110,1.743392110,0.000e0,1.895860195,8.745e-2,NaN,NaN,NaN,NaN
size_ladder,photo-gb82,baby-lossless.png,576,576,0.331776,native,70,32984,3,576|128|256,1|5|3,yes,2.540147305,2.540147305,0.000e0,0.000e0,0.970011711,0.970011771,5.960e-8,6.145e-8,2.540147305,2.540147305,0.000e0,2.559471846,7.608e-3,NaN,NaN,NaN,NaN
size_ladder,photo-gb82,baby-lossless.png,576,576,0.331776,native,50,25006,3,576|128|256,1|5|3,yes,2.732294321,2.732294321,0.000e0,0.000e0,1.263687849,1.263687849,0.000e0,0.000e0,2.732294321,2.732294321,0.000e0,2.695184946,1.358e-2,NaN,NaN,NaN,NaN
size_ladder,photo-gb82,baby-lossless.png,576,576,0.331776,native,30,19374,3,576|128|256,1|5|3,yes,3.730059147,3.730059147,0.000e0,0.000e0,1.764003992,1.764003992,0.000e0,0.000e0,3.730059147,3.730059147,0.000e0,3.720556736,2.548e-3,NaN,NaN,NaN,NaN
size_ladder,photo-gb82,baby-lossless.png,576,576,0.331776,native,15,14602,3,576|128|256,1|5|3,yes,6.463964939,6.463964939,0.000e0,0.000e0,2.910498619,2.910498619,0.000e0,0.000e0,6.463964939,6.463964939,0.000e0,6.090522766,5.777e-2,NaN,NaN,NaN,NaN
size_ladder,photo-gb82,baby-lossless.png,128,128,0.016384,le128,95,9081,2,128|128,1|1,yes,1.038441658,1.038441658,0.000e0,0.000e0,0.480632037,0.480632037,0.000e0,0.000e0,1.038441658,1.038441658,0.000e0,1.129515886,8.770e-2,NaN,NaN,NaN,NaN
size_ladder,photo-gb82,baby-lossless.png,128,128,0.016384,le128,85,5248,2,128|128,1|1,yes,2.288756371,2.288756371,0.000e0,0.000e0,0.922546446,0.922546685,2.384e-7,2.584e-7,2.288756371,2.288756371,0.000e0,2.497049570,9.101e-2,NaN,NaN,NaN,NaN
size_ladder,photo-gb82,baby-lossless.png,128,128,0.016384,le128,70,3742,2,128|128,1|1,yes,3.032683372,3.032683372,0.000e0,0.000e0,1.291862726,1.291862607,1.192e-7,9.228e-8,3.032683372,3.032683372,0.000e0,3.319216490,9.448e-2,NaN,NaN,NaN,NaN
size_ladder,photo-gb82,baby-lossless.png,128,128,0.016384,le128,50,2950,2,128|128,1|1,yes,3.698800325,3.698800325,0.000e0,0.000e0,1.669401884,1.669401646,2.384e-7,1.428e-7,3.698800325,3.698800325,0.000e0,3.885942221,5.060e-2,NaN,NaN,NaN,NaN
size_ladder,photo-gb82,baby-lossless.png,128,128,0.016384,le128,30,2307,2,128|128,1|1,yes,4.176405907,4.176405907,0.000e0,0.000e0,2.049597502,2.049597263,2.384e-7,1.163e-7,4.176405907,4.176405907,0.000e0,3.951213837,5.392e-2,NaN,NaN,NaN,NaN
size_ladder,photo-gb82,baby-lossless.png,128,128,0.016384,le128,15,1745,2,128|128,1|1,yes,5.257531166,5.257531166,0.000e0,0.000e0,3.007991552,3.007991076,4.768e-7,1.585e-7,5.257531166,5.257531166,0.000e0,5.109732151,2.811e-2,NaN,NaN,NaN,NaN
size_ladder,photo-gb82,baby-lossless.png,256,256,0.065536,le256,95,25747,3,256|128|256,1|2|1,yes,1.107317924,1.107317924,0.000e0,0.000e0,0.470899969,0.470899969,0.000e0,0.000e0,1.107317924,1.107317924,0.000e0,1.201364160,8.493e-2,NaN,NaN,NaN,NaN
size_ladder,photo-gb82,baby-lossless.png,256,256,0.065536,le256,85,14057,3,256|128|256,1|2|1,yes,1.867028713,1.867028713,0.000e0,0.000e0,0.804092884,0.804092824,5.960e-8,7.413e-8,1.867028713,1.867028713,0.000e0,2.008983374,7.603e-2,NaN,NaN,NaN,NaN
size_ladder,photo-gb82,baby-lossless.png,256,256,0.065536,le256,70,9700,3,256|128|256,1|2|1,yes,2.881803274,2.881803274,0.000e0,0.000e0,1.131960511,1.131960511,0.000e0,0.000e0,2.881803274,2.881803274,0.000e0,3.011505842,4.501e-2,NaN,NaN,NaN,NaN
size_ladder,photo-gb82,baby-lossless.png,256,256,0.065536,le256,50,7318,3,256|128|256,1|2|1,yes,3.521578789,3.521578789,0.000e0,0.000e0,1.428455353,1.428455472,1.192e-7,8.345e-8,3.521578789,3.521578789,0.000e0,3.751921177,6.541e-2,NaN,NaN,NaN,NaN
size_ladder,photo-gb82,baby-lossless.png,256,256,0.065536,le256,30,5657,3,256|128|256,1|2|1,yes,4.242886066,4.242886066,0.000e0,0.000e0,1.867525220,1.867525578,3.576e-7,1.915e-7,4.242886066,4.242886066,0.000e0,4.317562103,1.760e-2,NaN,NaN,NaN,NaN
size_ladder,photo-gb82,baby-lossless.png,256,256,0.065536,le256,15,4156,3,256|128|256,1|2|1,yes,5.952342033,5.952342033,0.000e0,0.000e0,2.912754297,2.912754059,2.384e-7,8.185e-8,5.952342033,5.952342033,0.000e0,5.952142239,3.357e-5,NaN,NaN,NaN,NaN
size_ladder,photo-gb82,baby-lossless.png,512,512,0.262144,le512,95,76396,3,512|128|256,1|4|2,yes,0.951774359,0.951774359,0.000e0,0.000e0,0.427513063,0.427513003,5.960e-8,1.394e-7,0.951774359,0.951774359,0.000e0,0.996538043,4.703e-2,NaN,NaN,NaN,NaN
size_ladder,photo-gb82,baby-lossless.png,512,512,0.262144,le512,85,40565,3,512|128|256,1|4|2,yes,1.823968410,1.823968410,0.000e0,0.000e0,0.706384301,0.706384182,1.192e-7,1.688e-7,1.823968410,1.823968410,0.000e0,1.960252047,7.472e-2,NaN,NaN,NaN,NaN
size_ladder,photo-gb82,baby-lossless.png,512,512,0.262144,le512,70,27505,3,512|128|256,1|4|2,yes,2.690809011,2.690809011,0.000e0,0.000e0,0.991638839,0.991638780,5.960e-8,6.011e-8,2.690809011,2.690809011,0.000e0,2.898161888,7.706e-2,NaN,NaN,NaN,NaN
size_ladder,photo-gb82,baby-lossless.png,512,512,0.262144,le512,50,20843,3,512|128|256,1|4|2,yes,2.731688261,2.731688261,0.000e0,0.000e0,1.282783985,1.282783866,1.192e-7,9.293e-8,2.731688261,2.731688261,0.000e0,2.829870224,3.594e-2,NaN,NaN,NaN,NaN
size_ladder,photo-gb82,baby-lossless.png,512,512,0.262144,le512,30,16066,3,512|128|256,1|4|2,yes,3.613065958,3.613065958,0.000e0,0.000e0,1.750145197,1.750144839,3.576e-7,2.043e-7,3.613065958,3.613065958,0.000e0,3.819091558,5.702e-2,NaN,NaN,NaN,NaN
size_ladder,photo-gb82,baby-lossless.png,512,512,0.262144,le512,15,12002,3,512|128|256,1|4|2,yes,6.210304260,6.210304260,0.000e0,0.000e0,2.883170843,2.883171082,2.384e-7,8.269e-8,6.210304260,6.210304260,0.000e0,5.850932598,5.787e-2,NaN,NaN,NaN,NaN
size_ladder,photo-gb82,city-lossless.png,576,576,0.331776,native,95,179361,3,576|128|256,1|5|3,yes,1.101698756,1.101698756,0.000e0,0.000e0,0.379990220,0.379990160,5.960e-8,1.569e-7,1.101698756,1.101698756,0.000e0,1.234292030,1.204e-1,NaN,NaN,NaN,NaN
size_ladder,photo-gb82,city-lossless.png,576,576,0.331776,native,85,102098,3,576|128|256,1|5|3,yes,2.136944771,2.136944771,0.000e0,0.000e0,0.761627674,0.761627674,0.000e0,0.000e0,2.136944771,2.136944771,0.000e0,2.345404863,9.755e-2,NaN,NaN,NaN,NaN
size_ladder,photo-gb82,city-lossless.png,576,576,0.331776,native,70,70440,3,576|128|256,1|5|3,yes,2.832422256,2.832422256,0.000e0,0.000e0,1.103966355,1.103966475,1.192e-7,1.080e-7,2.832422256,2.832422256,0.000e0,3.017149210,6.522e-2,NaN,NaN,NaN,NaN
size_ladder,photo-gb82,city-lossless.png,576,576,0.331776,native,50,52958,3,576|128|256,1|5|3,yes,3.828660727,3.828660727,0.000e0,0.000e0,1.437953711,1.437953591,1.192e-7,8.290e-8,3.828660727,3.828660727,0.000e0,3.752994061,1.976e-2,NaN,NaN,NaN,NaN
size_ladder,photo-gb82,city-lossless.png,576,576,0.331776,native,30,39712,3,576|128|256,1|5|3,yes,5.068774700,5.068774700,0.000e0,0.000e0,1.844527960,1.844528079,1.192e-7,6.463e-8,5.068774700,5.068774700,0.000e0,5.340995312,5.371e-2,NaN,NaN,NaN,NaN
size_ladder,photo-gb82,city-lossless.png,576,576,0.331776,native,15,27386,3,576|128|256,1|5|3,yes,6.009401798,6.009401798,0.000e0,0.000e0,2.659555435,2.659556150,7.153e-7,2.689e-7,6.009401798,6.009401798,0.000e0,5.832119465,2.950e-2,NaN,NaN,NaN,NaN
size_ladder,photo-gb82,city-lossless.png,128,128,0.016384,le128,95,12883,2,128|128,1|1,yes,0.877504110,0.877504110,0.000e0,0.000e0,0.351117343,0.351117313,2.980e-8,8.488e-8,0.877504110,0.877504110,0.000e0,0.936622858,6.737e-2,NaN,NaN,NaN,NaN
size_ladder,photo-gb82,city-lossless.png,128,128,0.016384,le128,85,7385,2,128|128,1|1,yes,1.938625693,1.938625693,0.000e0,0.000e0,0.821254492,0.821254373,1.192e-7,1.452e-7,1.938625693,1.938625693,0.000e0,2.043325663,5.401e-2,NaN,NaN,NaN,NaN
size_ladder,photo-gb82,city-lossless.png,128,128,0.016384,le128,70,5202,2,128|128,1|1,yes,2.659499645,2.659499645,0.000e0,0.000e0,1.259192109,1.259192228,1.192e-7,9.467e-8,2.659499645,2.659499645,0.000e0,2.841173410,6.831e-2,NaN,NaN,NaN,NaN
size_ladder,photo-gb82,city-lossless.png,128,128,0.016384,le128,50,3969,2,128|128,1|1,yes,3.627449274,3.627449274,0.000e0,0.000e0,1.717411160,1.717411160,0.000e0,0.000e0,3.627449274,3.627449274,0.000e0,3.629303217,5.111e-4,NaN,NaN,NaN,NaN
size_ladder,photo-gb82,city-lossless.png,128,128,0.016384,le128,30,3024,2,128|128,1|1,yes,4.087645531,4.087645531,0.000e0,0.000e0,2.131654739,2.131654978,2.384e-7,1.118e-7,4.087645531,4.087645531,0.000e0,4.224914551,3.358e-2,NaN,NaN,NaN,NaN
size_ladder,photo-gb82,city-lossless.png,128,128,0.016384,le128,15,2205,2,128|128,1|1,yes,5.788097382,5.788097382,0.000e0,0.000e0,2.999562740,2.999563456,7.153e-7,2.385e-7,5.788097382,5.788097382,0.000e0,5.391616344,6.850e-2,NaN,NaN,NaN,NaN
size_ladder,photo-gb82,city-lossless.png,256,256,0.065536,le256,95,44685,3,256|128|256,1|2|1,yes,0.921861053,0.921861053,0.000e0,0.000e0,0.363273889,0.363273799,8.941e-8,2.461e-7,0.921861053,0.921861053,0.000e0,0.990110636,7.403e-2,NaN,NaN,NaN,NaN
size_ladder,photo-gb82,city-lossless.png,256,256,0.065536,le256,85,25406,3,256|128|256,1|2|1,yes,2.226850033,2.226850033,0.000e0,0.000e0,0.816431105,0.816431105,0.000e0,0.000e0,2.226850033,2.226850033,0.000e0,2.439030886,9.528e-2,NaN,NaN,NaN,NaN
size_ladder,photo-gb82,city-lossless.png,256,256,0.065536,le256,70,17490,3,256|128|256,1|2|1,yes,2.937156439,2.937156439,0.000e0,0.000e0,1.194351196,1.194351435,2.384e-7,1.996e-7,2.937156439,2.937156439,0.000e0,2.990067005,1.801e-2,NaN,NaN,NaN,NaN
size_ladder,photo-gb82,city-lossless.png,256,256,0.065536,le256,50,13092,3,256|128|256,1|2|1,yes,4.845371246,4.845371246,0.000e0,0.000e0,1.619429111,1.619429231,1.192e-7,7.361e-8,4.845371246,4.845371246,0.000e0,5.183937550,6.987e-2,NaN,NaN,NaN,NaN
size_ladder,photo-gb82,city-lossless.png,256,256,0.065536,le256,30,9803,3,256|128|256,1|2|1,yes,4.833869934,4.833869934,0.000e0,0.000e0,2.009257317,2.009257078,2.384e-7,1.187e-7,4.833869934,4.833869934,0.000e0,4.705462456,2.656e-2,NaN,NaN,NaN,NaN
size_ladder,photo-gb82,city-lossless.png,256,256,0.065536,le256,15,6757,3,256|128|256,1|2|1,yes,6.628434181,6.628434181,0.000e0,0.000e0,2.865611315,2.865610838,4.768e-7,1.664e-7,6.628434181,6.628434181,0.000e0,6.659533024,4.692e-3,NaN,NaN,NaN,NaN
size_ladder,photo-gb82,city-lossless.png,512,512,0.262144,le512,95,145561,3,512|128|256,1|4|2,yes,1.140876412,1.140876412,0.000e0,0.000e0,0.371941388,0.371941417,2.980e-8,8.013e-8,1.140876412,1.140876412,0.000e0,1.218409777,6.796e-2,NaN,NaN,NaN,NaN
size_ladder,photo-gb82,city-lossless.png,512,512,0.262144,le512,85,82851,3,512|128|256,1|4|2,yes,2.078657150,2.078657150,0.000e0,0.000e0,0.750856757,0.750856817,5.960e-8,7.938e-8,2.078657150,2.078657150,0.000e0,2.236575842,7.597e-2,NaN,NaN,NaN,NaN
size_ladder,photo-gb82,city-lossless.png,512,512,0.262144,le512,70,57158,3,512|128|256,1|4|2,yes,3.012036800,3.012036800,0.000e0,0.000e0,1.091405034,1.091405153,1.192e-7,1.092e-7,3.012036800,3.012036800,0.000e0,3.140226364,4.256e-2,NaN,NaN,NaN,NaN
size_ladder,photo-gb82,city-lossless.png,512,512,0.262144,le512,50,43132,3,512|128|256,1|4|2,yes,3.891882420,3.891882420,0.000e0,0.000e0,1.416286945,1.416286945,0.000e0,0.000e0,3.891882420,3.891882420,0.000e0,3.917235374,6.514e-3,NaN,NaN,NaN,NaN
size_ladder,photo-gb82,city-lossless.png,512,512,0.262144,le512,30,32493,3,512|128|256,1|4|2,yes,4.459420681,4.459420681,0.000e0,0.000e0,1.810619235,1.810619235,0.000e0,0.000e0,4.459420681,4.459420681,0.000e0,4.563927650,2.344e-2,NaN,NaN,NaN,NaN
size_ladder,photo-gb82,city-lossless.png,512,512,0.262144,le512,15,22361,3,512|128|256,1|4|2,yes,5.669379234,5.669379234,0.000e0,0.000e0,2.631456852,2.631457090,2.384e-7,9.060e-8,5.669379234,5.669379234,0.000e0,5.549644470,2.112e-2,NaN,NaN,NaN,NaN
size_ladder,screen-gb82sc,codec_wiki.png,2560,1664,4.259840,native,95,373859,3,1664|128|256,1|13|7,yes,1.596645594,1.596645594,0.000e0,0.000e0,0.530394316,0.530394554,2.384e-7,4.495e-7,1.596645594,1.596645594,0.000e0,1.655363083,3.678e-2,NaN,NaN,NaN,NaN
size_ladder,screen-gb82sc,codec_wiki.png,2560,1664,4.259840,native,85,277807,3,1664|128|256,1|13|7,yes,3.329443693,3.329443693,0.000e0,0.000e0,0.813955903,0.813956022,1.192e-7,1.465e-7,3.329443693,3.329443693,0.000e0,3.570531845,7.241e-2,NaN,NaN,NaN,NaN
size_ladder,screen-gb82sc,codec_wiki.png,2560,1664,4.259840,native,70,231379,3,1664|128|256,1|13|7,yes,5.024267673,5.024267673,0.000e0,0.000e0,1.307005405,1.307005405,0.000e0,0.000e0,5.024267673,5.024267673,0.000e0,5.632893562,1.211e-1,NaN,NaN,NaN,NaN
size_ladder,screen-gb82sc,codec_wiki.png,2560,1664,4.259840,native,50,202718,3,1664|128|256,1|13|7,yes,5.819847107,5.819847107,0.000e0,0.000e0,1.541039705,1.541039944,2.384e-7,1.547e-7,5.819847107,5.819847107,0.000e0,6.378112316,9.592e-2,NaN,NaN,NaN,NaN
size_ladder,screen-gb82sc,codec_wiki.png,2560,1664,4.259840,native,30,178737,3,1664|128|256,1|13|7,yes,8.536692619,8.536692619,0.000e0,0.000e0,2.454855919,2.454856396,4.768e-7,1.942e-7,8.536692619,8.536692619,0.000e0,7.877296448,7.724e-2,NaN,NaN,NaN,NaN
size_ladder,screen-gb82sc,codec_wiki.png,2560,1664,4.259840,native,15,156704,3,1664|128|256,1|13|7,yes,10.753223419,10.753223419,0.000e0,0.000e0,3.069135427,3.069135904,4.768e-7,1.554e-7,10.753223419,10.753223419,0.000e0,9.794232368,8.918e-2,NaN,NaN,NaN,NaN
size_ladder,screen-gb82sc,codec_wiki.png,128,83,0.010624,le128,95,5346,2,82|82,2|2,yes,1.306792736,1.306792736,0.000e0,0.000e0,0.526034653,0.526034772,1.192e-7,2.266e-7,1.306792736,1.306792736,0.000e0,1.442155957,1.036e-1,NaN,NaN,NaN,NaN
size_ladder,screen-gb82sc,codec_wiki.png,128,83,0.010624,le128,85,3382,2,82|82,2|2,yes,2.649159908,2.649159908,0.000e0,0.000e0,1.070405245,1.070405364,1.192e-7,1.114e-7,2.649159908,2.649159908,0.000e0,2.664118528,5.647e-3,NaN,NaN,NaN,NaN
size_ladder,screen-gb82sc,codec_wiki.png,128,83,0.010624,le128,70,2523,2,82|82,2|2,yes,3.743095875,3.743095875,0.000e0,0.000e0,1.597068191,1.597068071,1.192e-7,7.464e-8,3.743095875,3.743095875,0.000e0,3.739764690,8.900e-4,NaN,NaN,NaN,NaN
size_ladder,screen-gb82sc,codec_wiki.png,128,83,0.010624,le128,50,2065,2,82|82,2|2,yes,3.820313931,3.820313931,0.000e0,0.000e0,1.842478514,1.842478275,2.384e-7,1.294e-7,3.820313931,3.820313931,0.000e0,3.789289951,8.121e-3,NaN,NaN,NaN,NaN
size_ladder,screen-gb82sc,codec_wiki.png,128,83,0.010624,le128,30,1728,2,82|82,2|2,yes,5.604188919,5.604188919,0.000e0,0.000e0,2.606128693,2.606129169,4.768e-7,1.830e-7,5.604188919,5.604188919,0.000e0,5.441455364,2.904e-2,NaN,NaN,NaN,NaN
size_ladder,screen-gb82sc,codec_wiki.png,128,83,0.010624,le128,15,1378,2,82|82,2|2,yes,6.133588314,6.133588314,0.000e0,0.000e0,3.188844681,3.188845873,1.192e-6,3.738e-7,6.133588314,6.133588314,0.000e0,5.780442238,5.758e-2,NaN,NaN,NaN,NaN
size_ladder,screen-gb82sc,codec_wiki.png,256,166,0.042496,le256,95,14190,2,128|166,2|1,yes,1.332742691,1.332742691,0.000e0,0.000e0,0.492503434,0.492503405,2.980e-8,6.051e-8,1.332742691,1.332742691,0.000e0,1.387524605,4.110e-2,NaN,NaN,NaN,NaN
size_ladder,screen-gb82sc,codec_wiki.png,256,166,0.042496,le256,85,8963,2,128|166,2|1,yes,3.009608984,3.009608984,0.000e0,0.000e0,1.128273726,1.128273845,1.192e-7,1.057e-7,3.009608984,3.009608984,0.000e0,2.992018700,5.845e-3,NaN,NaN,NaN,NaN
size_ladder,screen-gb82sc,codec_wiki.png,256,166,0.042496,le256,70,6499,2,128|166,2|1,yes,5.453011513,5.453011513,0.000e0,0.000e0,1.771691084,1.771691084,0.000e0,0.000e0,5.453011513,5.453011513,0.000e0,5.135616779,5.821e-2,NaN,NaN,NaN,NaN
size_ladder,screen-gb82sc,codec_wiki.png,256,166,0.042496,le256,50,5118,2,128|166,2|1,yes,6.549718380,6.549718380,0.000e0,0.000e0,2.486395836,2.486396313,4.768e-7,1.918e-7,6.549718380,6.549718380,0.000e0,6.028608799,7.956e-2,NaN,NaN,NaN,NaN
size_ladder,screen-gb82sc,codec_wiki.png,256,166,0.042496,le256,30,3982,2,128|166,2|1,yes,8.504905701,8.504905701,0.000e0,0.000e0,3.382532835,3.382533789,9.537e-7,2.819e-7,8.504905701,8.504905701,0.000e0,7.813102722,8.134e-2,NaN,NaN,NaN,NaN
size_ladder,screen-gb82sc,codec_wiki.png,256,166,0.042496,le256,15,3095,2,128|166,2|1,yes,10.705529213,10.705529213,0.000e0,0.000e0,4.265492916,4.265494347,1.431e-6,3.354e-7,10.705529213,10.705529213,0.000e0,9.698729515,9.404e-2,NaN,NaN,NaN,NaN
size_ladder,screen-gb82sc,codec_wiki.png,512,333,0.170496,le512,95,39042,3,332|128|256,2|3|2,yes,1.525098562,1.525098562,0.000e0,0.000e0,0.481084824,0.481084764,5.960e-8,1.239e-7,1.525098562,1.525098562,0.000e0,1.476616383,3.179e-2,NaN,NaN,NaN,NaN
size_ladder,screen-gb82sc,codec_wiki.png,512,333,0.170496,le512,85,26004,3,332|128|256,2|3|2,yes,3.113375187,3.113375187,0.000e0,0.000e0,1.028259397,1.028259397,0.000e0,0.000e0,3.113375187,3.113375187,0.000e0,3.410494804,9.543e-2,NaN,NaN,NaN,NaN
size_ladder,screen-gb82sc,codec_wiki.png,512,333,0.170496,le512,70,18812,3,332|128|256,2|3|2,yes,4.423137188,4.423137188,0.000e0,0.000e0,1.581603646,1.581603765,1.192e-7,7.537e-8,4.423137188,4.423137188,0.000e0,4.763902664,7.704e-2,NaN,NaN,NaN,NaN
size_ladder,screen-gb82sc,codec_wiki.png,512,333,0.170496,le512,50,15244,3,332|128|256,2|3|2,yes,5.862302780,5.862302780,0.000e0,0.000e0,2.101382494,2.101382732,2.384e-7,1.135e-7,5.862302780,5.862302780,0.000e0,6.344143391,8.219e-2,NaN,NaN,NaN,NaN
size_ladder,screen-gb82sc,codec_wiki.png,512,333,0.170496,le512,30,12042,3,332|128|256,2|3|2,yes,7.042863846,7.042863846,0.000e0,0.000e0,2.670808792,2.670809031,2.384e-7,8.927e-8,7.042863846,7.042863846,0.000e0,7.467308044,6.027e-2,NaN,NaN,NaN,NaN
size_ladder,screen-gb82sc,codec_wiki.png,512,333,0.170496,le512,15,9064,3,332|128|256,2|3|2,yes,9.003583908,9.003583908,0.000e0,0.000e0,3.517872334,3.517872095,2.384e-7,6.777e-8,9.003583908,9.003583908,0.000e0,8.694892883,3.429e-2,NaN,NaN,NaN,NaN
size_ladder,screen-gb82sc,codec_wiki.png,1024,666,0.681984,le1024,95,103782,3,666|128|256,1|6|3,yes,1.336329699,1.336329699,0.000e0,0.000e0,0.466379583,0.466379553,2.980e-8,6.390e-8,1.336329699,1.336329699,0.000e0,1.439497948,7.720e-2,NaN,NaN,NaN,NaN
size_ladder,screen-gb82sc,codec_wiki.png,1024,666,0.681984,le1024,85,70725,3,666|128|256,1|6|3,yes,3.125182629,3.125182629,0.000e0,0.000e0,0.933601975,0.933601916,5.960e-8,6.384e-8,3.125182629,3.125182629,0.000e0,3.467255354,1.095e-1,NaN,NaN,NaN,NaN
size_ladder,screen-gb82sc,codec_wiki.png,1024,666,0.681984,le1024,70,55908,3,666|128|256,1|6|3,yes,5.734359741,5.734359741,0.000e0,0.000e0,1.507310629,1.507310510,1.192e-7,7.909e-8,5.734359741,5.734359741,0.000e0,6.294846058,9.774e-2,NaN,NaN,NaN,NaN
size_ladder,screen-gb82sc,codec_wiki.png,1024,666,0.681984,le1024,50,46079,3,666|128|256,1|6|3,yes,6.563191414,6.563191414,0.000e0,0.000e0,1.964925528,1.964925647,1.192e-7,6.067e-8,6.563191414,6.563191414,0.000e0,7.283508778,1.098e-1,NaN,NaN,NaN,NaN
size_ladder,screen-gb82sc,codec_wiki.png,1024,666,0.681984,le1024,30,38503,3,666|128|256,1|6|3,yes,7.699312687,7.699312687,0.000e0,0.000e0,2.717943192,2.717943668,4.768e-7,1.754e-7,7.699312687,7.699312687,0.000e0,8.022904396,4.203e-2,NaN,NaN,NaN,NaN
size_ladder,screen-gb82sc,codec_wiki.png,1024,666,0.681984,le1024,15,31059,3,666|128|256,1|6|3,yes,9.415759087,9.415759087,0.000e0,0.000e0,3.398132086,3.398131609,4.768e-7,1.403e-7,9.415759087,9.415759087,0.000e0,9.890566826,5.043e-2,NaN,NaN,NaN,NaN
size_ladder,screen-gb82sc,codec_wiki.png,2048,1331,2.725888,le2048,95,269878,3,1330|128|256,2|11|6,yes,1.447135925,1.447135925,0.000e0,0.000e0,0.501910746,0.501910925,1.788e-7,3.563e-7,1.447135925,1.447135925,0.000e0,1.537540436,6.247e-2,NaN,NaN,NaN,NaN
size_ladder,screen-gb82sc,codec_wiki.png,2048,1331,2.725888,le2048,85,188846,3,1330|128|256,2|11|6,yes,2.988865137,2.988865137,0.000e0,0.000e0,0.788423896,0.788423955,5.960e-8,7.560e-8,2.988865137,2.988865137,0.000e0,3.313957214,1.088e-1,NaN,NaN,NaN,NaN
size_ladder,screen-gb82sc,codec_wiki.png,2048,1331,2.725888,le2048,70,154086,3,1330|128|256,2|11|6,yes,4.602645397,4.602645397,0.000e0,0.000e0,1.214171171,1.214171529,3.576e-7,2.945e-7,4.602645397,4.602645397,0.000e0,4.628371239,5.589e-3,NaN,NaN,NaN,NaN
size_ladder,screen-gb82sc,codec_wiki.png,2048,1331,2.725888,le2048,50,133459,3,1330|128|256,2|11|6,yes,5.856925011,5.856925011,0.000e0,0.000e0,1.480361342,1.480361700,3.576e-7,2.416e-7,5.856925011,5.856925011,0.000e0,5.508099079,5.956e-2,NaN,NaN,NaN,NaN
size_ladder,screen-gb82sc,codec_wiki.png,2048,1331,2.725888,le2048,30,117721,3,1330|128|256,2|11|6,yes,6.386357307,6.386357307,0.000e0,0.000e0,2.353105307,2.353105783,4.768e-7,2.026e-7,6.386357307,6.386357307,0.000e0,6.230323315,2.443e-2,NaN,NaN,NaN,NaN
size_ladder,screen-gb82sc,codec_wiki.png,2048,1331,2.725888,le2048,15,102685,3,1330|128|256,2|11|6,yes,10.651591301,10.651591301,0.000e0,0.000e0,3.036329508,3.036329746,2.384e-7,7.852e-8,10.651591301,10.651591301,0.000e0,9.994898796,6.165e-2,NaN,NaN,NaN,NaN
size_ladder,screen-gb82sc,gmessages.png,1440,3088,4.446720,native,95,364314,3,3088|128|256,1|25|13,yes,1.272884369,1.272884369,0.000e0,0.000e0,0.296887457,0.296887457,0.000e0,0.000e0,1.272884369,1.272884369,0.000e0,1.398533106,9.871e-2,NaN,NaN,NaN,NaN
size_ladder,screen-gb82sc,gmessages.png,1440,3088,4.446720,native,85,270051,3,3088|128|256,1|25|13,yes,2.877392054,2.877392054,0.000e0,0.000e0,0.649892747,0.649892747,0.000e0,0.000e0,2.877392054,2.877392054,0.000e0,3.217106342,1.181e-1,NaN,NaN,NaN,NaN
size_ladder,screen-gb82sc,gmessages.png,1440,3088,4.446720,native,70,228254,3,3088|128|256,1|25|13,yes,4.274008274,4.274008274,0.000e0,0.000e0,0.953958571,0.953958571,0.000e0,0.000e0,4.274008274,4.274008274,0.000e0,4.651525497,8.833e-2,NaN,NaN,NaN,NaN
size_ladder,screen-gb82sc,gmessages.png,1440,3088,4.446720,native,50,202054,3,3088|128|256,1|25|13,yes,5.006775856,5.006775856,0.000e0,0.000e0,1.269682527,1.269682765,2.384e-7,1.878e-7,5.006775856,5.006775856,0.000e0,5.517754078,1.021e-1,NaN,NaN,NaN,NaN
size_ladder,screen-gb82sc,gmessages.png,1440,3088,4.446720,native,30,181663,3,3088|128|256,1|25|13,yes,6.495364666,6.495364666,0.000e0,0.000e0,1.719167352,1.719167352,0.000e0,0.000e0,6.495364666,6.495364666,0.000e0,7.017410755,8.037e-2,NaN,NaN,NaN,NaN
size_ladder,screen-gb82sc,gmessages.png,1440,3088,4.446720,native,15,160610,3,3088|128|256,1|25|13,yes,7.773867607,7.773867607,0.000e0,0.000e0,3.395555019,3.395556211,1.192e-6,3.511e-7,7.773867607,7.773867607,0.000e0,7.871030807,1.250e-2,NaN,NaN,NaN,NaN
size_ladder,screen-gb82sc,gmessages.png,60,128,0.007680,le128,95,3503,2,128|128,1|1,yes,1.015980601,1.015980601,0.000e0,0.000e0,0.424888909,0.424888998,8.941e-8,2.104e-7,1.015980601,1.015980601,0.000e0,1.160206079,1.420e-1,NaN,NaN,NaN,NaN
size_ladder,screen-gb82sc,gmessages.png,60,128,0.007680,le128,85,2266,2,128|128,1|1,yes,1.951916695,1.951916695,0.000e0,0.000e0,0.896138072,0.896138370,2.980e-7,3.326e-7,1.951916695,1.951916695,0.000e0,2.091543198,7.153e-2,NaN,NaN,NaN,NaN
size_ladder,screen-gb82sc,gmessages.png,60,128,0.007680,le128,70,1759,2,128|128,1|1,yes,2.940379620,2.940379620,0.000e0,0.000e0,1.257940292,1.257940650,3.576e-7,2.843e-7,2.940379620,2.940379620,0.000e0,3.277888298,1.148e-1,NaN,NaN,NaN,NaN
size_ladder,screen-gb82sc,gmessages.png,60,128,0.007680,le128,50,1486,2,128|128,1|1,yes,4.006844521,4.006844521,0.000e0,0.000e0,1.677761912,1.677762389,4.768e-7,2.842e-7,4.006844521,4.006844521,0.000e0,4.243070126,5.896e-2,NaN,NaN,NaN,NaN
size_ladder,screen-gb82sc,gmessages.png,60,128,0.007680,le128,30,1293,2,128|128,1|1,yes,4.932996750,4.932996750,0.000e0,0.000e0,2.087545633,2.087545872,2.384e-7,1.142e-7,4.932996750,4.932996750,0.000e0,4.945902348,2.616e-3,NaN,NaN,NaN,NaN
size_ladder,screen-gb82sc,gmessages.png,60,128,0.007680,le128,15,1105,2,128|128,1|1,yes,6.309782028,6.309782028,0.000e0,0.000e0,3.004364729,3.004364491,2.384e-7,7.936e-8,6.309782028,6.309782028,0.000e0,5.959016323,5.559e-2,NaN,NaN,NaN,NaN
size_ladder,screen-gb82sc,gmessages.png,119,256,0.030464,le256,95,9624,3,256|128|256,1|2|1,yes,0.922047198,0.922047198,0.000e0,0.000e0,0.378337055,0.378336966,8.941e-8,2.363e-7,0.922047198,0.922047198,0.000e0,1.000632882,8.523e-2,NaN,NaN,NaN,NaN
size_ladder,screen-gb82sc,gmessages.png,119,256,0.030464,le256,85,6152,3,256|128|256,1|2|1,yes,2.332113504,2.332113504,0.000e0,0.000e0,0.893208385,0.893208504,1.192e-7,1.335e-7,2.332113504,2.332113504,0.000e0,2.568537474,1.014e-1,NaN,NaN,NaN,NaN
size_ladder,screen-gb82sc,gmessages.png,119,256,0.030464,le256,70,4526,3,256|128|256,1|2|1,yes,3.470931768,3.470931768,0.000e0,0.000e0,1.380091667,1.380091548,1.192e-7,8.638e-8,3.470931768,3.470931768,0.000e0,3.742317915,7.819e-2,NaN,NaN,NaN,NaN
size_ladder,screen-gb82sc,gmessages.png,119,256,0.030464,le256,50,3639,3,256|128|256,1|2|1,yes,3.875573397,3.875573397,0.000e0,0.000e0,1.710945249,1.710945129,1.192e-7,6.967e-8,3.875573397,3.875573397,0.000e0,3.928600311,1.368e-2,NaN,NaN,NaN,NaN
size_ladder,screen-gb82sc,gmessages.png,119,256,0.030464,le256,30,2892,3,256|128|256,1|2|1,yes,5.573645592,5.573645592,0.000e0,0.000e0,2.207031727,2.207031965,2.384e-7,1.080e-7,5.573645592,5.573645592,0.000e0,5.890441418,5.684e-2,NaN,NaN,NaN,NaN
size_ladder,screen-gb82sc,gmessages.png,119,256,0.030464,le256,15,2239,3,256|128|256,1|2|1,yes,6.239417553,6.239417553,0.000e0,0.000e0,3.113092422,3.113092184,2.384e-7,7.659e-8,6.239417553,6.239417553,0.000e0,6.339974403,1.612e-2,NaN,NaN,NaN,NaN
size_ladder,screen-gb82sc,gmessages.png,239,512,0.122368,le512,95,28172,3,512|128|256,1|4|2,yes,1.242068052,1.242068052,0.000e0,0.000e0,0.424846172,0.424846232,5.960e-8,1.403e-7,1.242068052,1.242068052,0.000e0,1.404302120,1.306e-1,NaN,NaN,NaN,NaN
size_ladder,screen-gb82sc,gmessages.png,239,512,0.122368,le512,85,18240,3,512|128|256,1|4|2,yes,2.490370274,2.490370274,0.000e0,0.000e0,0.885601580,0.885601699,1.192e-7,1.346e-7,2.490370274,2.490370274,0.000e0,2.738109112,9.948e-2,NaN,NaN,NaN,NaN
size_ladder,screen-gb82sc,gmessages.png,239,512,0.122368,le512,70,13813,3,512|128|256,1|4|2,yes,3.652450800,3.652450800,0.000e0,0.000e0,1.341432452,1.341432571,1.192e-7,8.887e-8,3.652450800,3.652450800,0.000e0,3.849980116,5.408e-2,NaN,NaN,NaN,NaN
size_ladder,screen-gb82sc,gmessages.png,239,512,0.122368,le512,50,11141,3,512|128|256,1|4|2,yes,6.142984867,6.142984867,0.000e0,0.000e0,1.863788128,1.863788247,1.192e-7,6.396e-8,6.142984867,6.142984867,0.000e0,6.519196510,6.124e-2,NaN,NaN,NaN,NaN
size_ladder,screen-gb82sc,gmessages.png,239,512,0.122368,le512,30,9027,3,512|128|256,1|4|2,yes,5.881396770,5.881396770,0.000e0,0.000e0,2.246309519,2.246309280,2.384e-7,1.061e-7,5.881396770,5.881396770,0.000e0,5.956946850,1.285e-2,NaN,NaN,NaN,NaN
size_ladder,screen-gb82sc,gmessages.png,239,512,0.122368,le512,15,6869,3,512|128|256,1|4|2,yes,7.434554577,7.434554577,0.000e0,0.000e0,3.481808901,3.481808186,7.153e-7,2.054e-7,7.434554577,7.434554577,0.000e0,7.360216618,9.999e-3,NaN,NaN,NaN,NaN
size_ladder,screen-gb82sc,gmessages.png,478,1024,0.489472,le1024,95,76195,3,1024|128|256,1|8|4,yes,1.212890983,1.212890983,0.000e0,0.000e0,0.367717355,0.367717385,2.980e-8,8.105e-8,1.212890983,1.212890983,0.000e0,1.385541797,1.423e-1,NaN,NaN,NaN,NaN
size_ladder,screen-gb82sc,gmessages.png,478,1024,0.489472,le1024,85,51029,3,1024|128|256,1|8|4,yes,2.792955875,2.792955875,0.000e0,0.000e0,0.822253287,0.822253287,0.000e0,0.000e0,2.792955875,2.792955875,0.000e0,3.170146942,1.351e-1,NaN,NaN,NaN,NaN
size_ladder,screen-gb82sc,gmessages.png,478,1024,0.489472,le1024,70,40103,3,1024|128|256,1|8|4,yes,4.544328213,4.544328213,0.000e0,0.000e0,1.251981139,1.251981020,1.192e-7,9.522e-8,4.544328213,4.544328213,0.000e0,5.147920132,1.328e-1,NaN,NaN,NaN,NaN
size_ladder,screen-gb82sc,gmessages.png,478,1024,0.489472,le1024,50,33701,3,1024|128|256,1|8|4,yes,5.770028591,5.770028591,0.000e0,0.000e0,1.599992275,1.599992394,1.192e-7,7.451e-8,5.770028591,5.770028591,0.000e0,6.225241184,7.889e-2,NaN,NaN,NaN,NaN
size_ladder,screen-gb82sc,gmessages.png,478,1024,0.489472,le1024,30,28545,3,1024|128|256,1|8|4,yes,7.204411507,7.204411507,0.000e0,0.000e0,2.113993645,2.113994122,4.768e-7,2.256e-7,7.204411507,7.204411507,0.000e0,7.609239101,5.619e-2,NaN,NaN,NaN,NaN
size_ladder,screen-gb82sc,gmessages.png,478,1024,0.489472,le1024,15,23195,3,1024|128|256,1|8|4,yes,8.458973885,8.458973885,0.000e0,0.000e0,3.433922291,3.433921814,4.768e-7,1.389e-7,8.458973885,8.458973885,0.000e0,8.594236374,1.599e-2,NaN,NaN,NaN,NaN
size_ladder,screen-gb82sc,gmessages.png,955,2048,1.955840,le2048,95,203681,3,2048|128|256,1|16|8,yes,1.349540114,1.349540114,0.000e0,0.000e0,0.335023016,0.335023016,0.000e0,0.000e0,1.349540114,1.349540114,0.000e0,1.514356017,1.221e-1,NaN,NaN,NaN,NaN
size_ladder,screen-gb82sc,gmessages.png,955,2048,1.955840,le2048,85,142795,3,2048|128|256,1|16|8,yes,2.923299313,2.923299313,0.000e0,0.000e0,0.725951552,0.725951552,0.000e0,0.000e0,2.923299313,2.923299313,0.000e0,3.333285570,1.402e-1,NaN,NaN,NaN,NaN
size_ladder,screen-gb82sc,gmessages.png,955,2048,1.955840,le2048,70,117124,3,2048|128|256,1|16|8,yes,3.806365490,3.806365490,0.000e0,0.000e0,1.034713626,1.034713984,3.576e-7,3.456e-7,3.806365490,3.806365490,0.000e0,4.205645561,1.049e-1,NaN,NaN,NaN,NaN
size_ladder,screen-gb82sc,gmessages.png,955,2048,1.955840,le2048,50,101203,3,2048|128|256,1|16|8,yes,4.583370209,4.583370209,0.000e0,0.000e0,1.323910594,1.323910475,1.192e-7,9.004e-8,4.583370209,4.583370209,0.000e0,5.058051586,1.036e-1,NaN,NaN,NaN,NaN
size_ladder,screen-gb82sc,gmessages.png,955,2048,1.955840,le2048,30,88891,3,2048|128|256,1|16|8,yes,5.294913292,5.294913292,0.000e0,0.000e0,1.696818352,1.696818471,1.192e-7,7.025e-8,5.294913292,5.294913292,0.000e0,5.833618164,1.017e-1,NaN,NaN,NaN,NaN
size_ladder,screen-gb82sc,gmessages.png,955,2048,1.955840,le2048,15,76663,3,2048|128|256,1|16|8,yes,7.277791977,7.277791977,0.000e0,0.000e0,3.323349476,3.323349237,2.384e-7,7.174e-8,7.277791977,7.277791977,0.000e0,7.067316055,2.892e-2,NaN,NaN,NaN,NaN
size_ladder,screen-gb82sc,gmessages.png,1433,3072,4.402176,le3072,95,367210,3,3072|128|256,1|24|12,yes,1.305875301,1.305875301,0.000e0,0.000e0,0.296505809,0.296505809,0.000e0,0.000e0,1.305875301,1.305875301,0.000e0,1.489598870,1.407e-1,NaN,NaN,NaN,NaN
size_ladder,screen-gb82sc,gmessages.png,1433,3072,4.402176,le3072,85,266916,3,3072|128|256,1|24|12,yes,2.828286886,2.828286886,0.000e0,0.000e0,0.629914522,0.629914463,5.960e-8,9.462e-8,2.828286886,2.828286886,0.000e0,3.205108881,1.332e-1,NaN,NaN,NaN,NaN
size_ladder,screen-gb82sc,gmessages.png,1433,3072,4.402176,le3072,70,224946,3,3072|128|256,1|24|12,yes,4.597753048,4.597753048,0.000e0,0.000e0,0.938362718,0.938362777,5.960e-8,6.352e-8,4.597753048,4.597753048,0.000e0,5.203024864,1.316e-1,NaN,NaN,NaN,NaN
size_ladder,screen-gb82sc,gmessages.png,1433,3072,4.402176,le3072,50,199618,3,3072|128|256,1|24|12,yes,5.466594219,5.466594219,0.000e0,0.000e0,1.270807981,1.270808220,2.384e-7,1.876e-7,5.466594219,5.466594219,0.000e0,5.963932991,9.098e-2,NaN,NaN,NaN,NaN
size_ladder,screen-gb82sc,gmessages.png,1433,3072,4.402176,le3072,30,179624,3,3072|128|256,1|24|12,yes,5.331179619,5.331179619,0.000e0,0.000e0,1.669939995,1.669939876,1.192e-7,7.139e-8,5.331179619,5.331179619,0.000e0,5.600570679,5.053e-2,NaN,NaN,NaN,NaN
size_ladder,screen-gb82sc,gmessages.png,1433,3072,4.402176,le3072,15,159613,3,3072|128|256,1|24|12,yes,7.809569359,7.809569359,0.000e0,0.000e0,3.396497488,3.396499634,2.146e-6,6.318e-7,7.809569359,7.809569359,0.000e0,7.870552540,7.809e-3,NaN,NaN,NaN,NaN
size_ladder,screen-web,amazon.com.png,28,128,0.003584,le128,95,5559,2,128|128,1|1,yes,0.743174553,0.743174553,0.000e0,0.000e0,0.372106135,0.372106105,2.980e-8,8.009e-8,0.743174553,0.743174553,0.000e0,0.787026167,5.901e-2,NaN,NaN,NaN,NaN
size_ladder,screen-web,amazon.com.png,28,128,0.003584,le128,85,3390,2,128|128,1|1,yes,1.598787189,1.598787189,0.000e0,0.000e0,0.792293191,0.792293191,0.000e0,0.000e0,1.598787189,1.598787189,0.000e0,1.752717853,9.628e-2,NaN,NaN,NaN,NaN
size_ladder,screen-web,amazon.com.png,28,128,0.003584,le128,70,2473,2,128|128,1|1,yes,1.897294521,1.897294521,0.000e0,0.000e0,1.202265739,1.202265620,1.192e-7,9.915e-8,1.897294521,1.897294521,0.000e0,1.988349080,4.799e-2,NaN,NaN,NaN,NaN
size_ladder,screen-web,amazon.com.png,28,128,0.003584,le128,50,1984,2,128|128,1|1,yes,2.825097799,2.825097799,0.000e0,0.000e0,1.644755721,1.644755483,2.384e-7,1.450e-7,2.825097799,2.825097799,0.000e0,2.884446144,2.101e-2,NaN,NaN,NaN,NaN
size_ladder,screen-web,amazon.com.png,28,128,0.003584,le128,30,1600,2,128|128,1|1,yes,3.547382116,3.547382116,0.000e0,0.000e0,2.184750557,2.184751034,4.768e-7,2.183e-7,3.547382116,3.547382116,0.000e0,3.541809082,1.571e-3,NaN,NaN,NaN,NaN
size_ladder,screen-web,amazon.com.png,28,128,0.003584,le128,15,1245,2,128|128,1|1,yes,5.407286167,5.407286167,0.000e0,0.000e0,3.213165522,3.213165522,0.000e0,0.000e0,5.407286167,5.407286167,0.000e0,5.023968697,7.089e-2,NaN,NaN,NaN,NaN
size_ladder,screen-web,amazon.com.png,55,256,0.014080,le256,95,16185,3,256|128|256,1|2|1,yes,0.800791562,0.800791562,0.000e0,0.000e0,0.376832336,0.376832336,0.000e0,0.000e0,0.800791562,0.800791562,0.000e0,0.856060743,6.902e-2,NaN,NaN,NaN,NaN
size_ladder,screen-web,amazon.com.png,55,256,0.014080,le256,85,9446,3,256|128|256,1|2|1,yes,1.576958895,1.576958895,0.000e0,0.000e0,0.821112394,0.821112514,1.192e-7,1.452e-7,1.576958895,1.576958895,0.000e0,1.650768995,4.681e-2,NaN,NaN,NaN,NaN
size_ladder,screen-web,amazon.com.png,55,256,0.014080,le256,70,6557,3,256|128|256,1|2|1,yes,2.167129517,2.167129517,0.000e0,0.000e0,1.242837429,1.242837429,0.000e0,0.000e0,2.167129517,2.167129517,0.000e0,2.197923183,1.421e-2,NaN,NaN,NaN,NaN
size_ladder,screen-web,amazon.com.png,55,256,0.014080,le256,50,4994,3,256|128|256,1|2|1,yes,2.977254391,2.977254391,0.000e0,0.000e0,1.642331123,1.642331123,0.000e0,0.000e0,2.977254391,2.977254391,0.000e0,2.982359886,1.715e-3,NaN,NaN,NaN,NaN
size_ladder,screen-web,amazon.com.png,55,256,0.014080,le256,30,3814,3,256|128|256,1|2|1,yes,3.753887415,3.753887415,0.000e0,0.000e0,2.157974958,2.157974958,0.000e0,0.000e0,3.753887415,3.753887415,0.000e0,3.748832703,1.347e-3,NaN,NaN,NaN,NaN
size_ladder,screen-web,amazon.com.png,55,256,0.014080,le256,15,2688,3,256|128|256,1|2|1,yes,5.126593590,5.126593590,0.000e0,0.000e0,2.934410810,2.934410572,2.384e-7,8.125e-8,5.126593590,5.126593590,0.000e0,5.104332447,4.342e-3,NaN,NaN,NaN,NaN
size_ladder,screen-web,amazon.com.png,110,512,0.056320,le512,95,50670,3,512|128|256,1|4|2,yes,1.074756503,1.074756503,0.000e0,0.000e0,0.415060014,0.415059924,8.941e-8,2.154e-7,1.074756503,1.074756503,0.000e0,1.174956083,9.323e-2,NaN,NaN,NaN,NaN
size_ladder,screen-web,amazon.com.png,110,512,0.056320,le512,85,29123,3,512|128|256,1|4|2,yes,2.071631908,2.071631908,0.000e0,0.000e0,0.884395480,0.884395361,1.192e-7,1.348e-7,2.071631908,2.071631908,0.000e0,2.230268478,7.658e-2,NaN,NaN,NaN,NaN
size_ladder,screen-web,amazon.com.png,110,512,0.056320,le512,70,20047,3,512|128|256,1|4|2,yes,3.590974808,3.590974808,0.000e0,0.000e0,1.339412928,1.339412928,0.000e0,0.000e0,3.590974808,3.590974808,0.000e0,3.775573254,5.141e-2,NaN,NaN,NaN,NaN
size_ladder,screen-web,amazon.com.png,110,512,0.056320,le512,50,15130,3,512|128|256,1|4|2,yes,3.847382784,3.847382784,0.000e0,0.000e0,1.712606430,1.712606549,1.192e-7,6.961e-8,3.847382784,3.847382784,0.000e0,4.061901093,5.576e-2,NaN,NaN,NaN,NaN
size_ladder,screen-web,amazon.com.png,110,512,0.056320,le512,30,11422,3,512|128|256,1|4|2,yes,5.050264359,5.050264359,0.000e0,0.000e0,2.203076839,2.203076601,2.384e-7,1.082e-7,5.050264359,5.050264359,0.000e0,5.058634281,1.657e-3,NaN,NaN,NaN,NaN
size_ladder,screen-web,amazon.com.png,110,512,0.056320,le512,15,7713,3,512|128|256,1|4|2,yes,6.944925785,6.944925785,0.000e0,0.000e0,3.081236839,3.081236601,2.384e-7,7.738e-8,6.944925785,6.944925785,0.000e0,7.170428753,3.247e-2,NaN,NaN,NaN,NaN
size_ladder,screen-web,amazon.com.png,221,1024,0.226304,le1024,95,152811,3,1024|128|256,1|8|4,yes,1.562919736,1.562919736,0.000e0,0.000e0,0.454478741,0.454478621,1.192e-7,2.623e-7,1.562919736,1.562919736,0.000e0,1.751005530,1.203e-1,NaN,NaN,NaN,NaN
size_ladder,screen-web,amazon.com.png,221,1024,0.226304,le1024,85,88219,3,1024|128|256,1|8|4,yes,2.572226524,2.572226524,0.000e0,0.000e0,0.932114124,0.932114184,5.960e-8,6.395e-8,2.572226524,2.572226524,0.000e0,2.801623344,8.918e-2,NaN,NaN,NaN,NaN
size_ladder,screen-web,amazon.com.png,221,1024,0.226304,le1024,70,61038,3,1024|128|256,1|8|4,yes,3.231840611,3.231840611,0.000e0,0.000e0,1.324387550,1.324387550,0.000e0,0.000e0,3.231840611,3.231840611,0.000e0,3.488241911,7.934e-2,NaN,NaN,NaN,NaN
size_ladder,screen-web,amazon.com.png,221,1024,0.226304,le1024,50,46096,3,1024|128|256,1|8|4,yes,4.681870461,4.681870461,0.000e0,0.000e0,1.785450101,1.785449982,1.192e-7,6.677e-8,4.681870461,4.681870461,0.000e0,4.958541393,5.909e-2,NaN,NaN,NaN,NaN
size_ladder,screen-web,amazon.com.png,221,1024,0.226304,le1024,30,34630,3,1024|128|256,1|8|4,yes,4.984995842,4.984995842,0.000e0,0.000e0,2.191944838,2.191944599,2.384e-7,1.088e-7,4.984995842,4.984995842,0.000e0,5.182629108,3.965e-2,NaN,NaN,NaN,NaN
size_ladder,screen-web,amazon.com.png,221,1024,0.226304,le1024,15,23663,3,1024|128|256,1|8|4,yes,8.609209061,8.609209061,0.000e0,0.000e0,3.109686136,3.109685659,4.768e-7,1.533e-7,8.609209061,8.609209061,0.000e0,8.216866493,4.557e-2,NaN,NaN,NaN,NaN
size_ladder,screen-web,amazon.com.png,441,2048,0.903168,le2048,95,440235,3,2048|128|256,1|16|8,yes,1.432569504,1.432569504,0.000e0,0.000e0,0.454597533,0.454597503,2.980e-8,6.556e-8,1.432569504,1.432569504,0.000e0,1.588199377,1.086e-1,NaN,NaN,NaN,NaN
size_ladder,screen-web,amazon.com.png,441,2048,0.903168,le2048,85,261325,3,2048|128|256,1|16|8,yes,2.987280607,2.987280607,0.000e0,0.000e0,0.934483528,0.934483230,2.980e-7,3.189e-7,2.987280607,2.987280607,0.000e0,3.339588881,1.179e-1,NaN,NaN,NaN,NaN
size_ladder,screen-web,amazon.com.png,441,2048,0.903168,le2048,70,184250,3,2048|128|256,1|16|8,yes,4.480240345,4.480240345,0.000e0,0.000e0,1.389297128,1.389297485,3.576e-7,2.574e-7,4.480240345,4.480240345,0.000e0,4.817938805,7.538e-2,NaN,NaN,NaN,NaN
size_ladder,screen-web,amazon.com.png,441,2048,0.903168,le2048,50,140224,3,2048|128|256,1|16|8,yes,5.346786022,5.346786022,0.000e0,0.000e0,1.913244843,1.913245082,2.384e-7,1.246e-7,5.346786022,5.346786022,0.000e0,5.770903587,7.932e-2,NaN,NaN,NaN,NaN
size_ladder,screen-web,amazon.com.png,441,2048,0.903168,le2048,30,106879,3,2048|128|256,1|16|8,yes,6.227806568,6.227806568,0.000e0,0.000e0,2.255180359,2.255180120,2.384e-7,1.057e-7,6.227806568,6.227806568,0.000e0,6.433488846,3.303e-2,NaN,NaN,NaN,NaN
size_ladder,screen-web,amazon.com.png,441,2048,0.903168,le2048,15,73627,3,2048|128|256,1|16|8,yes,9.606287956,9.606287956,0.000e0,0.000e0,3.206732750,3.206732273,4.768e-7,1.487e-7,9.606287956,9.606287956,0.000e0,8.909919739,7.249e-2,NaN,NaN,NaN,NaN
size_ladder,screen-web,amazon.com.png,662,3072,2.033664,le3072,95,809998,3,3072|128|256,1|24|12,yes,1.731642962,1.731642962,0.000e0,0.000e0,0.446462870,0.446462899,2.980e-8,6.675e-8,1.731642962,1.731642962,0.000e0,1.902704000,9.879e-2,NaN,NaN,NaN,NaN
size_ladder,screen-web,amazon.com.png,662,3072,2.033664,le3072,85,488422,3,3072|128|256,1|24|12,yes,3.291382790,3.291382790,0.000e0,0.000e0,0.922487736,0.922487855,1.192e-7,1.292e-7,3.291382790,3.291382790,0.000e0,3.547773123,7.790e-2,NaN,NaN,NaN,NaN
size_ladder,screen-web,amazon.com.png,662,3072,2.033664,le3072,70,348134,3,3072|128|256,1|24|12,yes,4.607630730,4.607630730,0.000e0,0.000e0,1.396298051,1.396297932,1.192e-7,8.538e-8,4.607630730,4.607630730,0.000e0,5.048994064,9.579e-2,NaN,NaN,NaN,NaN
size_ladder,screen-web,amazon.com.png,662,3072,2.033664,le3072,50,269112,3,3072|128|256,1|24|12,yes,6.728478909,6.728478909,0.000e0,0.000e0,2.007526398,2.007526636,2.384e-7,1.188e-7,6.728478909,6.728478909,0.000e0,7.292216301,8.378e-2,NaN,NaN,NaN,NaN
size_ladder,screen-web,amazon.com.png,662,3072,2.033664,le3072,30,207167,3,3072|128|256,1|24|12,yes,7.151652336,7.151652336,0.000e0,0.000e0,2.307207108,2.307207108,0.000e0,0.000e0,7.151652336,7.151652336,0.000e0,7.619891167,6.547e-2,NaN,NaN,NaN,NaN
size_ladder,screen-web,amazon.com.png,662,3072,2.033664,le3072,15,144968,3,3072|128|256,1|24|12,yes,9.883442879,9.883442879,0.000e0,0.000e0,3.286245584,3.286245823,2.384e-7,7.255e-8,9.883442879,9.883442879,0.000e0,8.912945747,9.819e-2,NaN,NaN,NaN,NaN
size_ladder,screen-web,apple.com.png,1313,4755,6.243315,native,95,1088060,3,4754|128|256,2|38|19,yes,1.624781013,1.624781013,0.000e0,0.000e0,0.892016113,0.892015994,1.192e-7,1.336e-7,1.624781013,1.624781013,0.000e0,1.827545643,1.248e-1,NaN,NaN,NaN,NaN
size_ladder,screen-web,apple.com.png,1313,4755,6.243315,native,85,695908,3,4754|128|256,2|38|19,yes,3.536419630,3.536419630,0.000e0,0.000e0,1.008863688,1.008863807,1.192e-7,1.182e-7,3.536419630,3.536419630,0.000e0,3.955179930,1.184e-1,NaN,NaN,NaN,NaN
size_ladder,screen-web,apple.com.png,1313,4755,6.243315,native,70,527521,3,4754|128|256,2|38|19,yes,4.643049240,4.643049240,0.000e0,0.000e0,1.404641747,1.404641867,1.192e-7,8.487e-8,4.643049240,4.643049240,0.000e0,5.069967270,9.195e-2,NaN,NaN,NaN,NaN
size_ladder,screen-web,apple.com.png,1313,4755,6.243315,native,50,432834,3,4754|128|256,2|38|19,yes,6.084812641,6.084812641,0.000e0,0.000e0,2.078727245,2.078726768,4.768e-7,2.294e-7,6.084812641,6.084812641,0.000e0,6.533574581,7.375e-2,NaN,NaN,NaN,NaN
size_ladder,screen-web,apple.com.png,1313,4755,6.243315,native,30,358739,3,4754|128|256,2|38|19,yes,7.795184135,7.795184135,0.000e0,0.000e0,2.737527609,2.737527370,2.384e-7,8.709e-8,7.795184135,7.795184135,0.000e0,8.141926765,4.448e-2,NaN,NaN,NaN,NaN
size_ladder,screen-web,apple.com.png,1313,4755,6.243315,native,15,285414,3,4754|128|256,2|38|19,yes,9.334715843,9.334715843,0.000e0,0.000e0,4.293575764,4.293575764,0.000e0,0.000e0,9.334715843,9.334715843,0.000e0,8.965504646,3.955e-2,NaN,NaN,NaN,NaN
size_ladder,screen-web,apple.com.png,35,128,0.004480,le128,95,4678,2,128|128,1|1,yes,0.839423895,0.839423895,0.000e0,0.000e0,0.425513268,0.425513387,1.192e-7,2.802e-7,0.839423895,0.839423895,0.000e0,0.900327206,7.255e-2,NaN,NaN,NaN,NaN
size_ladder,screen-web,apple.com.png,35,128,0.004480,le128,85,2886,2,128|128,1|1,yes,1.691948056,1.691948056,0.000e0,0.000e0,0.892868698,0.892868757,5.960e-8,6.676e-8,1.691948056,1.691948056,0.000e0,1.803200126,6.575e-2,NaN,NaN,NaN,NaN
size_ladder,screen-web,apple.com.png,35,128,0.004480,le128,70,2193,2,128|128,1|1,yes,2.606297970,2.606297970,0.000e0,0.000e0,1.305455804,1.305455923,1.192e-7,9.132e-8,2.606297970,2.606297970,0.000e0,2.859912872,9.731e-2,NaN,NaN,NaN,NaN
size_ladder,screen-web,apple.com.png,35,128,0.004480,le128,50,1803,2,128|128,1|1,yes,2.992311716,2.992311716,0.000e0,0.000e0,1.678841829,1.678841472,3.576e-7,2.130e-7,2.992311716,2.992311716,0.000e0,3.156518459,5.488e-2,NaN,NaN,NaN,NaN
size_ladder,screen-web,apple.com.png,35,128,0.004480,le128,30,1504,2,128|128,1|1,yes,4.020378113,4.020378113,0.000e0,0.000e0,2.120363712,2.120363712,0.000e0,0.000e0,4.020378113,4.020378113,0.000e0,4.186268330,4.126e-2,NaN,NaN,NaN,NaN
size_ladder,screen-web,apple.com.png,35,128,0.004480,le128,15,1197,2,128|128,1|1,yes,5.660351276,5.660351276,0.000e0,0.000e0,2.986802101,2.986802340,2.384e-7,7.982e-8,5.660351276,5.660351276,0.000e0,5.839643955,3.168e-2,NaN,NaN,NaN,NaN
size_ladder,screen-web,apple.com.png,71,256,0.018176,le256,95,11879,3,256|128|256,1|2|1,yes,1.144314647,1.144314647,0.000e0,0.000e0,0.495872766,0.495872736,2.980e-8,6.010e-8,1.144314647,1.144314647,0.000e0,1.226649761,7.195e-2,NaN,NaN,NaN,NaN
size_ladder,screen-web,apple.com.png,71,256,0.018176,le256,85,7077,3,256|128|256,1|2|1,yes,2.191500425,2.191500425,0.000e0,0.000e0,0.972163558,0.972163618,5.960e-8,6.131e-8,2.191500425,2.191500425,0.000e0,2.399831533,9.506e-2,NaN,NaN,NaN,NaN
size_ladder,screen-web,apple.com.png,71,256,0.018176,le256,70,5041,3,256|128|256,1|2|1,yes,2.983860970,2.983860970,0.000e0,0.000e0,1.357018471,1.357018352,1.192e-7,8.785e-8,2.983860970,2.983860970,0.000e0,3.071300507,2.930e-2,NaN,NaN,NaN,NaN
size_ladder,screen-web,apple.com.png,71,256,0.018176,le256,50,3976,3,256|128|256,1|2|1,yes,3.933249950,3.933249950,0.000e0,0.000e0,1.750925303,1.750925183,1.192e-7,6.808e-8,3.933249950,3.933249950,0.000e0,3.812622547,3.067e-2,NaN,NaN,NaN,NaN
size_ladder,screen-web,apple.com.png,71,256,0.018176,le256,30,3148,3,256|128|256,1|2|1,yes,5.053154945,5.053154945,0.000e0,0.000e0,2.232603312,2.232603312,0.000e0,0.000e0,5.053154945,5.053154945,0.000e0,5.267669201,4.245e-2,NaN,NaN,NaN,NaN
size_ladder,screen-web,apple.com.png,71,256,0.018176,le256,15,2325,3,256|128|256,1|2|1,yes,7.333912849,7.333912849,0.000e0,0.000e0,3.363444328,3.363444805,4.768e-7,1.418e-7,7.333912849,7.333912849,0.000e0,7.703144550,5.035e-2,NaN,NaN,NaN,NaN
size_ladder,screen-web,apple.com.png,141,512,0.072192,le512,95,33346,3,512|128|256,1|4|2,yes,1.399750352,1.399750352,0.000e0,0.000e0,0.515003204,0.515003264,5.960e-8,1.157e-7,1.399750352,1.399750352,0.000e0,1.499972343,7.160e-2,NaN,NaN,NaN,NaN
size_ladder,screen-web,apple.com.png,141,512,0.072192,le512,85,19936,3,512|128|256,1|4|2,yes,2.645940065,2.645940065,0.000e0,0.000e0,0.990858674,0.990858734,5.960e-8,6.015e-8,2.645940065,2.645940065,0.000e0,2.817087412,6.468e-2,NaN,NaN,NaN,NaN
size_ladder,screen-web,apple.com.png,141,512,0.072192,le512,70,14324,3,512|128|256,1|4|2,yes,3.781164646,3.781164646,0.000e0,0.000e0,1.458756447,1.458756566,1.192e-7,8.172e-8,3.781164646,3.781164646,0.000e0,4.090546608,8.182e-2,NaN,NaN,NaN,NaN
size_ladder,screen-web,apple.com.png,141,512,0.072192,le512,50,11190,3,512|128|256,1|4|2,yes,5.391415596,5.391415596,0.000e0,0.000e0,1.884859800,1.884859920,1.192e-7,6.325e-8,5.391415596,5.391415596,0.000e0,5.905389309,9.533e-2,NaN,NaN,NaN,NaN
size_ladder,screen-web,apple.com.png,141,512,0.072192,le512,30,8682,3,512|128|256,1|4|2,yes,6.037555218,6.037555218,0.000e0,0.000e0,2.306932926,2.306932926,0.000e0,0.000e0,6.037555218,6.037555218,0.000e0,6.104472637,1.108e-2,NaN,NaN,NaN,NaN
size_ladder,screen-web,apple.com.png,141,512,0.072192,le512,15,6249,3,512|128|256,1|4|2,yes,8.661470413,8.661470413,0.000e0,0.000e0,3.386999846,3.386999130,7.153e-7,2.112e-7,8.661470413,8.661470413,0.000e0,8.405778885,2.952e-2,NaN,NaN,NaN,NaN
size_ladder,screen-web,apple.com.png,283,1024,0.289792,le1024,95,96067,3,1024|128|256,1|8|4,yes,1.486147404,1.486147404,0.000e0,0.000e0,0.633287549,0.633287549,0.000e0,0.000e0,1.486147404,1.486147404,0.000e0,1.498217463,8.122e-3,NaN,NaN,NaN,NaN
size_ladder,screen-web,apple.com.png,283,1024,0.289792,le1024,85,57668,3,1024|128|256,1|8|4,yes,3.166993856,3.166993856,0.000e0,0.000e0,0.993004501,0.993004620,1.192e-7,1.200e-7,3.166993856,3.166993856,0.000e0,3.366087198,6.287e-2,NaN,NaN,NaN,NaN
size_ladder,screen-web,apple.com.png,283,1024,0.289792,le1024,70,41631,3,1024|128|256,1|8|4,yes,4.225786209,4.225786209,0.000e0,0.000e0,1.426839113,1.426839352,2.384e-7,1.671e-7,4.225786209,4.225786209,0.000e0,4.375297546,3.538e-2,NaN,NaN,NaN,NaN
size_ladder,screen-web,apple.com.png,283,1024,0.289792,le1024,50,32773,3,1024|128|256,1|8|4,yes,5.167062283,5.167062283,0.000e0,0.000e0,1.903066278,1.903066039,2.384e-7,1.253e-7,5.167062283,5.167062283,0.000e0,5.482020378,6.095e-2,NaN,NaN,NaN,NaN
size_ladder,screen-web,apple.com.png,283,1024,0.289792,le1024,30,25906,3,1024|128|256,1|8|4,yes,5.795100689,5.795100689,0.000e0,0.000e0,2.344254255,2.344253778,4.768e-7,2.034e-7,5.795100689,5.795100689,0.000e0,5.870546341,1.302e-2,NaN,NaN,NaN,NaN
size_ladder,screen-web,apple.com.png,283,1024,0.289792,le1024,15,19071,3,1024|128|256,1|8|4,yes,9.309498787,9.309498787,0.000e0,0.000e0,3.736266136,3.736265898,2.384e-7,6.381e-8,9.309498787,9.309498787,0.000e0,9.115322113,2.086e-2,NaN,NaN,NaN,NaN
size_ladder,screen-web,apple.com.png,566,2048,1.159168,le2048,95,284399,3,2048|128|256,1|16|8,yes,1.425378323,1.425378323,0.000e0,0.000e0,0.784919798,0.784919798,0.000e0,0.000e0,1.425378323,1.425378323,0.000e0,1.508916616,5.861e-2,NaN,NaN,NaN,NaN
size_ladder,screen-web,apple.com.png,566,2048,1.159168,le2048,85,175707,3,2048|128|256,1|16|8,yes,2.993184328,2.993184328,0.000e0,0.000e0,0.982717156,0.982717156,0.000e0,0.000e0,2.993184328,2.993184328,0.000e0,3.332840443,1.135e-1,NaN,NaN,NaN,NaN
size_ladder,screen-web,apple.com.png,566,2048,1.159168,le2048,70,128394,3,2048|128|256,1|16|8,yes,4.159730434,4.159730434,0.000e0,0.000e0,1.390586495,1.390586376,1.192e-7,8.573e-8,4.159730434,4.159730434,0.000e0,4.304816723,3.488e-2,NaN,NaN,NaN,NaN
size_ladder,screen-web,apple.com.png,566,2048,1.159168,le2048,50,101478,3,2048|128|256,1|16|8,yes,5.367444038,5.367444038,0.000e0,0.000e0,1.983385682,1.983385801,1.192e-7,6.010e-8,5.367444038,5.367444038,0.000e0,5.743321419,7.003e-2,NaN,NaN,NaN,NaN
size_ladder,screen-web,apple.com.png,566,2048,1.159168,le2048,30,80617,3,2048|128|256,1|16|8,yes,6.631467819,6.631467819,0.000e0,0.000e0,2.524928570,2.524928570,0.000e0,0.000e0,6.631467819,6.631467819,0.000e0,7.034357548,6.075e-2,NaN,NaN,NaN,NaN
size_ladder,screen-web,apple.com.png,566,2048,1.159168,le2048,15,60809,3,2048|128|256,1|16|8,yes,8.863584518,8.863584518,0.000e0,0.000e0,4.034528732,4.034528732,0.000e0,0.000e0,8.863584518,8.863584518,0.000e0,8.255195618,6.864e-2,NaN,NaN,NaN,NaN
size_ladder,screen-web,apple.com.png,848,3072,2.605056,le3072,95,543977,3,3072|128|256,1|24|12,yes,1.494145036,1.494145036,0.000e0,0.000e0,0.849247217,0.849247396,1.788e-7,2.106e-7,1.494145036,1.494145036,0.000e0,1.585329533,6.103e-2,NaN,NaN,NaN,NaN
size_ladder,screen-web,apple.com.png,848,3072,2.605056,le3072,85,339519,3,3072|128|256,1|24|12,yes,2.991650105,2.991650105,0.000e0,0.000e0,0.994267941,0.994268119,1.788e-7,1.798e-7,2.991650105,2.991650105,0.000e0,3.260397196,8.983e-2,NaN,NaN,NaN,NaN
size_ladder,screen-web,apple.com.png,848,3072,2.605056,le3072,70,252327,3,3072|128|256,1|24|12,yes,4.469365597,4.469365597,0.000e0,0.000e0,1.395894766,1.395894766,0.000e0,0.000e0,4.469365597,4.469365597,0.000e0,4.913000584,9.926e-2,NaN,NaN,NaN,NaN
size_ladder,screen-web,apple.com.png,848,3072,2.605056,le3072,50,203124,3,3072|128|256,1|24|12,yes,5.326336384,5.326336384,0.000e0,0.000e0,2.024075270,2.024075270,0.000e0,0.000e0,5.326336384,5.326336384,0.000e0,5.382323265,1.051e-2,NaN,NaN,NaN,NaN
size_ladder,screen-web,apple.com.png,848,3072,2.605056,le3072,30,164087,3,3072|128|256,1|24|12,yes,7.247534275,7.247534275,0.000e0,0.000e0,2.637825727,2.637825727,0.000e0,0.000e0,7.247534275,7.247534275,0.000e0,7.692417145,6.138e-2,NaN,NaN,NaN,NaN
size_ladder,screen-web,apple.com.png,848,3072,2.605056,le3072,15,126211,3,3072|128|256,1|24|12,yes,9.061193466,9.061193466,0.000e0,0.000e0,4.179501534,4.179502010,4.768e-7,1.141e-7,9.061193466,9.061193466,0.000e0,8.809309006,2.780e-2,NaN,NaN,NaN,NaN
size_ladder,lineart-plot,plot-7000_plots_line-00056-s6bcec02a_1024x1024.sdr.png,1024,1024,1.048576,native,95,973069,3,1024|128|256,1|8|4,yes,1.359972358,1.359972358,0.000e0,0.000e0,0.460365355,0.460365355,0.000e0,0.000e0,1.359972358,1.359972358,0.000e0,1.544490457,1.357e-1,NaN,NaN,NaN,NaN
size_ladder,lineart-plot,plot-7000_plots_line-00056-s6bcec02a_1024x1024.sdr.png,1024,1024,1.048576,native,85,622208,3,1024|128|256,1|8|4,yes,2.904515505,2.904515505,0.000e0,0.000e0,1.081838846,1.081838965,1.192e-7,1.102e-7,2.904515505,2.904515505,0.000e0,3.186430931,9.706e-2,NaN,NaN,NaN,NaN
size_ladder,lineart-plot,plot-7000_plots_line-00056-s6bcec02a_1024x1024.sdr.png,1024,1024,1.048576,native,70,456799,3,1024|128|256,1|8|4,yes,4.586963654,4.586963654,0.000e0,0.000e0,1.888852835,1.888852477,3.576e-7,1.893e-7,4.586963654,4.586963654,0.000e0,4.643125057,1.224e-2,NaN,NaN,NaN,NaN
size_ladder,lineart-plot,plot-7000_plots_line-00056-s6bcec02a_1024x1024.sdr.png,1024,1024,1.048576,native,50,352972,3,1024|128|256,1|8|4,yes,6.882946968,6.882946968,0.000e0,0.000e0,2.922415018,2.922415257,2.384e-7,8.158e-8,6.882946968,6.882946968,0.000e0,6.661024570,3.224e-2,NaN,NaN,NaN,NaN
size_ladder,lineart-plot,plot-7000_plots_line-00056-s6bcec02a_1024x1024.sdr.png,1024,1024,1.048576,native,30,270113,3,1024|128|256,1|8|4,yes,9.661202431,9.661202431,0.000e0,0.000e0,4.289584637,4.289584637,0.000e0,0.000e0,9.661202431,9.661202431,0.000e0,9.277931213,3.967e-2,NaN,NaN,NaN,NaN
size_ladder,lineart-plot,plot-7000_plots_line-00056-s6bcec02a_1024x1024.sdr.png,1024,1024,1.048576,native,15,187818,3,1024|128|256,1|8|4,yes,12.910782814,12.910782814,0.000e0,0.000e0,6.131778240,6.131778240,0.000e0,0.000e0,12.910782814,12.910782814,0.000e0,12.608253479,2.343e-2,NaN,NaN,NaN,NaN
size_ladder,lineart-plot,plot-7000_plots_line-00056-s6bcec02a_1024x1024.sdr.png,128,128,0.016384,le128,95,16830,2,128|128,1|1,yes,0.607943535,0.607943535,0.000e0,0.000e0,0.318675071,0.318675071,0.000e0,0.000e0,0.607943535,0.607943535,0.000e0,0.643025517,5.771e-2,NaN,NaN,NaN,NaN
size_ladder,lineart-plot,plot-7000_plots_line-00056-s6bcec02a_1024x1024.sdr.png,128,128,0.016384,le128,85,9282,2,128|128,1|1,yes,1.573924303,1.573924303,0.000e0,0.000e0,0.845826089,0.845826030,5.960e-8,7.047e-8,1.573924303,1.573924303,0.000e0,1.621743917,3.038e-2,NaN,NaN,NaN,NaN
size_ladder,lineart-plot,plot-7000_plots_line-00056-s6bcec02a_1024x1024.sdr.png,128,128,0.016384,le128,70,6447,2,128|128,1|1,yes,2.871794462,2.871794462,0.000e0,0.000e0,1.476314425,1.476314068,3.576e-7,2.422e-7,2.871794462,2.871794462,0.000e0,3.012754679,4.908e-2,NaN,NaN,NaN,NaN
size_ladder,lineart-plot,plot-7000_plots_line-00056-s6bcec02a_1024x1024.sdr.png,128,128,0.016384,le128,50,4567,2,128|128,1|1,yes,3.502094269,3.502094269,0.000e0,0.000e0,2.062176943,2.062177181,2.384e-7,1.156e-7,3.502094269,3.502094269,0.000e0,3.707356453,5.861e-2,NaN,NaN,NaN,NaN
size_ladder,lineart-plot,plot-7000_plots_line-00056-s6bcec02a_1024x1024.sdr.png,128,128,0.016384,le128,30,3047,2,128|128,1|1,yes,4.334685326,4.334685326,0.000e0,0.000e0,2.610358953,2.610359192,2.384e-7,9.134e-8,4.334685326,4.334685326,0.000e0,4.241583824,2.148e-2,NaN,NaN,NaN,NaN
size_ladder,lineart-plot,plot-7000_plots_line-00056-s6bcec02a_1024x1024.sdr.png,128,128,0.016384,le128,15,1841,2,128|128,1|1,yes,5.246400356,5.246400356,0.000e0,0.000e0,3.411728144,3.411728382,2.384e-7,6.988e-8,5.246400356,5.246400356,0.000e0,4.649894238,1.137e-1,NaN,NaN,NaN,NaN
size_ladder,lineart-plot,plot-7000_plots_line-00056-s6bcec02a_1024x1024.sdr.png,256,256,0.065536,le256,95,74346,3,256|128|256,1|2|1,yes,0.603954554,0.603954554,0.000e0,0.000e0,0.288464576,0.288464636,5.960e-8,2.066e-7,0.603954554,0.603954554,0.000e0,0.624748886,3.443e-2,NaN,NaN,NaN,NaN
size_ladder,lineart-plot,plot-7000_plots_line-00056-s6bcec02a_1024x1024.sdr.png,256,256,0.065536,le256,85,42522,3,256|128|256,1|2|1,yes,1.472737074,1.472737074,0.000e0,0.000e0,0.788998842,0.788998783,5.960e-8,7.554e-8,1.472737074,1.472737074,0.000e0,1.508680582,2.441e-2,NaN,NaN,NaN,NaN
size_ladder,lineart-plot,plot-7000_plots_line-00056-s6bcec02a_1024x1024.sdr.png,256,256,0.065536,le256,70,29531,3,256|128|256,1|2|1,yes,2.553426266,2.553426266,0.000e0,0.000e0,1.404872060,1.404872060,0.000e0,0.000e0,2.553426266,2.553426266,0.000e0,2.436589003,4.576e-2,NaN,NaN,NaN,NaN
size_ladder,lineart-plot,plot-7000_plots_line-00056-s6bcec02a_1024x1024.sdr.png,256,256,0.065536,le256,50,21907,3,256|128|256,1|2|1,yes,3.591000080,3.591000080,0.000e0,0.000e0,2.100190639,2.100190401,2.384e-7,1.135e-7,3.591000080,3.591000080,0.000e0,3.338474751,7.032e-2,NaN,NaN,NaN,NaN
size_ladder,lineart-plot,plot-7000_plots_line-00056-s6bcec02a_1024x1024.sdr.png,256,256,0.065536,le256,30,15297,3,256|128|256,1|2|1,yes,4.910968781,4.910968781,0.000e0,0.000e0,2.906970978,2.906971455,4.768e-7,1.640e-7,4.910968781,4.910968781,0.000e0,4.690184593,4.496e-2,NaN,NaN,NaN,NaN
size_ladder,lineart-plot,plot-7000_plots_line-00056-s6bcec02a_1024x1024.sdr.png,256,256,0.065536,le256,15,9533,3,256|128|256,1|2|1,yes,6.300560474,6.300560474,0.000e0,0.000e0,3.674918175,3.674918413,2.384e-7,6.488e-8,6.300560474,6.300560474,0.000e0,5.662337780,1.013e-1,NaN,NaN,NaN,NaN
size_ladder,lineart-plot,plot-7000_plots_line-00056-s6bcec02a_1024x1024.sdr.png,512,512,0.262144,le512,95,291477,3,512|128|256,1|4|2,yes,0.834884167,0.834884167,0.000e0,0.000e0,0.356307179,0.356307149,2.980e-8,8.364e-8,0.834884167,0.834884167,0.000e0,0.891758382,6.812e-2,NaN,NaN,NaN,NaN
size_ladder,lineart-plot,plot-7000_plots_line-00056-s6bcec02a_1024x1024.sdr.png,512,512,0.262144,le512,85,176262,3,512|128|256,1|4|2,yes,2.160002947,2.160002947,0.000e0,0.000e0,0.904948294,0.904948294,0.000e0,0.000e0,2.160002947,2.160002947,0.000e0,2.255944490,4.442e-2,NaN,NaN,NaN,NaN
size_ladder,lineart-plot,plot-7000_plots_line-00056-s6bcec02a_1024x1024.sdr.png,512,512,0.262144,le512,70,124790,3,512|128|256,1|4|2,yes,2.973345280,2.973345280,0.000e0,0.000e0,1.557236195,1.557236314,1.192e-7,7.655e-8,2.973345280,2.973345280,0.000e0,2.991744518,6.188e-3,NaN,NaN,NaN,NaN
size_ladder,lineart-plot,plot-7000_plots_line-00056-s6bcec02a_1024x1024.sdr.png,512,512,0.262144,le512,50,93909,3,512|128|256,1|4|2,yes,5.775299072,5.775299072,0.000e0,0.000e0,2.372295380,2.372295141,2.384e-7,1.005e-7,5.775299072,5.775299072,0.000e0,5.343928337,7.469e-2,NaN,NaN,NaN,NaN
size_ladder,lineart-plot,plot-7000_plots_line-00056-s6bcec02a_1024x1024.sdr.png,512,512,0.262144,le512,30,69600,3,512|128|256,1|4|2,yes,6.129604816,6.129604816,0.000e0,0.000e0,3.435317755,3.435317755,0.000e0,0.000e0,6.129604816,6.129604816,0.000e0,5.804448605,5.305e-2,NaN,NaN,NaN,NaN
size_ladder,lineart-plot,plot-7000_plots_line-00056-s6bcec02a_1024x1024.sdr.png,512,512,0.262144,le512,15,44730,3,512|128|256,1|4|2,yes,9.501624107,9.501624107,0.000e0,0.000e0,4.743557930,4.743558407,4.768e-7,1.005e-7,9.501624107,9.501624107,0.000e0,8.716349602,8.265e-2,NaN,NaN,NaN,NaN
size_ladder,lineart-plot,plot-7002_plots_line-00118-s306ca2bd_1024x1024.sdr.png,1024,1024,1.048576,native,95,1093039,3,1024|128|256,1|8|4,yes,1.442908049,1.442908049,0.000e0,0.000e0,0.526037276,0.526037157,1.192e-7,2.266e-7,1.442908049,1.442908049,0.000e0,1.569883585,8.800e-2,NaN,NaN,NaN,NaN
size_ladder,lineart-plot,plot-7002_plots_line-00118-s306ca2bd_1024x1024.sdr.png,1024,1024,1.048576,native,85,668143,3,1024|128|256,1|8|4,yes,3.090755939,3.090755939,0.000e0,0.000e0,1.174170852,1.174170852,0.000e0,0.000e0,3.090755939,3.090755939,0.000e0,3.324668646,7.568e-2,NaN,NaN,NaN,NaN
size_ladder,lineart-plot,plot-7002_plots_line-00118-s306ca2bd_1024x1024.sdr.png,1024,1024,1.048576,native,70,479156,3,1024|128|256,1|8|4,yes,4.805066109,4.805066109,0.000e0,0.000e0,1.819059968,1.819059730,2.384e-7,1.311e-7,4.805066109,4.805066109,0.000e0,5.236077309,8.970e-2,NaN,NaN,NaN,NaN
size_ladder,lineart-plot,plot-7002_plots_line-00118-s306ca2bd_1024x1024.sdr.png,1024,1024,1.048576,native,50,368942,3,1024|128|256,1|8|4,yes,5.932752132,5.932752132,0.000e0,0.000e0,2.543752193,2.543752193,0.000e0,0.000e0,5.932752132,5.932752132,0.000e0,6.376276016,7.476e-2,NaN,NaN,NaN,NaN
size_ladder,lineart-plot,plot-7002_plots_line-00118-s306ca2bd_1024x1024.sdr.png,1024,1024,1.048576,native,30,277471,3,1024|128|256,1|8|4,yes,9.189444542,9.189444542,0.000e0,0.000e0,3.843131065,3.843130589,4.768e-7,1.241e-7,9.189444542,9.189444542,0.000e0,9.689908028,5.446e-2,NaN,NaN,NaN,NaN
size_ladder,lineart-plot,plot-7002_plots_line-00118-s306ca2bd_1024x1024.sdr.png,1024,1024,1.048576,native,15,189892,3,1024|128|256,1|8|4,yes,11.887282372,11.887282372,0.000e0,0.000e0,5.422897339,5.422896862,4.768e-7,8.793e-8,11.887282372,11.887282372,0.000e0,12.416885376,4.455e-2,NaN,NaN,NaN,NaN
size_ladder,lineart-plot,plot-7002_plots_line-00118-s306ca2bd_1024x1024.sdr.png,128,128,0.016384,le128,95,16945,2,128|128,1|1,yes,0.679118812,0.679118812,0.000e0,0.000e0,0.335443586,0.335443556,2.980e-8,8.884e-8,0.679118812,0.679118812,0.000e0,0.671699822,1.092e-2,NaN,NaN,NaN,NaN
size_ladder,lineart-plot,plot-7002_plots_line-00118-s306ca2bd_1024x1024.sdr.png,128,128,0.016384,le128,85,9184,2,128|128,1|1,yes,1.527917147,1.527917147,0.000e0,0.000e0,0.878174841,0.878174901,5.960e-8,6.787e-8,1.527917147,1.527917147,0.000e0,1.608476162,5.272e-2,NaN,NaN,NaN,NaN
size_ladder,lineart-plot,plot-7002_plots_line-00118-s306ca2bd_1024x1024.sdr.png,128,128,0.016384,le128,70,6367,2,128|128,1|1,yes,2.828335762,2.828335762,0.000e0,0.000e0,1.559190750,1.559190869,1.192e-7,7.646e-8,2.828335762,2.828335762,0.000e0,2.932983875,3.700e-2,NaN,NaN,NaN,NaN
size_ladder,lineart-plot,plot-7002_plots_line-00118-s306ca2bd_1024x1024.sdr.png,128,128,0.016384,le128,50,4415,2,128|128,1|1,yes,3.843097448,3.843097448,0.000e0,0.000e0,2.156444788,2.156444311,4.768e-7,2.211e-7,3.843097448,3.843097448,0.000e0,3.831947565,2.901e-3,NaN,NaN,NaN,NaN
size_ladder,lineart-plot,plot-7002_plots_line-00118-s306ca2bd_1024x1024.sdr.png,128,128,0.016384,le128,30,2832,2,128|128,1|1,yes,4.293684006,4.293684006,0.000e0,0.000e0,2.773789883,2.773789644,2.384e-7,8.595e-8,4.293684006,4.293684006,0.000e0,4.170283794,2.874e-2,NaN,NaN,NaN,NaN
size_ladder,lineart-plot,plot-7002_plots_line-00118-s306ca2bd_1024x1024.sdr.png,128,128,0.016384,le128,15,1735,2,128|128,1|1,yes,5.314675331,5.314675331,0.000e0,0.000e0,3.511506319,3.511507034,7.153e-7,2.037e-7,5.314675331,5.314675331,0.000e0,4.965432644,6.571e-2,NaN,NaN,NaN,NaN
size_ladder,lineart-plot,plot-7002_plots_line-00118-s306ca2bd_1024x1024.sdr.png,256,256,0.065536,le256,95,76540,3,256|128|256,1|2|1,yes,0.601157844,0.601157844,0.000e0,0.000e0,0.280183911,0.280183941,2.980e-8,1.064e-7,0.601157844,0.601157844,0.000e0,0.641250372,6.669e-2,NaN,NaN,NaN,NaN
size_ladder,lineart-plot,plot-7002_plots_line-00118-s306ca2bd_1024x1024.sdr.png,256,256,0.065536,le256,85,43195,3,256|128|256,1|2|1,yes,1.477591753,1.477591753,0.000e0,0.000e0,0.740252435,0.740252316,1.192e-7,1.610e-7,1.477591753,1.477591753,0.000e0,1.520696402,2.917e-2,NaN,NaN,NaN,NaN
size_ladder,lineart-plot,plot-7002_plots_line-00118-s306ca2bd_1024x1024.sdr.png,256,256,0.065536,le256,70,29774,3,256|128|256,1|2|1,yes,2.669731379,2.669731379,0.000e0,0.000e0,1.301376939,1.301376581,3.576e-7,2.748e-7,2.669731379,2.669731379,0.000e0,2.839470387,6.358e-2,NaN,NaN,NaN,NaN
size_ladder,lineart-plot,plot-7002_plots_line-00118-s306ca2bd_1024x1024.sdr.png,256,256,0.065536,le256,50,21900,3,256|128|256,1|2|1,yes,3.340067863,3.340067863,0.000e0,0.000e0,1.934713602,1.934713125,4.768e-7,2.465e-7,3.340067863,3.340067863,0.000e0,3.386656761,1.395e-2,NaN,NaN,NaN,NaN
size_ladder,lineart-plot,plot-7002_plots_line-00118-s306ca2bd_1024x1024.sdr.png,256,256,0.065536,le256,30,15323,3,256|128|256,1|2|1,yes,4.861166477,4.861166477,0.000e0,0.000e0,2.753498793,2.753498793,0.000e0,0.000e0,4.861166477,4.861166477,0.000e0,4.328618050,1.096e-1,NaN,NaN,NaN,NaN
size_ladder,lineart-plot,plot-7002_plots_line-00118-s306ca2bd_1024x1024.sdr.png,256,256,0.065536,le256,15,9449,3,256|128|256,1|2|1,yes,6.263727665,6.263727665,0.000e0,0.000e0,3.513188362,3.513188124,2.384e-7,6.786e-8,6.263727665,6.263727665,0.000e0,5.813822746,7.183e-2,NaN,NaN,NaN,NaN
size_ladder,lineart-plot,plot-7002_plots_line-00118-s306ca2bd_1024x1024.sdr.png,512,512,0.262144,le512,95,309734,3,512|128|256,1|4|2,yes,1.055058718,1.055058718,0.000e0,0.000e0,0.375749290,0.375749260,2.980e-8,7.931e-8,1.055058718,1.055058718,0.000e0,1.124695539,6.600e-2,NaN,NaN,NaN,NaN
size_ladder,lineart-plot,plot-7002_plots_line-00118-s306ca2bd_1024x1024.sdr.png,512,512,0.262144,le512,85,183763,3,512|128|256,1|4|2,yes,2.282481670,2.282481670,0.000e0,0.000e0,0.908561945,0.908562005,5.960e-8,6.560e-8,2.282481670,2.282481670,0.000e0,2.488852262,9.042e-2,NaN,NaN,NaN,NaN
size_ladder,lineart-plot,plot-7002_plots_line-00118-s306ca2bd_1024x1024.sdr.png,512,512,0.262144,le512,70,128524,3,512|128|256,1|4|2,yes,3.363286972,3.363286972,0.000e0,0.000e0,1.450249314,1.450249553,2.384e-7,1.644e-7,3.363286972,3.363286972,0.000e0,3.632355690,8.000e-2,NaN,NaN,NaN,NaN
size_ladder,lineart-plot,plot-7002_plots_line-00118-s306ca2bd_1024x1024.sdr.png,512,512,0.262144,le512,50,96406,3,512|128|256,1|4|2,yes,4.291629791,4.291629791,0.000e0,0.000e0,2.130741119,2.130741358,2.384e-7,1.119e-7,4.291629791,4.291629791,0.000e0,4.507326603,5.026e-2,NaN,NaN,NaN,NaN
size_ladder,lineart-plot,plot-7002_plots_line-00118-s306ca2bd_1024x1024.sdr.png,512,512,0.262144,le512,30,70983,3,512|128|256,1|4|2,yes,6.845943451,6.845943451,0.000e0,0.000e0,3.283505917,3.283506393,4.768e-7,1.452e-7,6.845943451,6.845943451,0.000e0,6.431224346,6.058e-2,NaN,NaN,NaN,NaN
size_ladder,lineart-plot,plot-7002_plots_line-00118-s306ca2bd_1024x1024.sdr.png,512,512,0.262144,le512,15,45607,3,512|128|256,1|4|2,yes,8.785436630,8.785436630,0.000e0,0.000e0,4.296310425,4.296309948,4.768e-7,1.110e-7,8.785436630,8.785436630,0.000e0,8.236191750,6.252e-2,NaN,NaN,NaN,NaN
size_ladder,illustration,illustration-9097_gen_illustrations_autumn-deciduous-path_1024x1536.sdr.png,1024,1536,1.572864,native,95,1471764,3,1536|128|256,1|12|6,yes,1.065198302,1.065198302,0.000e0,0.000e0,0.416183621,0.416183621,0.000e0,0.000e0,1.065198302,1.065198302,0.000e0,1.130422592,6.123e-2,NaN,NaN,NaN,NaN
size_ladder,illustration,illustration-9097_gen_illustrations_autumn-deciduous-path_1024x1536.sdr.png,1024,1536,1.572864,native,85,808858,3,1536|128|256,1|12|6,yes,1.877005339,1.877005339,0.000e0,0.000e0,0.864234567,0.864234447,1.192e-7,1.379e-7,1.877005339,1.877005339,0.000e0,2.021349907,7.690e-2,NaN,NaN,NaN,NaN
size_ladder,illustration,illustration-9097_gen_illustrations_autumn-deciduous-path_1024x1536.sdr.png,1024,1536,1.572864,native,70,538584,3,1536|128|256,1|12|6,yes,2.780379772,2.780379772,0.000e0,0.000e0,1.243203402,1.243203640,2.384e-7,1.918e-7,2.780379772,2.780379772,0.000e0,2.985510588,7.378e-2,NaN,NaN,NaN,NaN
size_ladder,illustration,illustration-9097_gen_illustrations_autumn-deciduous-path_1024x1536.sdr.png,1024,1536,1.572864,native,50,393310,3,1536|128|256,1|12|6,yes,3.555993080,3.555993080,0.000e0,0.000e0,1.580633402,1.580633044,3.576e-7,2.263e-7,3.555993080,3.555993080,0.000e0,3.732790470,4.972e-2,NaN,NaN,NaN,NaN
size_ladder,illustration,illustration-9097_gen_illustrations_autumn-deciduous-path_1024x1536.sdr.png,1024,1536,1.572864,native,30,279997,3,1536|128|256,1|12|6,yes,4.374977589,4.374977589,0.000e0,0.000e0,2.013197899,2.013198376,4.768e-7,2.369e-7,4.374977589,4.374977589,0.000e0,4.461833000,1.985e-2,NaN,NaN,NaN,NaN
size_ladder,illustration,illustration-9097_gen_illustrations_autumn-deciduous-path_1024x1536.sdr.png,1024,1536,1.572864,native,15,168594,3,1536|128|256,1|12|6,yes,6.452188969,6.452188969,0.000e0,0.000e0,2.981165648,2.981165648,0.000e0,0.000e0,6.452188969,6.452188969,0.000e0,6.054860592,6.158e-2,NaN,NaN,NaN,NaN
size_ladder,illustration,illustration-9097_gen_illustrations_autumn-deciduous-path_1024x1536.sdr.png,85,128,0.010880,le128,95,14649,2,128|128,1|1,yes,0.797506273,0.797506273,0.000e0,0.000e0,0.429482460,0.429482400,5.960e-8,1.388e-7,0.797506273,0.797506273,0.000e0,0.855216324,7.236e-2,NaN,NaN,NaN,NaN
size_ladder,illustration,illustration-9097_gen_illustrations_autumn-deciduous-path_1024x1536.sdr.png,85,128,0.010880,le128,85,7531,2,128|128,1|1,yes,1.833585501,1.833585501,0.000e0,0.000e0,1.050913215,1.050913215,0.000e0,0.000e0,1.833585501,1.833585501,0.000e0,1.910959125,4.220e-2,NaN,NaN,NaN,NaN
size_ladder,illustration,illustration-9097_gen_illustrations_autumn-deciduous-path_1024x1536.sdr.png,85,128,0.010880,le128,70,4844,2,128|128,1|1,yes,2.675535440,2.675535440,0.000e0,0.000e0,1.563300252,1.563300133,1.192e-7,7.625e-8,2.675535440,2.675535440,0.000e0,2.709878683,1.284e-2,NaN,NaN,NaN,NaN
size_ladder,illustration,illustration-9097_gen_illustrations_autumn-deciduous-path_1024x1536.sdr.png,85,128,0.010880,le128,50,3584,2,128|128,1|1,yes,3.224733353,3.224733353,0.000e0,0.000e0,1.938841462,1.938841343,1.192e-7,6.148e-8,3.224733353,3.224733353,0.000e0,3.218313932,1.991e-3,NaN,NaN,NaN,NaN
size_ladder,illustration,illustration-9097_gen_illustrations_autumn-deciduous-path_1024x1536.sdr.png,85,128,0.010880,le128,30,2670,2,128|128,1|1,yes,4.023170471,4.023170471,0.000e0,0.000e0,2.362989187,2.362989187,0.000e0,0.000e0,4.023170471,4.023170471,0.000e0,3.913094759,2.736e-2,NaN,NaN,NaN,NaN
size_ladder,illustration,illustration-9097_gen_illustrations_autumn-deciduous-path_1024x1536.sdr.png,85,128,0.010880,le128,15,1816,2,128|128,1|1,yes,5.329716682,5.329716682,0.000e0,0.000e0,3.163936615,3.163936615,0.000e0,0.000e0,5.329716682,5.329716682,0.000e0,4.822481632,9.517e-2,NaN,NaN,NaN,NaN
size_ladder,illustration,illustration-9097_gen_illustrations_autumn-deciduous-path_1024x1536.sdr.png,171,256,0.043776,le256,95,56389,3,256|128|256,1|2|1,yes,0.880107939,0.880107939,0.000e0,0.000e0,0.419588596,0.419588536,5.960e-8,1.421e-7,0.880107939,0.880107939,0.000e0,0.968585432,1.005e-1,NaN,NaN,NaN,NaN
size_ladder,illustration,illustration-9097_gen_illustrations_autumn-deciduous-path_1024x1536.sdr.png,171,256,0.043776,le256,85,28774,3,256|128|256,1|2|1,yes,2.084761381,2.084761381,0.000e0,0.000e0,1.028311849,1.028311729,1.192e-7,1.159e-7,2.084761381,2.084761381,0.000e0,2.185693979,4.841e-2,NaN,NaN,NaN,NaN
size_ladder,illustration,illustration-9097_gen_illustrations_autumn-deciduous-path_1024x1536.sdr.png,171,256,0.043776,le256,70,17807,3,256|128|256,1|2|1,yes,2.810666084,2.810666084,0.000e0,0.000e0,1.538714886,1.538714886,0.000e0,0.000e0,2.810666084,2.810666084,0.000e0,2.841275930,1.089e-2,NaN,NaN,NaN,NaN
size_ladder,illustration,illustration-9097_gen_illustrations_autumn-deciduous-path_1024x1536.sdr.png,171,256,0.043776,le256,50,12765,3,256|128|256,1|2|1,yes,3.592388868,3.592388868,0.000e0,0.000e0,1.940818071,1.940818071,0.000e0,0.000e0,3.592388868,3.592388868,0.000e0,3.786460161,5.402e-2,NaN,NaN,NaN,NaN
size_ladder,illustration,illustration-9097_gen_illustrations_autumn-deciduous-path_1024x1536.sdr.png,171,256,0.043776,le256,30,9012,3,256|128|256,1|2|1,yes,4.056440353,4.056440353,0.000e0,0.000e0,2.338660240,2.338659763,4.768e-7,2.039e-7,4.056440353,4.056440353,0.000e0,3.881025314,4.324e-2,NaN,NaN,NaN,NaN
size_ladder,illustration,illustration-9097_gen_illustrations_autumn-deciduous-path_1024x1536.sdr.png,171,256,0.043776,le256,15,5431,3,256|128|256,1|2|1,yes,5.570363522,5.570363522,0.000e0,0.000e0,3.220643759,3.220643759,0.000e0,0.000e0,5.570363522,5.570363522,0.000e0,5.332440853,4.271e-2,NaN,NaN,NaN,NaN
size_ladder,illustration,illustration-9097_gen_illustrations_autumn-deciduous-path_1024x1536.sdr.png,341,512,0.174592,le512,95,214768,3,512|128|256,1|4|2,yes,1.029653907,1.029653907,0.000e0,0.000e0,0.426434040,0.426433921,1.192e-7,2.795e-7,1.029653907,1.029653907,0.000e0,1.108557105,7.663e-2,NaN,NaN,NaN,NaN
size_ladder,illustration,illustration-9097_gen_illustrations_autumn-deciduous-path_1024x1536.sdr.png,341,512,0.174592,le512,85,109576,3,512|128|256,1|4|2,yes,2.192835808,2.192835808,0.000e0,0.000e0,1.018256783,1.018256783,0.000e0,0.000e0,2.192835808,2.192835808,0.000e0,2.225329161,1.482e-2,NaN,NaN,NaN,NaN
size_ladder,illustration,illustration-9097_gen_illustrations_autumn-deciduous-path_1024x1536.sdr.png,341,512,0.174592,le512,70,68318,3,512|128|256,1|4|2,yes,2.895898819,2.895898819,0.000e0,0.000e0,1.502814889,1.502814889,0.000e0,0.000e0,2.895898819,2.895898819,0.000e0,2.908844471,4.470e-3,NaN,NaN,NaN,NaN
size_ladder,illustration,illustration-9097_gen_illustrations_autumn-deciduous-path_1024x1536.sdr.png,341,512,0.174592,le512,50,48518,3,512|128|256,1|4|2,yes,3.674175262,3.674175262,0.000e0,0.000e0,1.894342780,1.894342661,1.192e-7,6.293e-8,3.674175262,3.674175262,0.000e0,3.747404575,1.993e-2,NaN,NaN,NaN,NaN
size_ladder,illustration,illustration-9097_gen_illustrations_autumn-deciduous-path_1024x1536.sdr.png,341,512,0.174592,le512,30,34095,3,512|128|256,1|4|2,yes,4.218216419,4.218216419,0.000e0,0.000e0,2.292147160,2.292147398,2.384e-7,1.040e-7,4.218216419,4.218216419,0.000e0,4.111487389,2.530e-2,NaN,NaN,NaN,NaN
size_ladder,illustration,illustration-9097_gen_illustrations_autumn-deciduous-path_1024x1536.sdr.png,341,512,0.174592,le512,15,20115,3,512|128|256,1|4|2,yes,6.210743427,6.210743427,0.000e0,0.000e0,3.170929909,3.170929670,2.384e-7,7.519e-8,6.210743427,6.210743427,0.000e0,5.732600212,7.699e-2,NaN,NaN,NaN,NaN
size_ladder,illustration,illustration-9097_gen_illustrations_autumn-deciduous-path_1024x1536.sdr.png,683,1024,0.699392,le1024,95,762113,3,1024|128|256,1|8|4,yes,1.034155250,1.034155250,0.000e0,0.000e0,0.427690029,0.427689999,2.980e-8,6.968e-8,1.034155250,1.034155250,0.000e0,1.136399627,9.887e-2,NaN,NaN,NaN,NaN
size_ladder,illustration,illustration-9097_gen_illustrations_autumn-deciduous-path_1024x1536.sdr.png,683,1024,0.699392,le1024,85,405263,3,1024|128|256,1|8|4,yes,2.174896240,2.174896240,0.000e0,0.000e0,0.952484190,0.952484250,5.960e-8,6.258e-8,2.174896240,2.174896240,0.000e0,2.224535227,2.282e-2,NaN,NaN,NaN,NaN
size_ladder,illustration,illustration-9097_gen_illustrations_autumn-deciduous-path_1024x1536.sdr.png,683,1024,0.699392,le1024,70,263440,3,1024|128|256,1|8|4,yes,2.996622086,2.996622086,0.000e0,0.000e0,1.395024180,1.395024538,3.576e-7,2.564e-7,2.996622086,2.996622086,0.000e0,3.120859385,4.146e-2,NaN,NaN,NaN,NaN
size_ladder,illustration,illustration-9097_gen_illustrations_autumn-deciduous-path_1024x1536.sdr.png,683,1024,0.699392,le1024,50,189764,3,1024|128|256,1|8|4,yes,3.885531902,3.885531902,0.000e0,0.000e0,1.782663465,1.782663822,3.576e-7,2.006e-7,3.885531902,3.885531902,0.000e0,3.823762894,1.590e-2,NaN,NaN,NaN,NaN
size_ladder,illustration,illustration-9097_gen_illustrations_autumn-deciduous-path_1024x1536.sdr.png,683,1024,0.699392,le1024,30,132895,3,1024|128|256,1|8|4,yes,4.307961464,4.307961464,0.000e0,0.000e0,2.216704845,2.216705561,7.153e-7,3.227e-7,4.307961464,4.307961464,0.000e0,4.331623554,5.493e-3,NaN,NaN,NaN,NaN
size_ladder,illustration,illustration-9097_gen_illustrations_autumn-deciduous-path_1024x1536.sdr.png,683,1024,0.699392,le1024,15,78170,3,1024|128|256,1|8|4,yes,6.017072678,6.017072678,0.000e0,0.000e0,3.115547419,3.115547419,0.000e0,0.000e0,6.017072678,6.017072678,0.000e0,5.713266373,5.049e-2,NaN,NaN,NaN,NaN
size_ladder,illustration,illustration-9100_gen_illustrations_bath-candles-evening_1024x1536.sdr.png,1024,1536,1.572864,native,95,908373,3,1536|128|256,1|12|6,yes,1.111957550,1.111957550,0.000e0,0.000e0,0.485993862,0.485993803,5.960e-8,1.226e-7,1.111957550,1.111957550,0.000e0,1.208705187,8.701e-2,NaN,NaN,NaN,NaN
size_ladder,illustration,illustration-9100_gen_illustrations_bath-candles-evening_1024x1536.sdr.png,1024,1536,1.572864,native,85,463552,3,1536|128|256,1|12|6,yes,2.027972460,2.027972460,0.000e0,0.000e0,0.946163118,0.946163237,1.192e-7,1.260e-7,2.027972460,2.027972460,0.000e0,2.081581116,2.643e-2,NaN,NaN,NaN,NaN
size_ladder,illustration,illustration-9100_gen_illustrations_bath-candles-evening_1024x1536.sdr.png,1024,1536,1.572864,native,70,296119,3,1536|128|256,1|12|6,yes,3.106794357,3.106794357,0.000e0,0.000e0,1.279348016,1.279348254,2.384e-7,1.864e-7,3.106794357,3.106794357,0.000e0,3.096794844,3.219e-3,NaN,NaN,NaN,NaN
size_ladder,illustration,illustration-9100_gen_illustrations_bath-candles-evening_1024x1536.sdr.png,1024,1536,1.572864,native,50,212523,3,1536|128|256,1|12|6,yes,3.882024288,3.882024288,0.000e0,0.000e0,1.585719228,1.585719228,0.000e0,0.000e0,3.882024288,3.882024288,0.000e0,3.890092611,2.078e-3,NaN,NaN,NaN,NaN
size_ladder,illustration,illustration-9100_gen_illustrations_bath-candles-evening_1024x1536.sdr.png,1024,1536,1.572864,native,30,148865,3,1536|128|256,1|12|6,yes,4.737783909,4.737783909,0.000e0,0.000e0,2.008397818,2.008397818,0.000e0,0.000e0,4.737783909,4.737783909,0.000e0,4.894199371,3.301e-2,NaN,NaN,NaN,NaN
size_ladder,illustration,illustration-9100_gen_illustrations_bath-candles-evening_1024x1536.sdr.png,1024,1536,1.572864,native,15,90863,3,1536|128|256,1|12|6,yes,6.522344589,6.522344589,0.000e0,0.000e0,2.936213017,2.936212778,2.384e-7,8.120e-8,6.522344589,6.522344589,0.000e0,6.267457008,3.908e-2,NaN,NaN,NaN,NaN
size_ladder,illustration,illustration-9100_gen_illustrations_bath-candles-evening_1024x1536.sdr.png,85,128,0.010880,le128,95,9950,2,128|128,1|1,yes,0.903090537,0.903090537,0.000e0,0.000e0,0.442841589,0.442841560,2.980e-8,6.730e-8,0.903090537,0.903090537,0.000e0,0.950658977,5.267e-2,NaN,NaN,NaN,NaN
size_ladder,illustration,illustration-9100_gen_illustrations_bath-candles-evening_1024x1536.sdr.png,85,128,0.010880,le128,85,5578,2,128|128,1|1,yes,1.995352864,1.995352864,0.000e0,0.000e0,0.901068389,0.901068389,0.000e0,0.000e0,1.995352864,1.995352864,0.000e0,2.133951664,6.946e-2,NaN,NaN,NaN,NaN
size_ladder,illustration,illustration-9100_gen_illustrations_bath-candles-evening_1024x1536.sdr.png,85,128,0.010880,le128,70,3890,2,128|128,1|1,yes,2.736864328,2.736864328,0.000e0,0.000e0,1.234175444,1.234175563,1.192e-7,9.659e-8,2.736864328,2.736864328,0.000e0,2.667070389,2.550e-2,NaN,NaN,NaN,NaN
size_ladder,illustration,illustration-9100_gen_illustrations_bath-candles-evening_1024x1536.sdr.png,85,128,0.010880,le128,50,3032,2,128|128,1|1,yes,3.027876377,3.027876377,0.000e0,0.000e0,1.534090638,1.534090161,4.768e-7,3.108e-7,3.027876377,3.027876377,0.000e0,3.256351233,7.546e-2,NaN,NaN,NaN,NaN
size_ladder,illustration,illustration-9100_gen_illustrations_bath-candles-evening_1024x1536.sdr.png,85,128,0.010880,le128,30,2338,2,128|128,1|1,yes,3.303440094,3.303440094,0.000e0,0.000e0,1.904628277,1.904628277,0.000e0,0.000e0,3.303440094,3.303440094,0.000e0,3.339406013,1.089e-2,NaN,NaN,NaN,NaN
size_ladder,illustration,illustration-9100_gen_illustrations_bath-candles-evening_1024x1536.sdr.png,85,128,0.010880,le128,15,1697,2,128|128,1|1,yes,5.153571606,5.153571606,0.000e0,0.000e0,2.700384855,2.700385094,2.384e-7,8.829e-8,5.153571606,5.153571606,0.000e0,5.267912388,2.219e-2,NaN,NaN,NaN,NaN
size_ladder,illustration,illustration-9100_gen_illustrations_bath-candles-evening_1024x1536.sdr.png,171,256,0.043776,le256,95,32382,3,256|128|256,1|2|1,yes,0.884596586,0.884596586,0.000e0,0.000e0,0.462345928,0.462345958,2.980e-8,6.446e-8,0.884596586,0.884596586,0.000e0,0.973494470,1.005e-1,NaN,NaN,NaN,NaN
size_ladder,illustration,illustration-9100_gen_illustrations_bath-candles-evening_1024x1536.sdr.png,171,256,0.043776,le256,85,17384,3,256|128|256,1|2|1,yes,1.861370802,1.861370802,0.000e0,0.000e0,0.905243993,0.905244172,1.788e-7,1.975e-7,1.861370802,1.861370802,0.000e0,1.845386982,8.587e-3,NaN,NaN,NaN,NaN
size_ladder,illustration,illustration-9100_gen_illustrations_bath-candles-evening_1024x1536.sdr.png,171,256,0.043776,le256,70,11566,3,256|128|256,1|2|1,yes,2.526954651,2.526954651,0.000e0,0.000e0,1.250035524,1.250035524,0.000e0,0.000e0,2.526954651,2.526954651,0.000e0,2.618735552,3.632e-2,NaN,NaN,NaN,NaN
size_ladder,illustration,illustration-9100_gen_illustrations_bath-candles-evening_1024x1536.sdr.png,171,256,0.043776,le256,50,8513,3,256|128|256,1|2|1,yes,3.024729729,3.024729729,0.000e0,0.000e0,1.561608315,1.561608195,1.192e-7,7.634e-8,3.024729729,3.024729729,0.000e0,3.225907564,6.651e-2,NaN,NaN,NaN,NaN
size_ladder,illustration,illustration-9100_gen_illustrations_bath-candles-evening_1024x1536.sdr.png,171,256,0.043776,le256,30,6191,3,256|128|256,1|2|1,yes,3.763008595,3.763008595,0.000e0,0.000e0,1.956016302,1.956016302,0.000e0,0.000e0,3.763008595,3.763008595,0.000e0,3.755539656,1.985e-3,NaN,NaN,NaN,NaN
size_ladder,illustration,illustration-9100_gen_illustrations_bath-candles-evening_1024x1536.sdr.png,171,256,0.043776,le256,15,4100,3,256|128|256,1|2|1,yes,4.967656612,4.967656612,0.000e0,0.000e0,2.768049002,2.768048286,7.153e-7,2.584e-7,4.967656612,4.967656612,0.000e0,4.567101955,8.063e-2,NaN,NaN,NaN,NaN
size_ladder,illustration,illustration-9100_gen_illustrations_bath-candles-evening_1024x1536.sdr.png,341,512,0.174592,le512,95,113706,3,512|128|256,1|4|2,yes,1.015653849,1.015653849,0.000e0,0.000e0,0.502620399,0.502620339,5.960e-8,1.186e-7,1.015653849,1.015653849,0.000e0,1.103071451,8.607e-2,NaN,NaN,NaN,NaN
size_ladder,illustration,illustration-9100_gen_illustrations_bath-candles-evening_1024x1536.sdr.png,341,512,0.174592,le512,85,58087,3,512|128|256,1|4|2,yes,1.931595922,1.931595922,0.000e0,0.000e0,0.951432228,0.951432109,1.192e-7,1.253e-7,1.931595922,1.931595922,0.000e0,2.160570383,1.185e-1,NaN,NaN,NaN,NaN
size_ladder,illustration,illustration-9100_gen_illustrations_bath-candles-evening_1024x1536.sdr.png,341,512,0.174592,le512,70,37466,3,512|128|256,1|4|2,yes,2.630673409,2.630673409,0.000e0,0.000e0,1.274964094,1.274963975,1.192e-7,9.350e-8,2.630673409,2.630673409,0.000e0,2.772367239,5.386e-2,NaN,NaN,NaN,NaN
size_ladder,illustration,illustration-9100_gen_illustrations_bath-candles-evening_1024x1536.sdr.png,341,512,0.174592,le512,50,27027,3,512|128|256,1|4|2,yes,3.385012627,3.385012627,0.000e0,0.000e0,1.571372271,1.571372390,1.192e-7,7.586e-8,3.385012627,3.385012627,0.000e0,3.592398405,6.127e-2,NaN,NaN,NaN,NaN
size_ladder,illustration,illustration-9100_gen_illustrations_bath-candles-evening_1024x1536.sdr.png,341,512,0.174592,le512,30,19253,3,512|128|256,1|4|2,yes,3.928748846,3.928748846,0.000e0,0.000e0,1.965693474,1.965693474,0.000e0,0.000e0,3.928748846,3.928748846,0.000e0,3.939207077,2.662e-3,NaN,NaN,NaN,NaN
size_ladder,illustration,illustration-9100_gen_illustrations_bath-candles-evening_1024x1536.sdr.png,341,512,0.174592,le512,15,12216,3,512|128|256,1|4|2,yes,5.348211765,5.348211765,0.000e0,0.000e0,2.854844570,2.854844570,0.000e0,0.000e0,5.348211765,5.348211765,0.000e0,5.179874420,3.148e-2,NaN,NaN,NaN,NaN
size_ladder,illustration,illustration-9100_gen_illustrations_bath-candles-evening_1024x1536.sdr.png,683,1024,0.699392,le1024,95,424595,3,1024|128|256,1|8|4,yes,1.237805486,1.237805486,0.000e0,0.000e0,0.506635189,0.506635368,1.788e-7,3.529e-7,1.237805486,1.237805486,0.000e0,1.387723804,1.211e-1,NaN,NaN,NaN,NaN
size_ladder,illustration,illustration-9100_gen_illustrations_bath-candles-evening_1024x1536.sdr.png,683,1024,0.699392,le1024,85,217306,3,1024|128|256,1|8|4,yes,2.089420080,2.089420080,0.000e0,0.000e0,0.983951330,0.983951271,5.960e-8,6.058e-8,2.089420080,2.089420080,0.000e0,2.276559353,8.957e-2,NaN,NaN,NaN,NaN
size_ladder,illustration,illustration-9100_gen_illustrations_bath-candles-evening_1024x1536.sdr.png,683,1024,0.699392,le1024,70,139182,3,1024|128|256,1|8|4,yes,3.370265722,3.370265722,0.000e0,0.000e0,1.344964504,1.344964623,1.192e-7,8.863e-8,3.370265722,3.370265722,0.000e0,3.553381920,5.433e-2,NaN,NaN,NaN,NaN
size_ladder,illustration,illustration-9100_gen_illustrations_bath-candles-evening_1024x1536.sdr.png,683,1024,0.699392,le1024,50,98239,3,1024|128|256,1|8|4,yes,3.909608126,3.909608126,0.000e0,0.000e0,1.660935640,1.660935879,2.384e-7,1.435e-7,3.909608126,3.909608126,0.000e0,3.980921030,1.824e-2,NaN,NaN,NaN,NaN
size_ladder,illustration,illustration-9100_gen_illustrations_bath-candles-evening_1024x1536.sdr.png,683,1024,0.699392,le1024,30,67983,3,1024|128|256,1|8|4,yes,4.712496758,4.712496758,0.000e0,0.000e0,2.063862085,2.063862801,7.153e-7,3.466e-7,4.712496758,4.712496758,0.000e0,4.751824856,8.345e-3,NaN,NaN,NaN,NaN
size_ladder,illustration,illustration-9100_gen_illustrations_bath-candles-evening_1024x1536.sdr.png,683,1024,0.699392,le1024,15,42013,3,1024|128|256,1|8|4,yes,6.124068260,6.124068260,0.000e0,0.000e0,2.911494017,2.911494732,7.153e-7,2.457e-7,6.124068260,6.124068260,0.000e0,5.935514927,3.079e-2,NaN,NaN,NaN,NaN
size_ladder,screen-imz,screen-8106_web-screenshots_climate-news_dpr1_page1_1440x900.sdr.png,1440,900,1.296000,native,95,278665,3,900|128|256,1|8|4,yes,1.314579129,1.314579129,0.000e0,0.000e0,0.379929751,0.379929781,2.980e-8,7.844e-8,1.314579129,1.314579129,0.000e0,1.451530814,1.042e-1,NaN,NaN,NaN,NaN
size_ladder,screen-imz,screen-8106_web-screenshots_climate-news_dpr1_page1_1440x900.sdr.png,1440,900,1.296000,native,85,176448,3,900|128|256,1|8|4,yes,2.541280985,2.541280985,0.000e0,0.000e0,0.805015087,0.805014968,1.192e-7,1.481e-7,2.541280985,2.541280985,0.000e0,2.692638397,5.956e-2,NaN,NaN,NaN,NaN
size_ladder,screen-imz,screen-8106_web-screenshots_climate-news_dpr1_page1_1440x900.sdr.png,1440,900,1.296000,native,70,131537,3,900|128|256,1|8|4,yes,3.820295811,3.820295811,0.000e0,0.000e0,1.219364524,1.219364643,1.192e-7,9.776e-8,3.820295811,3.820295811,0.000e0,4.198866844,9.909e-2,NaN,NaN,NaN,NaN
size_ladder,screen-imz,screen-8106_web-screenshots_climate-news_dpr1_page1_1440x900.sdr.png,1440,900,1.296000,native,50,106364,3,900|128|256,1|8|4,yes,5.185076237,5.185076237,0.000e0,0.000e0,1.617455244,1.617455602,3.576e-7,2.211e-7,5.185076237,5.185076237,0.000e0,5.223684788,7.446e-3,NaN,NaN,NaN,NaN
size_ladder,screen-imz,screen-8106_web-screenshots_climate-news_dpr1_page1_1440x900.sdr.png,1440,900,1.296000,native,30,85816,3,900|128|256,1|8|4,yes,6.611788750,6.611788750,0.000e0,0.000e0,2.158857346,2.158857346,0.000e0,0.000e0,6.611788750,6.611788750,0.000e0,6.249982357,5.472e-2,NaN,NaN,NaN,NaN
size_ladder,screen-imz,screen-8106_web-screenshots_climate-news_dpr1_page1_1440x900.sdr.png,1440,900,1.296000,native,15,65266,3,900|128|256,1|8|4,yes,9.132967949,9.132967949,0.000e0,0.000e0,3.068987608,3.068988323,7.153e-7,2.331e-7,9.132967949,9.132967949,0.000e0,8.862870216,2.957e-2,NaN,NaN,NaN,NaN
size_ladder,screen-imz,screen-8106_web-screenshots_climate-news_dpr1_page1_1440x900.sdr.png,128,80,0.010240,le128,95,5399,2,80|80,1|1,yes,0.985678554,0.985678554,0.000e0,0.000e0,0.435033709,0.435033619,8.941e-8,2.055e-7,0.985678554,0.985678554,0.000e0,1.087123394,1.029e-1,NaN,NaN,NaN,NaN
size_ladder,screen-imz,screen-8106_web-screenshots_climate-news_dpr1_page1_1440x900.sdr.png,128,80,0.010240,le128,85,3275,2,80|80,1|1,yes,2.094198227,2.094198227,0.000e0,0.000e0,0.899822712,0.899822831,1.192e-7,1.325e-7,2.094198227,2.094198227,0.000e0,2.124328375,1.439e-2,NaN,NaN,NaN,NaN
size_ladder,screen-imz,screen-8106_web-screenshots_climate-news_dpr1_page1_1440x900.sdr.png,128,80,0.010240,le128,70,2447,2,80|80,1|1,yes,2.633654118,2.633654118,0.000e0,0.000e0,1.214439750,1.214439988,2.384e-7,1.963e-7,2.633654118,2.633654118,0.000e0,2.625027180,3.276e-3,NaN,NaN,NaN,NaN
size_ladder,screen-imz,screen-8106_web-screenshots_climate-news_dpr1_page1_1440x900.sdr.png,128,80,0.010240,le128,50,2040,2,80|80,1|1,yes,2.798906088,2.798906088,0.000e0,0.000e0,1.473097682,1.473097801,1.192e-7,8.092e-8,2.798906088,2.798906088,0.000e0,2.836360931,1.338e-2,NaN,NaN,NaN,NaN
size_ladder,screen-imz,screen-8106_web-screenshots_climate-news_dpr1_page1_1440x900.sdr.png,128,80,0.010240,le128,30,1695,2,80|80,1|1,yes,4.145847797,4.145847797,0.000e0,0.000e0,2.005524635,2.005524635,0.000e0,0.000e0,4.145847797,4.145847797,0.000e0,3.776665211,8.905e-2,NaN,NaN,NaN,NaN
size_ladder,screen-imz,screen-8106_web-screenshots_climate-news_dpr1_page1_1440x900.sdr.png,128,80,0.010240,le128,15,1361,2,80|80,1|1,yes,5.480116367,5.480116367,0.000e0,0.000e0,2.826667786,2.826668024,2.384e-7,8.435e-8,5.480116367,5.480116367,0.000e0,5.293441296,3.406e-2,NaN,NaN,NaN,NaN
size_ladder,screen-imz,screen-8106_web-screenshots_climate-news_dpr1_page1_1440x900.sdr.png,256,160,0.040960,le256,95,16586,2,128|160,2|1,yes,1.132928133,1.132928133,0.000e0,0.000e0,0.446040899,0.446040899,0.000e0,0.000e0,1.132928133,1.132928133,0.000e0,1.227222085,8.323e-2,NaN,NaN,NaN,NaN
size_ladder,screen-imz,screen-8106_web-screenshots_climate-news_dpr1_page1_1440x900.sdr.png,256,160,0.040960,le256,85,9511,2,128|160,2|1,yes,2.035719633,2.035719633,0.000e0,0.000e0,0.913554549,0.913554549,0.000e0,0.000e0,2.035719633,2.035719633,0.000e0,2.069810152,1.675e-2,NaN,NaN,NaN,NaN
size_ladder,screen-imz,screen-8106_web-screenshots_climate-news_dpr1_page1_1440x900.sdr.png,256,160,0.040960,le256,70,6713,2,128|160,2|1,yes,3.012799978,3.012799978,0.000e0,0.000e0,1.322874308,1.322874188,1.192e-7,9.011e-8,3.012799978,3.012799978,0.000e0,3.079240084,2.205e-2,NaN,NaN,NaN,NaN
size_ladder,screen-imz,screen-8106_web-screenshots_climate-news_dpr1_page1_1440x900.sdr.png,256,160,0.040960,le256,50,5302,2,128|160,2|1,yes,3.795776606,3.795776606,0.000e0,0.000e0,1.674981356,1.674981236,1.192e-7,7.117e-8,3.795776606,3.795776606,0.000e0,3.686418056,2.881e-2,NaN,NaN,NaN,NaN
size_ladder,screen-imz,screen-8106_web-screenshots_climate-news_dpr1_page1_1440x900.sdr.png,256,160,0.040960,le256,30,4126,2,128|160,2|1,yes,4.999340057,4.999340057,0.000e0,0.000e0,2.111604452,2.111604452,0.000e0,0.000e0,4.999340057,4.999340057,0.000e0,4.942066193,1.146e-2,NaN,NaN,NaN,NaN
size_ladder,screen-imz,screen-8106_web-screenshots_climate-news_dpr1_page1_1440x900.sdr.png,256,160,0.040960,le256,15,3106,2,128|160,2|1,yes,8.788795471,8.788795471,0.000e0,0.000e0,3.057344198,3.057344198,0.000e0,0.000e0,8.788795471,8.788795471,0.000e0,8.126422882,7.537e-2,NaN,NaN,NaN,NaN
size_ladder,screen-imz,screen-8106_web-screenshots_climate-news_dpr1_page1_1440x900.sdr.png,512,320,0.163840,le512,95,52550,3,320|128|256,1|3|2,yes,1.182671189,1.182671189,0.000e0,0.000e0,0.426259011,0.426259100,8.941e-8,2.097e-7,1.182671189,1.182671189,0.000e0,1.252129436,5.873e-2,NaN,NaN,NaN,NaN
size_ladder,screen-imz,screen-8106_web-screenshots_climate-news_dpr1_page1_1440x900.sdr.png,512,320,0.163840,le512,85,30839,3,320|128|256,1|3|2,yes,2.483976841,2.483976841,0.000e0,0.000e0,0.891666830,0.891667068,2.384e-7,2.674e-7,2.483976841,2.483976841,0.000e0,2.666947126,7.366e-2,NaN,NaN,NaN,NaN
size_ladder,screen-imz,screen-8106_web-screenshots_climate-news_dpr1_page1_1440x900.sdr.png,512,320,0.163840,le512,70,22002,3,320|128|256,1|3|2,yes,3.331282377,3.331282377,0.000e0,0.000e0,1.332505226,1.332505107,1.192e-7,8.946e-8,3.331282377,3.331282377,0.000e0,3.192001343,4.181e-2,NaN,NaN,NaN,NaN
size_ladder,screen-imz,screen-8106_web-screenshots_climate-news_dpr1_page1_1440x900.sdr.png,512,320,0.163840,le512,50,17034,3,320|128|256,1|3|2,yes,4.900449753,4.900449753,0.000e0,0.000e0,1.772791147,1.772791386,2.384e-7,1.345e-7,4.900449753,4.900449753,0.000e0,4.924221516,4.851e-3,NaN,NaN,NaN,NaN
size_ladder,screen-imz,screen-8106_web-screenshots_climate-news_dpr1_page1_1440x900.sdr.png,512,320,0.163840,le512,30,13298,3,320|128|256,1|3|2,yes,5.524661064,5.524661064,0.000e0,0.000e0,2.236267328,2.236267567,2.384e-7,1.066e-7,5.524661064,5.524661064,0.000e0,5.389554024,2.446e-2,NaN,NaN,NaN,NaN
size_ladder,screen-imz,screen-8106_web-screenshots_climate-news_dpr1_page1_1440x900.sdr.png,512,320,0.163840,le512,15,9505,3,320|128|256,1|3|2,yes,7.552760601,7.552760601,0.000e0,0.000e0,3.031667709,3.031667233,4.768e-7,1.573e-7,7.552760601,7.552760601,0.000e0,7.165823936,5.123e-2,NaN,NaN,NaN,NaN
size_ladder,screen-imz,screen-8106_web-screenshots_climate-news_dpr1_page1_1440x900.sdr.png,1024,640,0.655360,le1024,95,167280,3,640|128|256,1|5|3,yes,1.335449457,1.335449457,0.000e0,0.000e0,0.414486617,0.414486647,2.980e-8,7.190e-8,1.335449457,1.335449457,0.000e0,1.434734225,7.435e-2,NaN,NaN,NaN,NaN
size_ladder,screen-imz,screen-8106_web-screenshots_climate-news_dpr1_page1_1440x900.sdr.png,1024,640,0.655360,le1024,85,101910,3,640|128|256,1|5|3,yes,2.763487101,2.763487101,0.000e0,0.000e0,0.889733374,0.889733315,5.960e-8,6.699e-8,2.763487101,2.763487101,0.000e0,2.988142252,8.129e-2,NaN,NaN,NaN,NaN
size_ladder,screen-imz,screen-8106_web-screenshots_climate-news_dpr1_page1_1440x900.sdr.png,1024,640,0.655360,le1024,70,74167,3,640|128|256,1|5|3,yes,4.257493496,4.257493496,0.000e0,0.000e0,1.326298237,1.326298475,2.384e-7,1.798e-7,4.257493496,4.257493496,0.000e0,4.589335442,7.794e-2,NaN,NaN,NaN,NaN
size_ladder,screen-imz,screen-8106_web-screenshots_climate-news_dpr1_page1_1440x900.sdr.png,1024,640,0.655360,le1024,50,58829,3,640|128|256,1|5|3,yes,5.172669411,5.172669411,0.000e0,0.000e0,1.716324329,1.716323972,3.576e-7,2.084e-7,5.172669411,5.172669411,0.000e0,4.736996174,8.423e-2,NaN,NaN,NaN,NaN
size_ladder,screen-imz,screen-8106_web-screenshots_climate-news_dpr1_page1_1440x900.sdr.png,1024,640,0.655360,le1024,30,46370,3,640|128|256,1|5|3,yes,5.668404102,5.668404102,0.000e0,0.000e0,2.141495466,2.141495943,4.768e-7,2.227e-7,5.668404102,5.668404102,0.000e0,5.553954601,2.019e-2,NaN,NaN,NaN,NaN
size_ladder,screen-imz,screen-8106_web-screenshots_climate-news_dpr1_page1_1440x900.sdr.png,1024,640,0.655360,le1024,15,34556,3,640|128|256,1|5|3,yes,7.393891335,7.393891335,0.000e0,0.000e0,2.981799126,2.981798887,2.384e-7,7.996e-8,7.393891335,7.393891335,0.000e0,7.507720947,1.540e-2,NaN,NaN,NaN,NaN
size_ladder,screen-imz,screen-8109_web-screenshots_datagov-catalog_dpr1_page2_1440x900.sdr.png,1440,900,1.296000,native,95,376166,3,900|128|256,1|8|4,yes,1.139319777,1.139319777,0.000e0,0.000e0,0.351758540,0.351758480,5.960e-8,1.694e-7,1.139319777,1.139319777,0.000e0,1.191374898,4.569e-2,NaN,NaN,NaN,NaN
size_ladder,screen-imz,screen-8109_web-screenshots_datagov-catalog_dpr1_page2_1440x900.sdr.png,1440,900,1.296000,native,85,242121,3,900|128|256,1|8|4,yes,2.782205105,2.782205105,0.000e0,0.000e0,0.887442529,0.887442410,1.192e-7,1.343e-7,2.782205105,2.782205105,0.000e0,2.804390430,7.974e-3,NaN,NaN,NaN,NaN
size_ladder,screen-imz,screen-8109_web-screenshots_datagov-catalog_dpr1_page2_1440x900.sdr.png,1440,900,1.296000,native,70,178294,3,900|128|256,1|8|4,yes,4.126452446,4.126452446,0.000e0,0.000e0,1.434568167,1.434568167,0.000e0,0.000e0,4.126452446,4.126452446,0.000e0,4.175725937,1.194e-2,NaN,NaN,NaN,NaN
size_ladder,screen-imz,screen-8109_web-screenshots_datagov-catalog_dpr1_page2_1440x900.sdr.png,1440,900,1.296000,native,50,141212,3,900|128|256,1|8|4,yes,5.533399582,5.533399582,0.000e0,0.000e0,1.974511743,1.974511743,0.000e0,0.000e0,5.533399582,5.533399582,0.000e0,5.508138180,4.565e-3,NaN,NaN,NaN,NaN
size_ladder,screen-imz,screen-8109_web-screenshots_datagov-catalog_dpr1_page2_1440x900.sdr.png,1440,900,1.296000,native,30,112474,3,900|128|256,1|8|4,yes,7.050473213,7.050473213,0.000e0,0.000e0,2.553296804,2.553296804,0.000e0,0.000e0,7.050473213,7.050473213,0.000e0,6.359956741,9.794e-2,NaN,NaN,NaN,NaN
size_ladder,screen-imz,screen-8109_web-screenshots_datagov-catalog_dpr1_page2_1440x900.sdr.png,1440,900,1.296000,native,15,82778,3,900|128|256,1|8|4,yes,9.740062714,9.740062714,0.000e0,0.000e0,3.433075190,3.433075428,2.384e-7,6.945e-8,9.740062714,9.740062714,0.000e0,8.853126526,9.106e-2,NaN,NaN,NaN,NaN
size_ladder,screen-imz,screen-8109_web-screenshots_datagov-catalog_dpr1_page2_1440x900.sdr.png,128,80,0.010240,le128,95,7584,2,80|80,1|1,yes,0.882868052,0.882868052,0.000e0,0.000e0,0.413621932,0.413621962,2.980e-8,7.205e-8,0.882868052,0.882868052,0.000e0,0.897398770,1.646e-2,NaN,NaN,NaN,NaN
size_ladder,screen-imz,screen-8109_web-screenshots_datagov-catalog_dpr1_page2_1440x900.sdr.png,128,80,0.010240,le128,85,4571,2,80|80,1|1,yes,1.826411963,1.826411963,0.000e0,0.000e0,0.826525450,0.826525569,1.192e-7,1.442e-7,1.826411963,1.826411963,0.000e0,1.881393671,3.010e-2,NaN,NaN,NaN,NaN
size_ladder,screen-imz,screen-8109_web-screenshots_datagov-catalog_dpr1_page2_1440x900.sdr.png,128,80,0.010240,le128,70,3424,2,80|80,1|1,yes,2.215481758,2.215481758,0.000e0,0.000e0,1.127878070,1.127878308,2.384e-7,2.114e-7,2.215481758,2.215481758,0.000e0,2.306683540,4.117e-2,NaN,NaN,NaN,NaN
size_ladder,screen-imz,screen-8109_web-screenshots_datagov-catalog_dpr1_page2_1440x900.sdr.png,128,80,0.010240,le128,50,2892,2,80|80,1|1,yes,3.036869287,3.036869287,0.000e0,0.000e0,1.481214046,1.481214046,0.000e0,0.000e0,3.036869287,3.036869287,0.000e0,3.066471577,9.748e-3,NaN,NaN,NaN,NaN
size_ladder,screen-imz,screen-8109_web-screenshots_datagov-catalog_dpr1_page2_1440x900.sdr.png,128,80,0.010240,le128,30,2292,2,80|80,1|1,yes,3.582230568,3.582230568,0.000e0,0.000e0,1.848589301,1.848589540,2.384e-7,1.290e-7,3.582230568,3.582230568,0.000e0,3.523775578,1.632e-2,NaN,NaN,NaN,NaN
size_ladder,screen-imz,screen-8109_web-screenshots_datagov-catalog_dpr1_page2_1440x900.sdr.png,128,80,0.010240,le128,15,1763,2,80|80,1|1,yes,4.792826653,4.792826653,0.000e0,0.000e0,2.567259550,2.567260504,9.537e-7,3.715e-7,4.792826653,4.792826653,0.000e0,4.603806496,3.944e-2,NaN,NaN,NaN,NaN
size_ladder,screen-imz,screen-8109_web-screenshots_datagov-catalog_dpr1_page2_1440x900.sdr.png,256,160,0.040960,le256,95,22048,2,128|160,2|1,yes,0.930608213,0.930608213,0.000e0,0.000e0,0.398788959,0.398788989,2.980e-8,7.473e-8,0.930608213,0.930608213,0.000e0,0.985541880,5.903e-2,NaN,NaN,NaN,NaN
size_ladder,screen-imz,screen-8109_web-screenshots_datagov-catalog_dpr1_page2_1440x900.sdr.png,256,160,0.040960,le256,85,13197,2,128|160,2|1,yes,1.789575577,1.789575577,0.000e0,0.000e0,0.801041067,0.801041067,0.000e0,0.000e0,1.789575577,1.789575577,0.000e0,1.910933375,6.781e-2,NaN,NaN,NaN,NaN
size_ladder,screen-imz,screen-8109_web-screenshots_datagov-catalog_dpr1_page2_1440x900.sdr.png,256,160,0.040960,le256,70,9479,2,128|160,2|1,yes,3.047529936,3.047529936,0.000e0,0.000e0,1.181460261,1.181460142,1.192e-7,1.009e-7,3.047529936,3.047529936,0.000e0,3.260346413,6.983e-2,NaN,NaN,NaN,NaN
size_ladder,screen-imz,screen-8109_web-screenshots_datagov-catalog_dpr1_page2_1440x900.sdr.png,256,160,0.040960,le256,50,7545,2,128|160,2|1,yes,2.898643970,2.898643970,0.000e0,0.000e0,1.404937983,1.404937983,0.000e0,0.000e0,2.898643970,2.898643970,0.000e0,2.923339605,8.520e-3,NaN,NaN,NaN,NaN
size_ladder,screen-imz,screen-8109_web-screenshots_datagov-catalog_dpr1_page2_1440x900.sdr.png,256,160,0.040960,le256,30,5931,2,128|160,2|1,yes,3.734734774,3.734734774,0.000e0,0.000e0,1.720835805,1.720835686,1.192e-7,6.927e-8,3.734734774,3.734734774,0.000e0,3.676612377,1.556e-2,NaN,NaN,NaN,NaN
size_ladder,screen-imz,screen-8109_web-screenshots_datagov-catalog_dpr1_page2_1440x900.sdr.png,256,160,0.040960,le256,15,4322,2,128|160,2|1,yes,5.559541225,5.559541225,0.000e0,0.000e0,2.589866161,2.589866638,4.768e-7,1.841e-7,5.559541225,5.559541225,0.000e0,5.404531956,2.788e-2,NaN,NaN,NaN,NaN
size_ladder,screen-imz,screen-8109_web-screenshots_datagov-catalog_dpr1_page2_1440x900.sdr.png,512,320,0.163840,le512,95,70265,3,320|128|256,1|3|2,yes,1.151578188,1.151578188,0.000e0,0.000e0,0.369665444,0.369665474,2.980e-8,8.062e-8,1.151578188,1.151578188,0.000e0,1.279858232,1.114e-1,NaN,NaN,NaN,NaN
size_ladder,screen-imz,screen-8109_web-screenshots_datagov-catalog_dpr1_page2_1440x900.sdr.png,512,320,0.163840,le512,85,42303,3,320|128|256,1|3|2,yes,2.589043379,2.589043379,0.000e0,0.000e0,0.864364266,0.864364386,1.192e-7,1.379e-7,2.589043379,2.589043379,0.000e0,2.527130604,2.391e-2,NaN,NaN,NaN,NaN
size_ladder,screen-imz,screen-8109_web-screenshots_datagov-catalog_dpr1_page2_1440x900.sdr.png,512,320,0.163840,le512,70,30380,3,320|128|256,1|3|2,yes,3.575984716,3.575984716,0.000e0,0.000e0,1.295548320,1.295548081,2.384e-7,1.840e-7,3.575984716,3.575984716,0.000e0,3.803661346,6.367e-2,NaN,NaN,NaN,NaN
size_ladder,screen-imz,screen-8109_web-screenshots_datagov-catalog_dpr1_page2_1440x900.sdr.png,512,320,0.163840,le512,50,23789,3,320|128|256,1|3|2,yes,4.218942642,4.218942642,0.000e0,0.000e0,1.666791916,1.666792154,2.384e-7,1.430e-7,4.218942642,4.218942642,0.000e0,4.325225830,2.519e-2,NaN,NaN,NaN,NaN
size_ladder,screen-imz,screen-8109_web-screenshots_datagov-catalog_dpr1_page2_1440x900.sdr.png,512,320,0.163840,le512,30,18213,3,320|128|256,1|3|2,yes,6.778275967,6.778275967,0.000e0,0.000e0,2.165311098,2.165310621,4.768e-7,2.202e-7,6.778275967,6.778275967,0.000e0,6.654078484,1.832e-2,NaN,NaN,NaN,NaN
size_ladder,screen-imz,screen-8109_web-screenshots_datagov-catalog_dpr1_page2_1440x900.sdr.png,512,320,0.163840,le512,15,12537,3,320|128|256,1|3|2,yes,6.767213821,6.767213821,0.000e0,0.000e0,2.844414949,2.844414949,0.000e0,0.000e0,6.767213821,6.767213821,0.000e0,6.862069130,1.402e-2,NaN,NaN,NaN,NaN
size_ladder,screen-imz,screen-8109_web-screenshots_datagov-catalog_dpr1_page2_1440x900.sdr.png,1024,640,0.655360,le1024,95,226147,3,640|128|256,1|5|3,yes,1.082904935,1.082904935,0.000e0,0.000e0,0.351985365,0.351985335,2.980e-8,8.467e-8,1.082904935,1.082904935,0.000e0,1.219339132,1.260e-1,NaN,NaN,NaN,NaN
size_ladder,screen-imz,screen-8109_web-screenshots_datagov-catalog_dpr1_page2_1440x900.sdr.png,1024,640,0.655360,le1024,85,139629,3,640|128|256,1|5|3,yes,2.790961981,2.790961981,0.000e0,0.000e0,0.850110352,0.850110292,5.960e-8,7.011e-8,2.790961981,2.790961981,0.000e0,3.055047035,9.462e-2,NaN,NaN,NaN,NaN
size_ladder,screen-imz,screen-8109_web-screenshots_datagov-catalog_dpr1_page2_1440x900.sdr.png,1024,640,0.655360,le1024,70,101235,3,640|128|256,1|5|3,yes,4.018211365,4.018211365,0.000e0,0.000e0,1.380537868,1.380537868,0.000e0,0.000e0,4.018211365,4.018211365,0.000e0,4.190591812,4.290e-2,NaN,NaN,NaN,NaN
size_ladder,screen-imz,screen-8109_web-screenshots_datagov-catalog_dpr1_page2_1440x900.sdr.png,1024,640,0.655360,le1024,50,79929,3,640|128|256,1|5|3,yes,4.772845745,4.772845745,0.000e0,0.000e0,1.839887500,1.839887500,0.000e0,0.000e0,4.772845745,4.772845745,0.000e0,4.894689560,2.553e-2,NaN,NaN,NaN,NaN
size_ladder,screen-imz,screen-8109_web-screenshots_datagov-catalog_dpr1_page2_1440x900.sdr.png,1024,640,0.655360,le1024,30,63083,3,640|128|256,1|5|3,yes,6.318829060,6.318829060,0.000e0,0.000e0,2.338941813,2.338942289,4.768e-7,2.039e-7,6.318829060,6.318829060,0.000e0,6.211699963,1.695e-2,NaN,NaN,NaN,NaN
size_ladder,screen-imz,screen-8109_web-screenshots_datagov-catalog_dpr1_page2_1440x900.sdr.png,1024,640,0.655360,le1024,15,45555,3,640|128|256,1|5|3,yes,8.778424263,8.778424263,0.000e0,0.000e0,3.216009140,3.216008902,2.384e-7,7.413e-8,8.778424263,8.778424263,0.000e0,8.456233025,3.670e-2,NaN,NaN,NaN,NaN
tall_native,screen-web,amazon.com.png,1313,6097,8.005361,native,95,2238264,4,6096|128|256|512,2|48|24|12,yes,1.444639802,1.444639802,0.000e0,0.000e0,0.500015318,0.500015318,0.000e0,0.000e0,1.444639802,1.444639802,0.000e0,1.583459377,9.609e-2,NaN,NaN,NaN,NaN
tall_native,screen-web,amazon.com.png,1313,6097,8.005361,native,85,1391069,4,6096|128|256|512,2|48|24|12,yes,3.435150623,3.435150623,0.000e0,0.000e0,0.864091873,0.864091992,1.192e-7,1.380e-7,3.435150623,3.435150623,0.000e0,3.835463285,1.165e-1,NaN,NaN,NaN,NaN
tall_native,screen-web,amazon.com.png,1313,6097,8.005361,native,70,1016077,4,6096|128|256|512,2|48|24|12,yes,5.039799690,5.039799690,0.000e0,0.000e0,1.360195756,1.360195994,2.384e-7,1.753e-7,5.039799690,5.039799690,0.000e0,5.513723850,9.404e-2,NaN,NaN,NaN,NaN
tall_native,screen-web,amazon.com.png,1313,6097,8.005361,native,50,806537,4,6096|128|256|512,2|48|24|12,yes,7.498093605,7.498093605,0.000e0,0.000e0,2.064622641,2.064622879,2.384e-7,1.155e-7,7.498093605,7.498093605,0.000e0,8.265983582,1.024e-1,NaN,NaN,NaN,NaN
tall_native,screen-web,amazon.com.png,1313,6097,8.005361,native,30,636706,4,6096|128|256|512,2|48|24|12,yes,8.279153824,8.279153824,0.000e0,0.000e0,2.327205896,2.327206135,2.384e-7,1.024e-7,8.279153824,8.279153824,0.000e0,8.762726784,5.841e-2,NaN,NaN,NaN,NaN
tall_native,screen-web,amazon.com.png,1313,6097,8.005361,native,15,472213,4,6096|128|256|512,2|48|24|12,yes,10.357965469,10.357965469,0.000e0,0.000e0,3.382522106,3.382523298,1.192e-6,3.524e-7,10.357965469,10.357965469,0.000e0,9.976735115,3.681e-2,NaN,NaN,NaN,NaN
tall_native,screen-web,imdb.com.png,1313,6441,8.457033,native,95,1466868,4,6440|128|256|512,2|51|26|13,yes,1.503082752,1.503082752,0.000e0,0.000e0,0.338910192,0.338910162,2.980e-8,8.794e-8,1.503082752,1.503082752,0.000e0,1.717162132,1.424e-1,NaN,NaN,NaN,NaN
tall_native,screen-web,imdb.com.png,1313,6441,8.457033,native,85,971022,4,6440|128|256|512,2|51|26|13,yes,3.009851694,3.009851694,0.000e0,0.000e0,0.712048829,0.712048888,5.960e-8,8.371e-8,3.009851694,3.009851694,0.000e0,3.342795849,1.106e-1,NaN,NaN,NaN,NaN
tall_native,screen-web,imdb.com.png,1313,6441,8.457033,native,70,747187,4,6440|128|256|512,2|51|26|13,yes,4.088034153,4.088034153,0.000e0,0.000e0,1.041634679,1.041634917,2.384e-7,2.289e-7,4.088034153,4.088034153,0.000e0,4.559202194,1.153e-1,NaN,NaN,NaN,NaN
tall_native,screen-web,imdb.com.png,1313,6441,8.457033,native,50,614232,4,6440|128|256|512,2|51|26|13,yes,5.996270180,5.996270180,0.000e0,0.000e0,1.358992338,1.358992338,0.000e0,0.000e0,5.996270180,5.996270180,0.000e0,6.589025021,9.885e-2,NaN,NaN,NaN,NaN
tall_native,screen-web,imdb.com.png,1313,6441,8.457033,native,30,507395,4,6440|128|256|512,2|51|26|13,yes,6.690024376,6.690024376,0.000e0,0.000e0,2.007292747,2.007292747,0.000e0,0.000e0,6.690024376,6.690024376,0.000e0,7.292353153,9.003e-2,NaN,NaN,NaN,NaN
tall_native,screen-web,imdb.com.png,1313,6441,8.457033,native,15,401484,4,6440|128|256|512,2|51|26|13,yes,9.513756752,9.513756752,0.000e0,0.000e0,2.578602314,2.578603983,1.669e-6,6.472e-7,9.513756752,9.513756752,0.000e0,9.170545578,3.608e-2,NaN,NaN,NaN,NaN
tall_native,screen-web,reddit.com.png,1313,8008,10.514504,native,95,1419025,4,8008|128|256|512,1|63|32|16,yes,1.457856178,1.457856178,0.000e0,0.000e0,0.543599367,0.543599486,1.192e-7,2.193e-7,1.457856178,1.457856178,0.000e0,1.515521646,3.955e-2,NaN,NaN,NaN,NaN
tall_native,screen-web,reddit.com.png,1313,8008,10.514504,native,85,941066,4,8008|128|256|512,1|63|32|16,yes,3.296717167,3.296717167,0.000e0,0.000e0,0.776796520,0.776796639,1.192e-7,1.535e-7,3.296717167,3.296717167,0.000e0,3.558199644,7.932e-2,NaN,NaN,NaN,NaN
tall_native,screen-web,reddit.com.png,1313,8008,10.514504,native,70,735742,4,8008|128|256|512,1|63|32|16,yes,4.280089855,4.280089855,0.000e0,0.000e0,1.334281206,1.334281325,1.192e-7,8.934e-8,4.280089855,4.280089855,0.000e0,4.529185295,5.820e-2,NaN,NaN,NaN,NaN
tall_native,screen-web,reddit.com.png,1313,8008,10.514504,native,50,619391,4,8008|128|256|512,1|63|32|16,yes,5.811663628,5.811663628,0.000e0,0.000e0,1.676365376,1.676365614,2.384e-7,1.422e-7,5.811663628,5.811663628,0.000e0,5.884410381,1.252e-2,NaN,NaN,NaN,NaN
tall_native,screen-web,reddit.com.png,1313,8008,10.514504,native,30,522004,4,8008|128|256|512,1|63|32|16,yes,8.005705833,8.005705833,0.000e0,0.000e0,2.082818747,2.082818985,2.384e-7,1.145e-7,8.005705833,8.005705833,0.000e0,7.004621983,1.250e-1,NaN,NaN,NaN,NaN
tall_native,screen-web,reddit.com.png,1313,8008,10.514504,native,15,427058,4,8008|128|256|512,1|63|32|16,yes,10.316296577,10.316296577,0.000e0,0.000e0,4.928485870,4.928488731,2.861e-6,5.805e-7,10.316296577,10.316296577,0.000e0,10.107021332,2.029e-2,NaN,NaN,NaN,NaN
tall_native,screen-web,stripe.com.png,1313,6603,8.669739,native,95,1347396,4,6602|128|256|512,2|52|26|13,yes,1.581524611,1.581524611,0.000e0,0.000e0,0.631770968,0.631771028,5.960e-8,9.435e-8,1.581524611,1.581524611,0.000e0,1.757348061,1.112e-1,NaN,NaN,NaN,NaN
tall_native,screen-web,stripe.com.png,1313,6603,8.669739,native,85,866080,4,6602|128|256|512,2|52|26|13,yes,3.248109579,3.248109579,0.000e0,0.000e0,0.877077878,0.877077937,5.960e-8,6.796e-8,3.248109579,3.248109579,0.000e0,3.455919981,6.398e-2,NaN,NaN,NaN,NaN
tall_native,screen-web,stripe.com.png,1313,6603,8.669739,native,70,663460,4,6602|128|256|512,2|52|26|13,yes,4.688564777,4.688564777,0.000e0,0.000e0,1.714702129,1.714701772,3.576e-7,2.086e-7,4.688564777,4.688564777,0.000e0,5.127718449,9.366e-2,NaN,NaN,NaN,NaN
tall_native,screen-web,stripe.com.png,1313,6603,8.669739,native,50,548570,4,6602|128|256|512,2|52|26|13,yes,7.640787601,7.640787601,0.000e0,0.000e0,1.779672980,1.779672980,0.000e0,0.000e0,7.640787601,7.640787601,0.000e0,7.544761658,1.257e-2,NaN,NaN,NaN,NaN
tall_native,screen-web,stripe.com.png,1313,6603,8.669739,native,30,458690,4,6602|128|256|512,2|52|26|13,yes,9.245138168,9.245138168,0.000e0,0.000e0,2.677160025,2.677160263,2.384e-7,8.906e-8,9.245138168,9.245138168,0.000e0,8.450519562,8.595e-2,NaN,NaN,NaN,NaN
tall_native,screen-web,stripe.com.png,1313,6603,8.669739,native,15,372033,4,6602|128|256|512,2|52|26|13,yes,10.631561279,10.631561279,0.000e0,0.000e0,3.741235971,3.741237164,1.192e-6,3.186e-7,10.631561279,10.631561279,0.000e0,9.077514648,1.462e-1,NaN,NaN,NaN,NaN
tall_native,screen-web,sublime.png,1008,9513,9.589104,native,95,2008804,4,9512|128|256|512,2|75|38|19,yes,1.288526058,1.288526058,0.000e0,0.000e0,0.358451962,0.358451873,8.941e-8,2.494e-7,1.288526058,1.288526058,0.000e0,1.456094861,1.300e-1,NaN,NaN,NaN,NaN
tall_native,screen-web,sublime.png,1008,9513,9.589104,native,85,1272159,4,9512|128|256|512,2|75|38|19,yes,3.094589949,3.094589949,0.000e0,0.000e0,0.819330931,0.819331706,7.749e-7,9.457e-7,3.094589949,3.094589949,0.000e0,3.504074574,1.323e-1,NaN,NaN,NaN,NaN
tall_native,screen-web,sublime.png,1008,9513,9.589104,native,70,945111,4,9512|128|256|512,2|75|38|19,yes,4.652871132,4.652871132,0.000e0,0.000e0,1.286403894,1.286403179,7.153e-7,5.560e-7,4.652871132,4.652871132,0.000e0,4.998884201,7.437e-2,NaN,NaN,NaN,NaN
tall_native,screen-web,sublime.png,1008,9513,9.589104,native,50,759832,4,9512|128|256|512,2|75|38|19,yes,6.341565132,6.341565132,0.000e0,0.000e0,1.752914429,1.752913475,9.537e-7,5.441e-7,6.341565132,6.341565132,0.000e0,6.410116673,1.081e-2,NaN,NaN,NaN,NaN
tall_native,screen-web,sublime.png,1008,9513,9.589104,native,30,615852,4,9512|128|256|512,2|75|38|19,yes,8.186635017,8.186635017,0.000e0,0.000e0,2.200920582,2.200919867,7.153e-7,3.250e-7,8.186635017,8.186635017,0.000e0,8.517275810,4.039e-2,NaN,NaN,NaN,NaN
tall_native,screen-web,sublime.png,1008,9513,9.589104,native,15,476924,4,9512|128|256|512,2|75|38|19,yes,10.912267685,10.912267685,0.000e0,0.000e0,2.939472914,2.939470768,2.146e-6,7.300e-7,10.912267685,10.912267685,0.000e0,11.110917091,1.820e-2,NaN,NaN,NaN,NaN
cpu_context,photo-cid22,1001682.png,512,512,0.262144,native,95,149522,2,512|256,1|2,yes,1.058098078,1.058098078,0.000e0,0.000e0,0.420297593,0.420297623,2.980e-8,7.091e-8,1.058098078,1.058098078,0.000e0,1.142634988,7.990e-2,1.057881117,1.057881117,0.000e0,2.051e-4
cpu_context,photo-cid22,1001682.png,512,512,0.262144,native,85,77253,2,512|256,1|2,yes,2.359960318,2.359960318,0.000e0,0.000e0,0.827826738,0.827826858,1.192e-7,1.440e-7,2.359960318,2.359960318,0.000e0,2.529570103,7.187e-2,2.359414816,2.359414816,0.000e0,2.312e-4
cpu_context,photo-cid22,1001682.png,512,512,0.262144,native,70,51451,2,512|256,1|2,yes,2.887070417,2.887070417,0.000e0,0.000e0,1.184461951,1.184462190,2.384e-7,2.013e-7,2.887070417,2.887070417,0.000e0,3.002053976,3.983e-2,2.886459827,2.886459827,0.000e0,2.115e-4
cpu_context,photo-cid22,1001682.png,512,512,0.262144,native,50,37791,2,512|256,1|2,yes,3.294322968,3.294322968,0.000e0,0.000e0,1.507202744,1.507202744,0.000e0,0.000e0,3.294322968,3.294322968,0.000e0,3.295409679,3.299e-4,3.293666124,3.293666124,0.000e0,1.994e-4
cpu_context,photo-cid22,1001682.png,512,512,0.262144,native,30,27777,2,512|256,1|2,yes,4.026034832,4.026034832,0.000e0,0.000e0,1.946640968,1.946640849,1.192e-7,6.124e-8,4.026034832,4.026034832,0.000e0,3.956117153,1.737e-2,4.025275230,4.025275230,0.000e0,1.887e-4
cpu_context,photo-cid22,1001682.png,512,512,0.262144,native,15,18738,2,512|256,1|2,yes,6.068467617,6.068467617,0.000e0,0.000e0,3.005989790,3.005990028,2.384e-7,7.931e-8,6.068467617,6.068467617,0.000e0,5.302169800,1.263e-1,6.067255974,6.067255974,0.000e0,1.997e-4
cpu_context,photo-cid22,1147124.png,512,512,0.262144,native,95,183639,2,512|256,1|2,yes,1.303071141,1.303071141,0.000e0,0.000e0,0.483362138,0.483362108,2.980e-8,6.166e-8,1.303071141,1.303071141,0.000e0,1.435402513,1.016e-1,1.302802086,1.302802086,0.000e0,2.065e-4
cpu_context,photo-cid22,1147124.png,512,512,0.262144,native,85,97416,2,512|256,1|2,yes,2.298182726,2.298182726,0.000e0,0.000e0,0.865896821,0.865896881,5.960e-8,6.884e-8,2.298182726,2.298182726,0.000e0,2.516397953,9.495e-2,2.301711798,2.301711798,0.000e0,1.533e-3
cpu_context,photo-cid22,1147124.png,512,512,0.262144,native,70,64646,2,512|256,1|2,yes,3.317672729,3.317672729,0.000e0,0.000e0,1.209149241,1.209149241,0.000e0,0.000e0,3.317672729,3.317672729,0.000e0,3.656989336,1.023e-1,3.317003012,3.317003012,0.000e0,2.019e-4
cpu_context,photo-cid22,1147124.png,512,512,0.262144,native,50,47356,2,512|256,1|2,yes,3.744342327,3.744342327,0.000e0,0.000e0,1.544480324,1.544480205,1.192e-7,7.718e-8,3.744342327,3.744342327,0.000e0,4.042601585,7.966e-2,3.743582726,3.743582726,0.000e0,2.029e-4
cpu_context,photo-cid22,1147124.png,512,512,0.262144,native,30,34281,2,512|256,1|2,yes,4.501750946,4.501750946,0.000e0,0.000e0,2.000703335,2.000703335,0.000e0,0.000e0,4.501750946,4.501750946,0.000e0,4.643529892,3.149e-2,4.500808716,4.500808716,0.000e0,2.093e-4
cpu_context,photo-cid22,1147124.png,512,512,0.262144,native,15,22140,2,512|256,1|2,yes,6.380695820,6.380695820,0.000e0,0.000e0,3.116868258,3.116868496,2.384e-7,7.649e-8,6.380695820,6.380695820,0.000e0,6.200432777,2.825e-2,6.379362583,6.379362583,0.000e0,2.090e-4
cpu_context,photo-cid22,1424246.png,512,512,0.262144,native,95,154128,2,512|256,1|2,yes,1.380695939,1.380695939,0.000e0,0.000e0,0.533699691,0.533699751,5.960e-8,1.117e-7,1.380695939,1.380695939,0.000e0,1.526957750,1.059e-1,1.380414009,1.380414009,0.000e0,2.042e-4
cpu_context,photo-cid22,1424246.png,512,512,0.262144,native,85,76549,2,512|256,1|2,yes,2.275856256,2.275856256,0.000e0,0.000e0,0.935703576,0.935703635,5.960e-8,6.370e-8,2.275856256,2.275856256,0.000e0,2.374885798,4.351e-2,2.275403738,2.275403738,0.000e0,1.989e-4
cpu_context,photo-cid22,1424246.png,512,512,0.262144,native,70,49276,2,512|256,1|2,yes,3.051155329,3.051155329,0.000e0,0.000e0,1.279540658,1.279540658,0.000e0,0.000e0,3.051155329,3.051155329,0.000e0,3.267826080,7.101e-2,3.050539970,3.050539970,0.000e0,2.017e-4
cpu_context,photo-cid22,1424246.png,512,512,0.262144,native,50,35549,2,512|256,1|2,yes,3.811943293,3.811943293,0.000e0,0.000e0,1.600162148,1.600162029,1.192e-7,7.450e-8,3.811943293,3.811943293,0.000e0,3.782849789,7.632e-3,3.811179161,3.811179161,0.000e0,2.005e-4
cpu_context,photo-cid22,1424246.png,512,512,0.262144,native,30,25188,2,512|256,1|2,yes,4.764281273,4.764281273,0.000e0,0.000e0,2.073122740,2.073122501,2.384e-7,1.150e-7,4.764281273,4.764281273,0.000e0,4.466158867,6.257e-2,4.763319969,4.763319969,0.000e0,2.018e-4
cpu_context,photo-cid22,1424246.png,512,512,0.262144,native,15,16107,2,512|256,1|2,yes,6.765364647,6.765364647,0.000e0,0.000e0,3.213502645,3.213502645,0.000e0,0.000e0,6.765364647,6.765364647,0.000e0,6.368604660,5.865e-2,6.764000893,6.764000893,0.000e0,2.016e-4
cpu_context,photo-cid22,1536017106.png,512,512,0.262144,native,95,93363,2,512|256,1|2,yes,1.225988507,1.225988507,0.000e0,0.000e0,0.411171198,0.411171198,0.000e0,0.000e0,1.225988507,1.225988507,0.000e0,1.342349172,9.491e-2,1.225733876,1.225733876,0.000e0,2.077e-4
cpu_context,photo-cid22,1536017106.png,512,512,0.262144,native,85,55897,2,512|256,1|2,yes,2.460956335,2.460956335,0.000e0,0.000e0,0.887754917,0.887754798,1.192e-7,1.343e-7,2.460956335,2.460956335,0.000e0,2.653810501,7.837e-2,2.460459471,2.460459471,0.000e0,2.019e-4
cpu_context,photo-cid22,1536017106.png,512,512,0.262144,native,70,39447,2,512|256,1|2,yes,3.870910883,3.870910883,0.000e0,0.000e0,1.339786410,1.339786410,0.000e0,0.000e0,3.870910883,3.870910883,0.000e0,4.047767639,4.569e-2,3.870135307,3.870135307,0.000e0,2.004e-4
cpu_context,photo-cid22,1536017106.png,512,512,0.262144,native,50,30542,2,512|256,1|2,yes,4.143736839,4.143736839,0.000e0,0.000e0,1.738858104,1.738857746,3.576e-7,2.057e-7,4.143736839,4.143736839,0.000e0,4.264423370,2.913e-2,4.142877102,4.142877102,0.000e0,2.075e-4
cpu_context,photo-cid22,1536017106.png,512,512,0.262144,native,30,23789,2,512|256,1|2,yes,7.026559830,7.026559830,0.000e0,0.000e0,2.293868303,2.293868303,0.000e0,0.000e0,7.026559830,7.026559830,0.000e0,7.258853436,3.306e-2,7.025134087,7.025134087,0.000e0,2.029e-4
cpu_context,photo-cid22,1536017106.png,512,512,0.262144,native,15,17148,2,512|256,1|2,yes,8.081587791,8.081587791,0.000e0,0.000e0,3.072089672,3.072090149,4.768e-7,1.552e-7,8.081587791,8.081587791,0.000e0,7.642036438,5.439e-2,8.079961777,8.079961777,0.000e0,2.012e-4
cpu_context,photo-cid22,1624307.png,512,512,0.262144,native,95,205021,2,512|256,1|2,yes,1.255991936,1.255991936,0.000e0,0.000e0,0.476452678,0.476452649,2.980e-8,6.255e-8,1.255991936,1.255991936,0.000e0,1.355649710,7.935e-2,1.255794406,1.255794406,0.000e0,1.573e-4
cpu_context,photo-cid22,1624307.png,512,512,0.262144,native,85,107331,2,512|256,1|2,yes,2.687965870,2.687965870,0.000e0,0.000e0,0.932611406,0.932611346,5.960e-8,6.391e-8,2.687965870,2.687965870,0.000e0,2.977890730,1.079e-1,2.687469482,2.687469482,0.000e0,1.847e-4
cpu_context,photo-cid22,1624307.png,512,512,0.262144,native,70,70684,2,512|256,1|2,yes,3.093021870,3.093021870,0.000e0,0.000e0,1.307041764,1.307041764,0.000e0,0.000e0,3.093021870,3.093021870,0.000e0,3.246407509,4.959e-2,3.092394590,3.092394590,0.000e0,2.028e-4
cpu_context,photo-cid22,1624307.png,512,512,0.262144,native,50,51178,2,512|256,1|2,yes,4.255013466,4.255013466,0.000e0,0.000e0,1.659217358,1.659217596,2.384e-7,1.437e-7,4.255013466,4.255013466,0.000e0,4.273406029,4.323e-3,4.254154205,4.254154205,0.000e0,2.020e-4
cpu_context,photo-cid22,1624307.png,512,512,0.262144,native,30,36641,2,512|256,1|2,yes,4.672574997,4.672574997,0.000e0,0.000e0,2.066309690,2.066309690,0.000e0,0.000e0,4.672574997,4.672574997,0.000e0,4.956323147,6.073e-2,4.671627998,4.671627998,0.000e0,2.027e-4
cpu_context,photo-cid22,1624307.png,512,512,0.262144,native,15,23117,2,512|256,1|2,yes,6.130270004,6.130270004,0.000e0,0.000e0,3.011152029,3.011151791,2.384e-7,7.918e-8,6.130270004,6.130270004,0.000e0,6.097594738,5.330e-3,6.129222393,6.129222393,0.000e0,1.709e-4
cpu_context,photo-cid22,1938351.png,512,512,0.262144,native,95,95217,2,512|256,1|2,yes,1.285792708,1.285792708,0.000e0,0.000e0,0.621298850,0.621298850,0.000e0,0.000e0,1.285792708,1.285792708,0.000e0,1.310387135,1.913e-2,1.285535216,1.285535216,0.000e0,2.003e-4
cpu_context,photo-cid22,1938351.png,512,512,0.262144,native,85,44447,2,512|256,1|2,yes,2.267295361,2.267295361,0.000e0,0.000e0,0.940546513,0.940546572,5.960e-8,6.337e-8,2.267295361,2.267295361,0.000e0,2.378205538,4.892e-2,2.266834736,2.266834736,0.000e0,2.032e-4
cpu_context,photo-cid22,1938351.png,512,512,0.262144,native,70,27591,2,512|256,1|2,yes,3.065659285,3.065659285,0.000e0,0.000e0,1.233509064,1.233508825,2.384e-7,1.933e-7,3.065659285,3.065659285,0.000e0,2.931430340,4.378e-2,3.065045595,3.065045595,0.000e0,2.002e-4
cpu_context,photo-cid22,1938351.png,512,512,0.262144,native,50,20018,2,512|256,1|2,yes,3.556245565,3.556245565,0.000e0,0.000e0,1.535847902,1.535848141,2.384e-7,1.552e-7,3.556245565,3.556245565,0.000e0,3.538582325,4.967e-3,3.555532217,3.555532217,0.000e0,2.006e-4
cpu_context,photo-cid22,1938351.png,512,512,0.262144,native,30,15002,2,512|256,1|2,yes,4.318994045,4.318994045,0.000e0,0.000e0,1.998973012,1.998973250,2.384e-7,1.193e-7,4.318994045,4.318994045,0.000e0,4.090367794,5.294e-2,4.318120003,4.318120003,0.000e0,2.024e-4
cpu_context,photo-cid22,1938351.png,512,512,0.262144,native,15,11071,2,512|256,1|2,yes,7.865734577,7.865734577,0.000e0,0.000e0,3.177943230,3.177943468,2.384e-7,7.502e-8,7.865734577,7.865734577,0.000e0,7.264802933,7.640e-2,7.864171982,7.864171982,0.000e0,1.987e-4
cpu_context,photo-cid22,2123337.png,512,512,0.262144,native,95,155282,2,512|256,1|2,yes,1.062469959,1.062469959,0.000e0,0.000e0,0.465130985,0.465131044,5.960e-8,1.281e-7,1.062469959,1.062469959,0.000e0,1.139164805,7.219e-2,1.062258005,1.062258005,0.000e0,1.995e-4
cpu_context,photo-cid22,2123337.png,512,512,0.262144,native,85,81717,2,512|256,1|2,yes,2.006804943,2.006804943,0.000e0,0.000e0,0.828391433,0.828391314,1.192e-7,1.439e-7,2.006804943,2.006804943,0.000e0,2.148935080,7.082e-2,2.006399155,2.006399155,0.000e0,2.022e-4
cpu_context,photo-cid22,2123337.png,512,512,0.262144,native,70,54961,2,512|256,1|2,yes,3.098402023,3.098402023,0.000e0,0.000e0,1.149801493,1.149801373,1.192e-7,1.037e-7,3.098402023,3.098402023,0.000e0,3.420809984,1.041e-1,3.097779274,3.097779274,0.000e0,2.010e-4
cpu_context,photo-cid22,2123337.png,512,512,0.262144,native,50,40597,2,512|256,1|2,yes,3.176571608,3.176571608,0.000e0,0.000e0,1.462744713,1.462744594,1.192e-7,8.150e-8,3.176571608,3.176571608,0.000e0,3.258040190,2.565e-2,3.175930500,3.175930500,0.000e0,2.019e-4
cpu_context,photo-cid22,2123337.png,512,512,0.262144,native,30,29692,2,512|256,1|2,yes,4.127642155,4.127642155,0.000e0,0.000e0,1.869062304,1.869062424,1.192e-7,6.378e-8,4.127642155,4.127642155,0.000e0,4.013018131,2.777e-2,4.126811504,4.126811504,0.000e0,2.013e-4
cpu_context,photo-cid22,2123337.png,512,512,0.262144,native,15,19782,2,512|256,1|2,yes,5.795892239,5.795892239,0.000e0,0.000e0,2.721840382,2.721840858,4.768e-7,1.752e-7,5.795892239,5.795892239,0.000e0,5.687430859,1.871e-2,5.794735909,5.794735909,0.000e0,1.995e-4
cpu_context,photo-cid22,2291004.png,512,512,0.262144,native,95,180648,2,512|256,1|2,yes,1.236383438,1.236383438,0.000e0,0.000e0,0.524195969,0.524195969,0.000e0,0.000e0,1.236383438,1.236383438,0.000e0,1.340659738,8.434e-2,1.236133218,1.236133218,0.000e0,2.024e-4
cpu_context,photo-cid22,2291004.png,512,512,0.262144,native,85,93305,2,512|256,1|2,yes,2.616762161,2.616762161,0.000e0,0.000e0,0.969394088,0.969394028,5.960e-8,6.149e-8,2.616762161,2.616762161,0.000e0,2.821458578,7.823e-2,2.616253853,2.616253853,0.000e0,1.943e-4
cpu_context,photo-cid22,2291004.png,512,512,0.262144,native,70,60241,2,512|256,1|2,yes,3.396508217,3.396508217,0.000e0,0.000e0,1.352938414,1.352938294,1.192e-7,8.811e-8,3.396508217,3.396508217,0.000e0,3.543038845,4.314e-2,3.395475864,3.395475864,0.000e0,3.040e-4
cpu_context,photo-cid22,2291004.png,512,512,0.262144,native,50,42644,2,512|256,1|2,yes,3.691092253,3.691092253,0.000e0,0.000e0,1.706921339,1.706921220,1.192e-7,6.984e-8,3.691092253,3.691092253,0.000e0,3.889890432,5.386e-2,3.690344334,3.690344334,0.000e0,2.027e-4
cpu_context,photo-cid22,2291004.png,512,512,0.262144,native,30,29615,2,512|256,1|2,yes,4.359688759,4.359688759,0.000e0,0.000e0,2.193544865,2.193545103,2.384e-7,1.087e-7,4.359688759,4.359688759,0.000e0,4.211861610,3.391e-2,4.377187729,4.377187729,0.000e0,3.998e-3
cpu_context,photo-cid22,2291004.png,512,512,0.262144,native,15,18629,2,512|256,1|2,yes,7.131929874,7.131929874,0.000e0,0.000e0,3.235967398,3.235967398,0.000e0,0.000e0,7.131929874,7.131929874,0.000e0,6.477290154,9.179e-2,7.130488873,7.130488873,0.000e0,2.021e-4
cpu_context,photo-cid22,2600340.png,512,512,0.262144,native,95,133529,2,512|256,1|2,yes,1.159871221,1.159871221,0.000e0,0.000e0,0.450772136,0.450772226,8.941e-8,1.983e-7,1.159871221,1.159871221,0.000e0,1.307146907,1.270e-1,1.159505486,1.159505486,0.000e0,3.154e-4
cpu_context,photo-cid22,2600340.png,512,512,0.262144,native,85,69890,2,512|256,1|2,yes,2.241715908,2.241715908,0.000e0,0.000e0,0.849803567,0.849803507,5.960e-8,7.014e-8,2.241715908,2.241715908,0.000e0,2.469409466,1.016e-1,2.241266251,2.241266251,0.000e0,2.006e-4
cpu_context,photo-cid22,2600340.png,512,512,0.262144,native,70,45496,2,512|256,1|2,yes,3.252219439,3.252219439,0.000e0,0.000e0,1.201683164,1.201683283,1.192e-7,9.920e-8,3.252219439,3.252219439,0.000e0,3.552214384,9.224e-2,3.251572371,3.251572371,0.000e0,1.990e-4
cpu_context,photo-cid22,2600340.png,512,512,0.262144,native,50,33171,2,512|256,1|2,yes,3.584299088,3.584299088,0.000e0,0.000e0,1.541113853,1.541113734,1.192e-7,7.735e-8,3.584299088,3.584299088,0.000e0,3.605124950,5.810e-3,3.581600428,3.581600428,0.000e0,7.535e-4
cpu_context,photo-cid22,2600340.png,512,512,0.262144,native,30,24274,2,512|256,1|2,yes,4.503748417,4.503748417,0.000e0,0.000e0,1.989320040,1.989320159,1.192e-7,5.992e-8,4.503748417,4.503748417,0.000e0,4.680996418,3.936e-2,4.502844334,4.502844334,0.000e0,2.008e-4
cpu_context,photo-cid22,2600340.png,512,512,0.262144,native,15,16134,2,512|256,1|2,yes,5.931711674,5.931711674,0.000e0,0.000e0,3.022057056,3.022056818,2.384e-7,7.889e-8,5.931711674,5.931711674,0.000e0,5.840173244,1.543e-2,5.930534840,5.930534840,0.000e0,1.984e-4
cpu_context,photo-cid22,2866385.png,512,512,0.262144,native,95,121765,2,512|256,1|2,yes,1.184635282,1.184635282,0.000e0,0.000e0,0.500632763,0.500632763,0.000e0,0.000e0,1.184635282,1.184635282,0.000e0,1.295925498,9.394e-2,1.184387445,1.184387445,0.000e0,2.093e-4
cpu_context,photo-cid22,2866385.png,512,512,0.262144,native,85,62592,2,512|256,1|2,yes,2.062963486,2.062963486,0.000e0,0.000e0,0.829235733,0.829235852,1.192e-7,1.438e-7,2.062963486,2.062963486,0.000e0,2.274081945,1.023e-1,2.062549353,2.062549353,0.000e0,2.008e-4
cpu_context,photo-cid22,2866385.png,512,512,0.262144,native,70,41728,2,512|256,1|2,yes,3.036829710,3.036829710,0.000e0,0.000e0,1.212739944,1.212739944,0.000e0,0.000e0,3.036829710,3.036829710,0.000e0,3.203361511,5.484e-2,3.036211729,3.036211729,0.000e0,2.035e-4
cpu_context,photo-cid22,2866385.png,512,512,0.262144,native,50,30653,2,512|256,1|2,yes,3.291664362,3.291664362,0.000e0,0.000e0,1.553646564,1.553646445,1.192e-7,7.673e-8,3.291664362,3.291664362,0.000e0,3.518140078,6.880e-2,3.291000366,3.291000366,0.000e0,2.018e-4
cpu_context,photo-cid22,2866385.png,512,512,0.262144,native,30,22778,2,512|256,1|2,yes,4.440659523,4.440659523,0.000e0,0.000e0,1.966120243,1.966120005,2.384e-7,1.213e-7,4.440659523,4.440659523,0.000e0,4.383913517,1.278e-2,4.439762115,4.439762115,0.000e0,2.021e-4
cpu_context,photo-cid22,2866385.png,512,512,0.262144,native,15,16160,2,512|256,1|2,yes,6.045034885,6.045034885,0.000e0,0.000e0,3.028301716,3.028302193,4.768e-7,1.575e-7,6.045034885,6.045034885,0.000e0,5.556393147,8.083e-2,6.044006824,6.044006824,0.000e0,1.701e-4
cpu_context,photo-cid22,3363331.png,512,512,0.262144,native,95,120054,2,512|256,1|2,yes,1.159230947,1.159230947,0.000e0,0.000e0,0.493025780,0.493025839,5.960e-8,1.209e-7,1.159230947,1.159230947,0.000e0,1.256204963,8.365e-2,1.158997536,1.158997536,0.000e0,2.014e-4
cpu_context,photo-cid22,3363331.png,512,512,0.262144,native,85,61935,2,512|256,1|2,yes,2.126830339,2.126830339,0.000e0,0.000e0,0.883497000,0.883497059,5.960e-8,6.746e-8,2.126830339,2.126830339,0.000e0,2.277266741,7.073e-2,2.126402617,2.126402617,0.000e0,2.011e-4
cpu_context,photo-cid22,3363331.png,512,512,0.262144,native,70,41510,2,512|256,1|2,yes,3.535148382,3.535148382,0.000e0,0.000e0,1.247812986,1.247812986,0.000e0,0.000e0,3.535148382,3.535148382,0.000e0,3.844489574,8.750e-2,3.534435511,3.534435511,0.000e0,2.017e-4
cpu_context,photo-cid22,3363331.png,512,512,0.262144,native,50,30648,2,512|256,1|2,yes,3.944346428,3.944346428,0.000e0,0.000e0,1.547731519,1.547731876,3.576e-7,2.311e-7,3.944346428,3.944346428,0.000e0,4.340063572,1.003e-1,3.943549871,3.943549871,0.000e0,2.020e-4
cpu_context,photo-cid22,3363331.png,512,512,0.262144,native,30,22789,2,512|256,1|2,yes,5.504828930,5.504828930,0.000e0,0.000e0,2.012569904,2.012570143,2.384e-7,1.185e-7,5.504828930,5.504828930,0.000e0,5.823813915,5.795e-2,5.503715992,5.503715992,0.000e0,2.022e-4
cpu_context,photo-cid22,3363331.png,512,512,0.262144,native,15,15576,2,512|256,1|2,yes,5.940567493,5.940567493,0.000e0,0.000e0,3.029098988,3.029098988,0.000e0,0.000e0,5.940567493,5.940567493,0.000e0,5.814956188,2.114e-2,5.939335823,5.939335823,0.000e0,2.074e-4
cpu_context,photo-cid22,3779187.png,512,512,0.262144,native,95,234194,2,512|256,1|2,yes,1.167975068,1.167975068,0.000e0,0.000e0,0.376132309,0.376132339,2.980e-8,7.923e-8,1.167975068,1.167975068,0.000e0,1.291055560,1.054e-1,1.167736888,1.167736888,0.000e0,2.040e-4
cpu_context,photo-cid22,3779187.png,512,512,0.262144,native,85,129843,2,512|256,1|2,yes,2.017042637,2.017042637,0.000e0,0.000e0,0.781441152,0.781441152,0.000e0,0.000e0,2.017042637,2.017042637,0.000e0,2.192876339,8.717e-2,2.016628027,2.016628027,0.000e0,2.056e-4
cpu_context,photo-cid22,3779187.png,512,512,0.262144,native,70,88246,2,512|256,1|2,yes,3.589054346,3.589054346,0.000e0,0.000e0,1.200235486,1.200235248,2.384e-7,1.986e-7,3.589054346,3.589054346,0.000e0,3.999797106,1.144e-1,3.588120699,3.588120699,0.000e0,2.602e-4
cpu_context,photo-cid22,3779187.png,512,512,0.262144,native,50,65340,2,512|256,1|2,yes,4.325431824,4.325431824,0.000e0,0.000e0,1.550652742,1.550652742,0.000e0,0.000e0,4.325431824,4.325431824,0.000e0,4.677969456,8.150e-2,4.324600697,4.324600697,0.000e0,1.922e-4
cpu_context,photo-cid22,3779187.png,512,512,0.262144,native,30,47645,2,512|256,1|2,yes,4.522095203,4.522095203,0.000e0,0.000e0,1.972549319,1.972549915,5.960e-7,3.022e-7,4.522095203,4.522095203,0.000e0,4.833570480,6.888e-2,4.521183491,4.521183491,0.000e0,2.017e-4
cpu_context,photo-cid22,3779187.png,512,512,0.262144,native,15,30840,2,512|256,1|2,yes,5.871943474,5.871943474,0.000e0,0.000e0,2.866621256,2.866620779,4.768e-7,1.663e-7,5.871943474,5.871943474,0.000e0,5.715011120,2.673e-2,5.871056557,5.871056557,0.000e0,1.511e-4
cpu_context,photo-cid22,4843579.png,512,512,0.262144,native,95,171728,2,512|256,1|2,yes,1.084581614,1.084581614,0.000e0,0.000e0,0.451946020,0.451945961,5.960e-8,1.319e-7,1.084581614,1.084581614,0.000e0,1.162613630,7.195e-2,1.084372282,1.084372282,0.000e0,1.930e-4
cpu_context,photo-cid22,4843579.png,512,512,0.262144,native,85,94561,2,512|256,1|2,yes,2.152148247,2.152148247,0.000e0,0.000e0,0.876833558,0.876833379,1.788e-7,2.039e-7,2.152148247,2.152148247,0.000e0,2.401247501,1.157e-1,2.151717186,2.151717186,0.000e0,2.003e-4
cpu_context,photo-cid22,4843579.png,512,512,0.262144,native,70,64034,2,512|256,1|2,yes,3.394503832,3.394503832,0.000e0,0.000e0,1.271008372,1.271008253,1.192e-7,9.379e-8,3.394503832,3.394503832,0.000e0,3.715061665,9.443e-2,3.393806458,3.393806458,0.000e0,2.055e-4
cpu_context,photo-cid22,4843579.png,512,512,0.262144,native,50,47481,2,512|256,1|2,yes,3.873544931,3.873544931,0.000e0,0.000e0,1.604658127,1.604658127,0.000e0,0.000e0,3.873544931,3.873544931,0.000e0,4.154587746,7.255e-2,3.871983051,3.871983051,0.000e0,4.034e-4
cpu_context,photo-cid22,4843579.png,512,512,0.262144,native,30,34948,2,512|256,1|2,yes,5.345587730,5.345587730,0.000e0,0.000e0,2.044815540,2.044815540,0.000e0,0.000e0,5.345587730,5.345587730,0.000e0,5.701754570,6.663e-2,5.344519138,5.344519138,0.000e0,1.999e-4
cpu_context,photo-cid22,4843579.png,512,512,0.262144,native,15,23200,2,512|256,1|2,yes,6.159173489,6.159173489,0.000e0,0.000e0,2.914171934,2.914172649,7.153e-7,2.454e-7,6.159173489,6.159173489,0.000e0,6.168812752,1.565e-3,6.157836914,6.157836914,0.000e0,2.171e-4
cpu_context,photo-cid22,5739122.png,512,512,0.262144,native,95,139166,2,512|256,1|2,yes,0.981833279,0.981833279,0.000e0,0.000e0,0.402856678,0.402856678,0.000e0,0.000e0,0.981833279,0.981833279,0.000e0,1.071231127,9.105e-2,0.981715918,0.981715918,0.000e0,1.195e-4
cpu_context,photo-cid22,5739122.png,512,512,0.262144,native,85,76980,2,512|256,1|2,yes,2.039573908,2.039573908,0.000e0,0.000e0,0.711530089,0.711530149,5.960e-8,8.377e-8,2.039573908,2.039573908,0.000e0,2.112309933,3.566e-2,2.039165974,2.039165974,0.000e0,2.000e-4
cpu_context,photo-cid22,5739122.png,512,512,0.262144,native,70,53170,2,512|256,1|2,yes,3.104168892,3.104168892,0.000e0,0.000e0,1.024266005,1.024266124,1.192e-7,1.164e-7,3.104168892,3.104168892,0.000e0,3.335397482,7.449e-2,3.103545904,3.103545904,0.000e0,2.007e-4
cpu_context,photo-cid22,5739122.png,512,512,0.262144,native,50,40017,2,512|256,1|2,yes,3.306781769,3.306781769,0.000e0,0.000e0,1.313926816,1.313926816,0.000e0,0.000e0,3.306781769,3.306781769,0.000e0,3.478654861,5.198e-2,3.306108236,3.306108236,0.000e0,2.037e-4
cpu_context,photo-cid22,5739122.png,512,512,0.262144,native,30,29962,2,512|256,1|2,yes,4.877883911,4.877883911,0.000e0,0.000e0,1.736477256,1.736477494,2.384e-7,1.373e-7,4.877883911,4.877883911,0.000e0,5.174521923,6.081e-2,4.876904488,4.876904488,0.000e0,2.008e-4
cpu_context,photo-cid22,5739122.png,512,512,0.262144,native,15,20880,2,512|256,1|2,yes,5.924601078,5.924601078,0.000e0,0.000e0,2.722828388,2.722828627,2.384e-7,8.756e-8,5.924601078,5.924601078,0.000e0,5.867407322,9.654e-3,5.923349857,5.923349857,0.000e0,2.112e-4
cpu_context,photo-cid22,6763758.png,512,512,0.262144,native,95,126482,2,512|256,1|2,yes,1.130384922,1.130384922,0.000e0,0.000e0,0.447816283,0.447816283,0.000e0,0.000e0,1.130384922,1.130384922,0.000e0,1.213205338,7.327e-2,1.130157232,1.130157232,0.000e0,2.015e-4
cpu_context,photo-cid22,6763758.png,512,512,0.262144,native,85,70702,2,512|256,1|2,yes,2.122504711,2.122504711,0.000e0,0.000e0,0.799757898,0.799757898,0.000e0,0.000e0,2.122504711,2.122504711,0.000e0,2.200693846,3.684e-2,2.122076988,2.122076988,0.000e0,2.016e-4
cpu_context,photo-cid22,6763758.png,512,512,0.262144,native,70,48667,2,512|256,1|2,yes,2.875530720,2.875530720,0.000e0,0.000e0,1.105912685,1.105912685,0.000e0,0.000e0,2.875530720,2.875530720,0.000e0,3.112410545,8.238e-2,2.874949455,2.874949455,0.000e0,2.022e-4
cpu_context,photo-cid22,6763758.png,512,512,0.262144,native,50,36513,2,512|256,1|2,yes,4.345838070,4.345838070,0.000e0,0.000e0,1.429183125,1.429183245,1.192e-7,8.341e-8,4.345838070,4.345838070,0.000e0,4.780082703,9.992e-2,4.344966412,4.344966412,0.000e0,2.006e-4
cpu_context,photo-cid22,6763758.png,512,512,0.262144,native,30,27165,2,512|256,1|2,yes,3.863415956,3.863415956,0.000e0,0.000e0,1.801884294,1.801884413,1.192e-7,6.616e-8,3.863415956,3.863415956,0.000e0,4.182746887,8.266e-2,3.862691879,3.862691879,0.000e0,1.875e-4
cpu_context,photo-cid22,6763758.png,512,512,0.262144,native,15,18570,2,512|256,1|2,yes,6.694718361,6.694718361,0.000e0,0.000e0,2.915900230,2.915900707,4.768e-7,1.635e-7,6.694718361,6.694718361,0.000e0,6.155019283,8.062e-2,6.692319393,6.692319393,0.000e0,3.585e-4
cpu_context,photo-cid22,7394483.png,512,512,0.262144,native,95,83122,2,512|256,1|2,yes,0.932582915,0.932582915,0.000e0,0.000e0,0.405759990,0.405760109,1.192e-7,2.938e-7,0.932582915,0.932582915,0.000e0,1.012344837,8.553e-2,0.932397842,0.932397842,0.000e0,1.985e-4
cpu_context,photo-cid22,7394483.png,512,512,0.262144,native,85,44861,2,512|256,1|2,yes,2.178937435,2.178937435,0.000e0,0.000e0,0.712655067,0.712655127,5.960e-8,8.364e-8,2.178937435,2.178937435,0.000e0,2.355827093,8.118e-2,2.178500652,2.178500652,0.000e0,2.005e-4
cpu_context,photo-cid22,7394483.png,512,512,0.262144,native,70,30990,2,512|256,1|2,yes,3.422350407,3.422350407,0.000e0,0.000e0,1.035593152,1.035593033,1.192e-7,1.151e-7,3.422350407,3.422350407,0.000e0,3.719515562,8.683e-2,3.421656132,3.421656132,0.000e0,2.029e-4
cpu_context,photo-cid22,7394483.png,512,512,0.262144,native,50,23545,2,512|256,1|2,yes,3.297561646,3.297561646,0.000e0,0.000e0,1.322754025,1.322754025,0.000e0,0.000e0,3.297561646,3.297561646,0.000e0,3.461430311,4.969e-2,3.296648979,3.296648979,0.000e0,2.768e-4
cpu_context,photo-cid22,7394483.png,512,512,0.262144,native,30,18143,2,512|256,1|2,yes,4.476250172,4.476250172,0.000e0,0.000e0,1.811897159,1.811897039,1.192e-7,6.579e-8,4.476250172,4.476250172,0.000e0,4.375428677,2.252e-2,4.475365639,4.475365639,0.000e0,1.976e-4
cpu_context,photo-cid22,7394483.png,512,512,0.262144,native,15,13381,2,512|256,1|2,yes,6.212633133,6.212633133,0.000e0,0.000e0,2.997462749,2.997462988,2.384e-7,7.954e-8,6.212633133,6.212633133,0.000e0,5.716598988,7.984e-2,6.208171368,6.208171368,0.000e0,7.187e-4
cpu_context,photo-cid22,EPICA Delta D Plot.png,512,512,0.262144,native,95,86519,2,512|256,1|2,yes,1.055276632,1.055276632,0.000e0,0.000e0,0.363392770,0.363392830,5.960e-8,1.640e-7,1.055276632,1.055276632,0.000e0,1.027211308,2.660e-2,1.055062056,1.055062056,0.000e0,2.034e-4
cpu_context,photo-cid22,EPICA Delta D Plot.png,512,512,0.262144,native,85,54638,2,512|256,1|2,yes,2.346258640,2.346258640,0.000e0,0.000e0,0.823568285,0.823568285,0.000e0,0.000e0,2.346258640,2.346258640,0.000e0,2.323616505,9.650e-3,2.345768690,2.345768690,0.000e0,2.089e-4
cpu_context,photo-cid22,EPICA Delta D Plot.png,512,512,0.262144,native,70,39974,2,512|256,1|2,yes,3.327574015,3.327574015,0.000e0,0.000e0,1.273612022,1.273612022,0.000e0,0.000e0,3.327574015,3.327574015,0.000e0,3.031530380,8.897e-2,3.326881647,3.326881647,0.000e0,2.081e-4
cpu_context,photo-cid22,EPICA Delta D Plot.png,512,512,0.262144,native,50,31794,2,512|256,1|2,yes,4.180881023,4.180881023,0.000e0,0.000e0,1.694332480,1.694332719,2.384e-7,1.407e-7,4.180881023,4.180881023,0.000e0,4.018242836,3.890e-2,4.180007458,4.180007458,0.000e0,2.090e-4
cpu_context,photo-cid22,EPICA Delta D Plot.png,512,512,0.262144,native,30,25159,2,512|256,1|2,yes,5.156168938,5.156168938,0.000e0,0.000e0,2.156103849,2.156104326,4.768e-7,2.212e-7,5.156168938,5.156168938,0.000e0,4.623109341,1.034e-1,5.155108452,5.155108452,0.000e0,2.057e-4
cpu_context,photo-cid22,EPICA Delta D Plot.png,512,512,0.262144,native,15,18092,2,512|256,1|2,yes,7.385946274,7.385946274,0.000e0,0.000e0,3.036095142,3.036094904,2.384e-7,7.853e-8,7.385946274,7.385946274,0.000e0,6.812639236,7.762e-2,7.384466171,7.384466171,0.000e0,2.004e-4
cpu_context,photo-cid22,pexels-photo-1130297.png,512,512,0.262144,native,95,155346,2,512|256,1|2,yes,1.178431392,1.178431392,0.000e0,0.000e0,0.422189832,0.422189832,0.000e0,0.000e0,1.178431392,1.178431392,0.000e0,1.322236896,1.220e-1,1.178193450,1.178193450,0.000e0,2.020e-4
cpu_context,photo-cid22,pexels-photo-1130297.png,512,512,0.262144,native,85,88806,2,512|256,1|2,yes,2.691990137,2.691990137,0.000e0,0.000e0,0.847804785,0.847805023,2.384e-7,2.812e-7,2.691990137,2.691990137,0.000e0,2.847880840,5.791e-2,2.691452026,2.691452026,0.000e0,1.999e-4
cpu_context,photo-cid22,pexels-photo-1130297.png,512,512,0.262144,native,70,61141,2,512|256,1|2,yes,3.872213125,3.872213125,0.000e0,0.000e0,1.296213508,1.296213627,1.192e-7,9.197e-8,3.872213125,3.872213125,0.000e0,4.272594929,1.034e-1,3.871434689,3.871434689,0.000e0,2.011e-4
cpu_context,photo-cid22,pexels-photo-1130297.png,512,512,0.262144,native,50,46038,2,512|256,1|2,yes,5.103204727,5.103204727,0.000e0,0.000e0,1.671207666,1.671207666,0.000e0,0.000e0,5.103204727,5.103204727,0.000e0,5.524004459,8.246e-2,5.102173328,5.102173328,0.000e0,2.021e-4
cpu_context,photo-cid22,pexels-photo-1130297.png,512,512,0.262144,native,30,34551,2,512|256,1|2,yes,6.283321381,6.283321381,0.000e0,0.000e0,2.180445194,2.180445194,0.000e0,0.000e0,6.283321381,6.283321381,0.000e0,6.816640854,8.488e-2,6.282039642,6.282039642,0.000e0,2.040e-4
cpu_context,photo-cid22,pexels-photo-1130297.png,512,512,0.262144,native,15,23528,2,512|256,1|2,yes,7.767428398,7.767428398,0.000e0,0.000e0,3.095505238,3.095504999,2.384e-7,7.702e-8,7.767428398,7.767428398,0.000e0,7.701780796,8.452e-3,7.765824318,7.765824318,0.000e0,2.066e-4
cpu_context,photo-cid22,pexels-photo-3193731.png,512,512,0.262144,native,95,127637,2,512|256,1|2,yes,1.201476574,1.201476574,0.000e0,0.000e0,0.465595961,0.465595931,2.980e-8,6.401e-8,1.201476574,1.201476574,0.000e0,1.261682034,5.011e-2,1.201229692,1.201229692,0.000e0,2.055e-4
cpu_context,photo-cid22,pexels-photo-3193731.png,512,512,0.262144,native,85,69889,2,512|256,1|2,yes,2.287935495,2.287935495,0.000e0,0.000e0,0.869119287,0.869119227,5.960e-8,6.858e-8,2.287935495,2.287935495,0.000e0,2.529128313,1.054e-1,2.287404537,2.287404537,0.000e0,2.321e-4
cpu_context,photo-cid22,pexels-photo-3193731.png,512,512,0.262144,native,70,46838,2,512|256,1|2,yes,3.064715147,3.064715147,0.000e0,0.000e0,1.220824361,1.220824361,0.000e0,0.000e0,3.064715147,3.064715147,0.000e0,3.213294744,4.848e-2,3.064147711,3.064147711,0.000e0,1.852e-4
cpu_context,photo-cid22,pexels-photo-3193731.png,512,512,0.262144,native,50,34783,2,512|256,1|2,yes,4.134740353,4.134740353,0.000e0,0.000e0,1.571360111,1.571360230,1.192e-7,7.586e-8,4.134740353,4.134740353,0.000e0,4.517990112,9.269e-2,4.133901119,4.133901119,0.000e0,2.030e-4
cpu_context,photo-cid22,pexels-photo-3193731.png,512,512,0.262144,native,30,25628,2,512|256,1|2,yes,6.005525589,6.005525589,0.000e0,0.000e0,2.067395926,2.067395926,0.000e0,0.000e0,6.005525589,6.005525589,0.000e0,6.034651756,4.850e-3,6.003402233,6.003402233,0.000e0,3.537e-4
cpu_context,photo-cid22,pexels-photo-3193731.png,512,512,0.262144,native,15,17404,2,512|256,1|2,yes,8.229201317,8.229201317,0.000e0,0.000e0,3.190491676,3.190491915,2.384e-7,7.473e-8,8.229201317,8.229201317,0.000e0,8.090970993,1.680e-2,8.227525711,8.227525711,0.000e0,2.037e-4
cpu_context,photo-cid22,pexels-photo-4405455.png,512,512,0.262144,native,95,164074,2,512|256,1|2,yes,1.161534905,1.161534905,0.000e0,0.000e0,0.542263150,0.542263210,5.960e-8,1.099e-7,1.161534905,1.161534905,0.000e0,1.153919220,6.557e-3,1.161005020,1.161005020,0.000e0,4.564e-4
cpu_context,photo-cid22,pexels-photo-4405455.png,512,512,0.262144,native,85,84340,2,512|256,1|2,yes,2.172296047,2.172296047,0.000e0,0.000e0,1.005871058,1.005871177,1.192e-7,1.185e-7,2.172296047,2.172296047,0.000e0,2.200336695,1.291e-2,2.172650576,2.172650576,0.000e0,1.632e-4
cpu_context,photo-cid22,pexels-photo-4405455.png,512,512,0.262144,native,70,54660,2,512|256,1|2,yes,3.087503195,3.087503195,0.000e0,0.000e0,1.357317686,1.357317567,1.192e-7,8.783e-8,3.087503195,3.087503195,0.000e0,3.359022379,8.794e-2,3.086872101,3.086872101,0.000e0,2.044e-4
cpu_context,photo-cid22,pexels-photo-4405455.png,512,512,0.262144,native,50,39269,2,512|256,1|2,yes,3.436666250,3.436666250,0.000e0,0.000e0,1.670381427,1.670381427,0.000e0,0.000e0,3.436666250,3.436666250,0.000e0,3.338791847,2.848e-2,3.435970306,3.435970306,0.000e0,2.025e-4
cpu_context,photo-cid22,pexels-photo-4405455.png,512,512,0.262144,native,30,27808,2,512|256,1|2,yes,4.557023048,4.557023048,0.000e0,0.000e0,2.096943617,2.096943617,0.000e0,0.000e0,4.557023048,4.557023048,0.000e0,4.140841007,9.133e-2,4.556118011,4.556118011,0.000e0,1.986e-4
cpu_context,photo-cid22,pexels-photo-4405455.png,512,512,0.262144,native,15,17759,2,512|256,1|2,yes,6.767419815,6.767419815,0.000e0,0.000e0,3.118372202,3.118371725,4.768e-7,1.529e-7,6.767419815,6.767419815,0.000e0,6.436273098,4.893e-2,6.766085625,6.766085625,0.000e0,1.972e-4
cpu_context,photo-cid22,pexels-photo-7263002.png,512,512,0.262144,native,95,160565,2,512|256,1|2,yes,1.025574088,1.025574088,0.000e0,0.000e0,0.421021312,0.421021283,2.980e-8,7.079e-8,1.025574088,1.025574088,0.000e0,1.084729075,5.768e-2,1.025367260,1.025367260,0.000e0,2.017e-4
cpu_context,photo-cid22,pexels-photo-7263002.png,512,512,0.262144,native,85,90223,2,512|256,1|2,yes,1.772708297,1.772708297,0.000e0,0.000e0,0.762631655,0.762631357,2.980e-7,3.908e-7,1.772708297,1.772708297,0.000e0,1.937649369,9.304e-2,1.772347093,1.772347093,0.000e0,2.038e-4
cpu_context,photo-cid22,pexels-photo-7263002.png,512,512,0.262144,native,70,62091,2,512|256,1|2,yes,2.587299347,2.587299347,0.000e0,0.000e0,1.069865108,1.069865227,1.192e-7,1.114e-7,2.587299347,2.587299347,0.000e0,2.611187696,9.233e-3,2.586778641,2.586778641,0.000e0,2.013e-4
cpu_context,photo-cid22,pexels-photo-7263002.png,512,512,0.262144,native,50,46630,2,512|256,1|2,yes,2.955963373,2.955963373,0.000e0,0.000e0,1.380257964,1.380257964,0.000e0,0.000e0,2.955963373,2.955963373,0.000e0,3.103131294,4.979e-2,2.955367327,2.955367327,0.000e0,2.017e-4
cpu_context,photo-cid22,pexels-photo-7263002.png,512,512,0.262144,native,30,34437,2,512|256,1|2,yes,3.955504179,3.955504179,0.000e0,0.000e0,1.840037942,1.840037942,0.000e0,0.000e0,3.955504179,3.955504179,0.000e0,4.031149387,1.912e-2,3.961275339,3.961275339,0.000e0,1.457e-3
cpu_context,photo-cid22,pexels-photo-7263002.png,512,512,0.262144,native,15,22700,2,512|256,1|2,yes,7.047889233,7.047889233,0.000e0,0.000e0,2.936334610,2.936334848,2.384e-7,8.120e-8,7.047889233,7.047889233,0.000e0,6.557004452,6.965e-2,7.046462059,7.046462059,0.000e0,2.025e-4
cpu_context,photo-clic,097cb426910ba8ce2525dd8bb7fb1777.png,1507,2048,3.086336,native,95,559893,2,2048|256,1|8,yes,1.267712474,1.267712474,0.000e0,0.000e0,0.447905838,0.447905809,2.980e-8,6.654e-8,1.267712474,1.267712474,0.000e0,1.397074223,1.020e-1,1.267455578,1.267455578,0.000e0,2.027e-4
cpu_context,photo-clic,097cb426910ba8ce2525dd8bb7fb1777.png,1507,2048,3.086336,native,85,257110,2,2048|256,1|8,yes,2.325029135,2.325029135,0.000e0,0.000e0,0.865064442,0.865064621,1.788e-7,2.067e-7,2.325029135,2.325029135,0.000e0,2.466078520,6.067e-2,2.324562073,2.324562073,0.000e0,2.009e-4
cpu_context,photo-clic,097cb426910ba8ce2525dd8bb7fb1777.png,1507,2048,3.086336,native,70,175665,2,2048|256,1|8,yes,3.213250399,3.213250399,0.000e0,0.000e0,1.152630448,1.152630448,0.000e0,0.000e0,3.213250399,3.213250399,0.000e0,3.511544943,9.283e-2,3.212602615,3.212602615,0.000e0,2.016e-4
cpu_context,photo-clic,097cb426910ba8ce2525dd8bb7fb1777.png,1507,2048,3.086336,native,50,139243,2,2048|256,1|8,yes,3.922925472,3.922925472,0.000e0,0.000e0,1.349568963,1.349569201,2.384e-7,1.767e-7,3.922925472,3.922925472,0.000e0,3.990716457,1.728e-2,3.922136784,3.922136784,0.000e0,2.011e-4
cpu_context,photo-clic,097cb426910ba8ce2525dd8bb7fb1777.png,1507,2048,3.086336,native,30,114692,2,2048|256,1|8,yes,4.549875259,4.549875259,0.000e0,0.000e0,1.611002922,1.611002803,1.192e-7,7.400e-8,4.549875259,4.549875259,0.000e0,4.384410858,3.637e-2,4.548956394,4.548956394,0.000e0,2.020e-4
cpu_context,photo-clic,097cb426910ba8ce2525dd8bb7fb1777.png,1507,2048,3.086336,native,15,97028,2,2048|256,1|8,yes,6.119914532,6.119914532,0.000e0,0.000e0,2.294189692,2.294189692,0.000e0,0.000e0,6.119914532,6.119914532,0.000e0,5.485026836,1.037e-1,6.118661880,6.118661880,0.000e0,2.047e-4
cpu_context,photo-clic,11f2b039b293758398b1a7a8afa64bb2.png,1638,2048,3.354624,native,95,1037489,2,2048|256,1|8,yes,1.392319798,1.392319798,0.000e0,0.000e0,0.460290849,0.460290760,8.941e-8,1.942e-7,1.392319798,1.392319798,0.000e0,1.524845719,9.518e-2,1.392042875,1.392042875,0.000e0,1.989e-4
cpu_context,photo-clic,11f2b039b293758398b1a7a8afa64bb2.png,1638,2048,3.354624,native,85,561504,2,2048|256,1|8,yes,2.417745352,2.417745352,0.000e0,0.000e0,0.837862313,0.837862313,0.000e0,0.000e0,2.417745352,2.417745352,0.000e0,2.615769863,8.190e-2,2.417261124,2.417261124,0.000e0,2.003e-4
cpu_context,photo-clic,11f2b039b293758398b1a7a8afa64bb2.png,1638,2048,3.354624,native,70,380800,2,2048|256,1|8,yes,3.185973644,3.185973644,0.000e0,0.000e0,1.279275775,1.279275775,0.000e0,0.000e0,3.185973644,3.185973644,0.000e0,3.301979542,3.641e-2,3.185333252,3.185333252,0.000e0,2.010e-4
cpu_context,photo-clic,11f2b039b293758398b1a7a8afa64bb2.png,1638,2048,3.354624,native,50,284130,2,2048|256,1|8,yes,4.563716412,4.563716412,0.000e0,0.000e0,2.027678728,2.027679205,4.768e-7,2.352e-7,4.563716412,4.563716412,0.000e0,4.823256016,5.687e-2,4.562792778,4.562792778,0.000e0,2.024e-4
cpu_context,photo-clic,11f2b039b293758398b1a7a8afa64bb2.png,1638,2048,3.354624,native,30,213436,2,2048|256,1|8,yes,6.796750069,6.796750069,0.000e0,0.000e0,2.869587898,2.869588137,2.384e-7,8.308e-8,6.796750069,6.796750069,0.000e0,5.382491112,2.081e-1,6.795627117,6.795627117,0.000e0,1.652e-4
cpu_context,photo-clic,11f2b039b293758398b1a7a8afa64bb2.png,1638,2048,3.354624,native,15,154392,2,2048|256,1|8,yes,9.724108696,9.724108696,0.000e0,0.000e0,4.874767303,4.874767303,0.000e0,0.000e0,9.724108696,9.724108696,0.000e0,7.306951046,2.486e-1,9.721764565,9.721764565,0.000e0,2.411e-4
cpu_context,photo-clic,28d24b9c83de066597ff96a68769884f.png,2048,1332,2.727936,native,95,516025,2,1332|256,1|6,yes,1.135878205,1.135878205,0.000e0,0.000e0,0.440202355,0.440202355,0.000e0,0.000e0,1.135878205,1.135878205,0.000e0,1.281687379,1.284e-1,1.135652423,1.135652423,0.000e0,1.988e-4
cpu_context,photo-clic,28d24b9c83de066597ff96a68769884f.png,2048,1332,2.727936,native,85,235379,2,1332|256,1|6,yes,2.266656160,2.266656160,0.000e0,0.000e0,0.736290216,0.736290336,1.192e-7,1.619e-7,2.266656160,2.266656160,0.000e0,2.519145012,1.114e-1,2.266201496,2.266201496,0.000e0,2.006e-4
cpu_context,photo-clic,28d24b9c83de066597ff96a68769884f.png,2048,1332,2.727936,native,70,167762,2,1332|256,1|6,yes,3.737545729,3.737545729,0.000e0,0.000e0,1.022981882,1.022982001,1.192e-7,1.165e-7,3.737545729,3.737545729,0.000e0,3.897811174,4.288e-2,3.736786366,3.736786366,0.000e0,2.032e-4
cpu_context,photo-clic,28d24b9c83de066597ff96a68769884f.png,2048,1332,2.727936,native,50,137274,2,1332|256,1|6,yes,4.481411934,4.481411934,0.000e0,0.000e0,1.281740189,1.281740427,2.384e-7,1.860e-7,4.481411934,4.481411934,0.000e0,4.494095802,2.830e-3,4.480506897,4.480506897,0.000e0,2.020e-4
cpu_context,photo-clic,28d24b9c83de066597ff96a68769884f.png,2048,1332,2.727936,native,30,115266,2,1332|256,1|6,yes,5.221895218,5.221895218,0.000e0,0.000e0,1.817701697,1.817701459,2.384e-7,1.312e-7,5.221895218,5.221895218,0.000e0,5.408712864,3.578e-2,5.220843315,5.220843315,0.000e0,2.015e-4
cpu_context,photo-clic,28d24b9c83de066597ff96a68769884f.png,2048,1332,2.727936,native,15,96546,2,1332|256,1|6,yes,7.527955532,7.527955532,0.000e0,0.000e0,3.328432798,3.328433037,2.384e-7,7.163e-8,7.527955532,7.527955532,0.000e0,6.298350334,1.633e-1,7.526311874,7.526311874,0.000e0,2.184e-4
cpu_context,photo-clic,4a18abf66d65ad1a95ce455c8b6cd8de.png,1463,2048,2.996224,native,95,1993073,2,2048|256,1|8,yes,1.277437687,1.277437687,0.000e0,0.000e0,0.520961463,0.520961463,0.000e0,0.000e0,1.277437687,1.277437687,0.000e0,1.401409984,9.705e-2,1.277174711,1.277174711,0.000e0,2.059e-4
cpu_context,photo-clic,4a18abf66d65ad1a95ce455c8b6cd8de.png,1463,2048,2.996224,native,85,997519,2,2048|256,1|8,yes,2.622973442,2.622973442,0.000e0,0.000e0,1.062978625,1.062978745,1.192e-7,1.121e-7,2.622973442,2.622973442,0.000e0,2.595274210,1.056e-2,2.622445583,2.622445583,0.000e0,2.013e-4
cpu_context,photo-clic,4a18abf66d65ad1a95ce455c8b6cd8de.png,1463,2048,2.996224,native,70,614326,2,2048|256,1|8,yes,3.681182623,3.681182623,0.000e0,0.000e0,1.444495320,1.444495320,0.000e0,0.000e0,3.681182623,3.681182623,0.000e0,3.931278944,6.794e-2,3.680442333,3.680442333,0.000e0,2.011e-4
cpu_context,photo-clic,4a18abf66d65ad1a95ce455c8b6cd8de.png,1463,2048,2.996224,native,50,426774,2,2048|256,1|8,yes,4.618044376,4.618044376,0.000e0,0.000e0,1.737920403,1.737920165,2.384e-7,1.372e-7,4.618044376,4.618044376,0.000e0,4.360128880,5.585e-2,4.617120743,4.617120743,0.000e0,2.000e-4
cpu_context,photo-clic,4a18abf66d65ad1a95ce455c8b6cd8de.png,1463,2048,2.996224,native,30,296297,2,2048|256,1|8,yes,5.500235558,5.500235558,0.000e0,0.000e0,2.062083006,2.062083006,0.000e0,0.000e0,5.500235558,5.500235558,0.000e0,5.775880814,5.012e-2,5.499128342,5.499128342,0.000e0,2.013e-4
cpu_context,photo-clic,4a18abf66d65ad1a95ce455c8b6cd8de.png,1463,2048,2.996224,native,15,191085,2,2048|256,1|8,yes,8.075963974,8.075963974,0.000e0,0.000e0,2.784685135,2.784685135,0.000e0,0.000e0,8.075963974,8.075963974,0.000e0,7.907811165,2.082e-2,8.074319839,8.074319839,0.000e0,2.036e-4
cpu_context,photo-clic,60430844748882ff66b9a5598ef06dd6.png,1446,2048,2.961408,native,95,517907,2,2048|256,1|8,yes,1.361979008,1.361979008,0.000e0,0.000e0,0.443268567,0.443268567,0.000e0,0.000e0,1.361979008,1.361979008,0.000e0,1.324722290,2.735e-2,1.361721516,1.361721516,0.000e0,1.891e-4
cpu_context,photo-clic,60430844748882ff66b9a5598ef06dd6.png,1446,2048,2.961408,native,85,249322,2,2048|256,1|8,yes,2.071596384,2.071596384,0.000e0,0.000e0,0.717746735,0.717746794,5.960e-8,8.304e-8,2.071596384,2.071596384,0.000e0,2.126411676,2.646e-2,2.071173191,2.071173191,0.000e0,2.043e-4
cpu_context,photo-clic,60430844748882ff66b9a5598ef06dd6.png,1446,2048,2.961408,native,70,171589,2,2048|256,1|8,yes,2.620191336,2.620191336,0.000e0,0.000e0,1.027672529,1.027672648,1.192e-7,1.160e-7,2.620191336,2.620191336,0.000e0,2.555690289,2.462e-2,2.619667292,2.619667292,0.000e0,2.000e-4
cpu_context,photo-clic,60430844748882ff66b9a5598ef06dd6.png,1446,2048,2.961408,native,50,139131,2,2048|256,1|8,yes,3.483149529,3.483149529,0.000e0,0.000e0,1.437140584,1.437140346,2.384e-7,1.659e-7,3.483149529,3.483149529,0.000e0,3.118478775,1.047e-1,3.482465506,3.482465506,0.000e0,1.964e-4
cpu_context,photo-clic,60430844748882ff66b9a5598ef06dd6.png,1446,2048,2.961408,native,30,117031,2,2048|256,1|8,yes,4.558971405,4.558971405,0.000e0,0.000e0,1.836383462,1.836383104,3.576e-7,1.947e-7,4.558971405,4.558971405,0.000e0,4.168020725,8.575e-2,4.558048248,4.558048248,0.000e0,2.025e-4
cpu_context,photo-clic,60430844748882ff66b9a5598ef06dd6.png,1446,2048,2.961408,native,15,99467,2,2048|256,1|8,yes,7.440309048,7.440309048,0.000e0,0.000e0,3.164721966,3.164721966,0.000e0,0.000e0,7.440309048,7.440309048,0.000e0,6.808776379,8.488e-2,7.438855648,7.438855648,0.000e0,1.954e-4
cpu_context,photo-clic,9466a908d088d32ee73f04116c40e48c.png,1371,2048,2.807808,native,95,546306,2,2048|256,1|8,yes,1.085190177,1.085190177,0.000e0,0.000e0,0.396355957,0.396355927,2.980e-8,7.519e-8,1.085190177,1.085190177,0.000e0,1.143753409,5.397e-2,1.084970951,1.084970951,0.000e0,2.021e-4
cpu_context,photo-clic,9466a908d088d32ee73f04116c40e48c.png,1371,2048,2.807808,native,85,270632,2,2048|256,1|8,yes,2.108187914,2.108187914,0.000e0,0.000e0,0.651668251,0.651668251,0.000e0,0.000e0,2.108187914,2.108187914,0.000e0,2.324910879,1.028e-1,2.107761621,2.107761621,0.000e0,2.022e-4
cpu_context,photo-clic,9466a908d088d32ee73f04116c40e48c.png,1371,2048,2.807808,native,70,187708,2,2048|256,1|8,yes,2.990986586,2.990986586,0.000e0,0.000e0,0.944292426,0.944292486,5.960e-8,6.312e-8,2.990986586,2.990986586,0.000e0,2.930665731,2.017e-2,2.990382195,2.990382195,0.000e0,2.021e-4
cpu_context,photo-clic,9466a908d088d32ee73f04116c40e48c.png,1371,2048,2.807808,native,50,148014,2,2048|256,1|8,yes,3.154647827,3.154647827,0.000e0,0.000e0,1.243808746,1.243808746,0.000e0,0.000e0,3.154647827,3.154647827,0.000e0,3.314502954,5.067e-2,3.154011250,3.154011250,0.000e0,2.018e-4
cpu_context,photo-clic,9466a908d088d32ee73f04116c40e48c.png,1371,2048,2.807808,native,30,119229,2,2048|256,1|8,yes,4.088447094,4.088447094,0.000e0,0.000e0,1.825174212,1.825174212,0.000e0,0.000e0,4.088447094,4.088447094,0.000e0,4.062510967,6.344e-3,4.087625980,4.087625980,0.000e0,2.009e-4
cpu_context,photo-clic,9466a908d088d32ee73f04116c40e48c.png,1371,2048,2.807808,native,15,96050,2,2048|256,1|8,yes,7.875603676,7.875603676,0.000e0,0.000e0,2.983433485,2.983433485,0.000e0,0.000e0,7.875603676,7.875603676,0.000e0,6.631746292,1.579e-1,7.873905659,7.873905659,0.000e0,2.157e-4
cpu_context,photo-clic,afe3676bbfcf7183d697ff7b5d5bd45b.png,2048,1365,2.795520,native,95,1135679,2,1364|256,2|6,yes,1.222273588,1.222273588,0.000e0,0.000e0,0.403135329,0.403135359,2.980e-8,7.393e-8,1.222273588,1.222273588,0.000e0,1.352277279,1.064e-1,1.222026467,1.222026467,0.000e0,2.022e-4
cpu_context,photo-clic,afe3676bbfcf7183d697ff7b5d5bd45b.png,2048,1365,2.795520,native,85,634464,2,1364|256,2|6,yes,2.168159246,2.168159246,0.000e0,0.000e0,0.707121909,0.707121968,5.960e-8,8.429e-8,2.168159246,2.168159246,0.000e0,2.389380217,1.020e-1,2.167723656,2.167723656,0.000e0,2.009e-4
cpu_context,photo-clic,afe3676bbfcf7183d697ff7b5d5bd45b.png,2048,1365,2.795520,native,70,434609,2,1364|256,2|6,yes,3.136652231,3.136652231,0.000e0,0.000e0,0.996841133,0.996841192,5.960e-8,5.979e-8,3.136652231,3.136652231,0.000e0,3.350669861,6.823e-2,3.136022091,3.136022091,0.000e0,2.009e-4
cpu_context,photo-clic,afe3676bbfcf7183d697ff7b5d5bd45b.png,2048,1365,2.795520,native,50,327367,2,1364|256,2|6,yes,3.577471018,3.577471018,0.000e0,0.000e0,1.269328475,1.269328475,0.000e0,0.000e0,3.577471018,3.577471018,0.000e0,3.853749752,7.723e-2,3.576750755,3.576750755,0.000e0,2.014e-4
cpu_context,photo-clic,afe3676bbfcf7183d697ff7b5d5bd45b.png,2048,1365,2.795520,native,30,245346,2,1364|256,2|6,yes,4.518497467,4.518497467,0.000e0,0.000e0,1.671633482,1.671633482,0.000e0,0.000e0,4.518497467,4.518497467,0.000e0,4.818394184,6.637e-2,4.517579556,4.517579556,0.000e0,2.032e-4
cpu_context,photo-clic,afe3676bbfcf7183d697ff7b5d5bd45b.png,2048,1365,2.795520,native,15,170240,2,1364|256,2|6,yes,7.423251629,7.423251629,0.000e0,0.000e0,2.691870451,2.691870213,2.384e-7,8.857e-8,7.423251629,7.423251629,0.000e0,6.970988274,6.093e-2,7.421798229,7.421798229,0.000e0,1.958e-4
cpu_context,photo-clic,d1a9be98d1936065967adac50a6fb750.png,2048,1270,2.600960,native,95,569499,2,1270|256,1|5,yes,1.148332715,1.148332715,0.000e0,0.000e0,0.405213207,0.405213177,2.980e-8,7.355e-8,1.148332715,1.148332715,0.000e0,1.243999839,8.331e-2,1.148099899,1.148099899,0.000e0,2.028e-4
cpu_context,photo-clic,d1a9be98d1936065967adac50a6fb750.png,2048,1270,2.600960,native,85,302418,2,1270|256,1|5,yes,2.236914873,2.236914873,0.000e0,0.000e0,0.677784085,0.677784026,5.960e-8,8.794e-8,2.236914873,2.236914873,0.000e0,2.300687313,2.851e-2,2.236464500,2.236464500,0.000e0,2.014e-4
cpu_context,photo-clic,d1a9be98d1936065967adac50a6fb750.png,2048,1270,2.600960,native,70,215641,2,1270|256,1|5,yes,2.555162191,2.555162191,0.000e0,0.000e0,0.927167833,0.927167833,0.000e0,0.000e0,2.555162191,2.555162191,0.000e0,2.614540100,2.324e-2,2.554647684,2.554647684,0.000e0,2.014e-4
cpu_context,photo-clic,d1a9be98d1936065967adac50a6fb750.png,2048,1270,2.600960,native,50,170470,2,1270|256,1|5,yes,2.961387634,2.961387634,0.000e0,0.000e0,1.199825525,1.199825644,1.192e-7,9.936e-8,2.961387634,2.961387634,0.000e0,3.137637377,5.952e-2,2.960790634,2.960790634,0.000e0,2.016e-4
cpu_context,photo-clic,d1a9be98d1936065967adac50a6fb750.png,2048,1270,2.600960,native,30,137587,2,1270|256,1|5,yes,3.668972969,3.668972969,0.000e0,0.000e0,1.645153642,1.645153642,0.000e0,0.000e0,3.668972969,3.668972969,0.000e0,3.668548584,1.157e-4,3.668272257,3.668272257,0.000e0,1.910e-4
cpu_context,photo-clic,d1a9be98d1936065967adac50a6fb750.png,2048,1270,2.600960,native,15,108243,2,1270|256,1|5,yes,6.272683620,6.272683620,0.000e0,0.000e0,2.636281967,2.636281252,7.153e-7,2.713e-7,6.272683620,6.272683620,0.000e0,5.781264782,7.834e-2,6.271424294,6.271424294,0.000e0,2.008e-4
cpu_context,photo-gb82,baby-lossless.png,576,576,0.331776,native,95,91968,2,576|256,1|3,yes,1.026136160,1.026136160,0.000e0,0.000e0,0.427422911,0.427422881,2.980e-8,6.973e-8,1.026136160,1.026136160,0.000e0,1.083140135,5.555e-2,1.025928974,1.025928974,0.000e0,2.019e-4
cpu_context,photo-gb82,baby-lossless.png,576,576,0.331776,native,85,48665,2,576|256,1|3,yes,1.743392110,1.743392110,0.000e0,0.000e0,0.696330726,0.696330905,1.788e-7,2.568e-7,1.743392110,1.743392110,0.000e0,1.895860195,8.745e-2,1.743044734,1.743044734,0.000e0,1.993e-4
cpu_context,photo-gb82,baby-lossless.png,576,576,0.331776,native,70,32984,2,576|256,1|3,yes,2.540147305,2.540147305,0.000e0,0.000e0,0.970011711,0.970011771,5.960e-8,6.145e-8,2.540147305,2.540147305,0.000e0,2.559471846,7.608e-3,2.539633274,2.539633274,0.000e0,2.024e-4
cpu_context,photo-gb82,baby-lossless.png,576,576,0.331776,native,50,25006,2,576|256,1|3,yes,2.732294321,2.732294321,0.000e0,0.000e0,1.263687849,1.263687849,0.000e0,0.000e0,2.732294321,2.732294321,0.000e0,2.695184946,1.358e-2,2.731743336,2.731743336,0.000e0,2.017e-4
cpu_context,photo-gb82,baby-lossless.png,576,576,0.331776,native,30,19374,2,576|256,1|3,yes,3.730059147,3.730059147,0.000e0,0.000e0,1.764003992,1.764003992,0.000e0,0.000e0,3.730059147,3.730059147,0.000e0,3.720556736,2.548e-3,3.729307652,3.729307652,0.000e0,2.015e-4
cpu_context,photo-gb82,baby-lossless.png,576,576,0.331776,native,15,14602,2,576|256,1|3,yes,6.463964939,6.463964939,0.000e0,0.000e0,2.910498619,2.910498619,0.000e0,0.000e0,6.463964939,6.463964939,0.000e0,6.090522766,5.777e-2,6.462658405,6.462658405,0.000e0,2.022e-4
cpu_context,photo-gb82,city-lossless.png,576,576,0.331776,native,95,179361,2,576|256,1|3,yes,1.101698756,1.101698756,0.000e0,0.000e0,0.379990220,0.379990160,5.960e-8,1.569e-7,1.101698756,1.101698756,0.000e0,1.234292030,1.204e-1,1.101156950,1.101156950,0.000e0,4.920e-4
cpu_context,photo-gb82,city-lossless.png,576,576,0.331776,native,85,102098,2,576|256,1|3,yes,2.136944771,2.136944771,0.000e0,0.000e0,0.761627674,0.761627674,0.000e0,0.000e0,2.136944771,2.136944771,0.000e0,2.345404863,9.755e-2,2.136515856,2.136515856,0.000e0,2.008e-4
cpu_context,photo-gb82,city-lossless.png,576,576,0.331776,native,70,70440,2,576|256,1|3,yes,2.832422256,2.832422256,0.000e0,0.000e0,1.103966355,1.103966475,1.192e-7,1.080e-7,2.832422256,2.832422256,0.000e0,3.017149210,6.522e-2,2.831829071,2.831829071,0.000e0,2.095e-4
cpu_context,photo-gb82,city-lossless.png,576,576,0.331776,native,50,52958,2,576|256,1|3,yes,3.828660727,3.828660727,0.000e0,0.000e0,1.437953711,1.437953591,1.192e-7,8.290e-8,3.828660727,3.828660727,0.000e0,3.752994061,1.976e-2,3.827890158,3.827890158,0.000e0,2.013e-4
cpu_context,photo-gb82,city-lossless.png,576,576,0.331776,native,30,39712,2,576|256,1|3,yes,5.068774700,5.068774700,0.000e0,0.000e0,1.844527960,1.844528079,1.192e-7,6.463e-8,5.068774700,5.068774700,0.000e0,5.340995312,5.371e-2,5.067757607,5.067757607,0.000e0,2.007e-4
cpu_context,photo-gb82,city-lossless.png,576,576,0.331776,native,15,27386,2,576|256,1|3,yes,6.009401798,6.009401798,0.000e0,0.000e0,2.659555435,2.659556150,7.153e-7,2.689e-7,6.009401798,6.009401798,0.000e0,5.832119465,2.950e-2,6.008202076,6.008202076,0.000e0,1.997e-4
cpu_context,photo-gb82,flowers-lossless.png,576,576,0.331776,native,95,232745,2,576|256,1|3,yes,1.072389722,1.072389722,0.000e0,0.000e0,0.451500744,0.451500803,5.960e-8,1.320e-7,1.072389722,1.072389722,0.000e0,1.133238435,5.674e-2,1.072171330,1.072171330,0.000e0,2.037e-4
cpu_context,photo-gb82,flowers-lossless.png,576,576,0.331776,native,85,129653,2,576|256,1|3,yes,2.000122309,2.000122309,0.000e0,0.000e0,0.840613902,0.840613842,5.960e-8,7.091e-8,2.000122309,2.000122309,0.000e0,2.117331266,5.860e-2,1.999724269,1.999724269,0.000e0,1.990e-4
cpu_context,photo-gb82,flowers-lossless.png,576,576,0.331776,native,70,86736,2,576|256,1|3,yes,2.574375629,2.574375629,0.000e0,0.000e0,1.183487773,1.183487773,0.000e0,0.000e0,2.574375629,2.574375629,0.000e0,2.715712070,5.490e-2,2.573858738,2.573858738,0.000e0,2.008e-4
cpu_context,photo-gb82,flowers-lossless.png,576,576,0.331776,native,50,63289,2,576|256,1|3,yes,3.242220879,3.242220879,0.000e0,0.000e0,1.504699826,1.504699707,1.192e-7,7.922e-8,3.242220879,3.242220879,0.000e0,3.438976765,6.069e-2,3.241563320,3.241563320,0.000e0,2.029e-4
cpu_context,photo-gb82,flowers-lossless.png,576,576,0.331776,native,30,45640,2,576|256,1|3,yes,4.200103760,4.200103760,0.000e0,0.000e0,1.908141255,1.908141255,0.000e0,0.000e0,4.200103760,4.200103760,0.000e0,4.350861549,3.589e-2,4.199253082,4.199253082,0.000e0,2.026e-4
cpu_context,photo-gb82,flowers-lossless.png,576,576,0.331776,native,15,29236,2,576|256,1|3,yes,6.611148357,6.611148357,0.000e0,0.000e0,2.817994356,2.817994595,2.384e-7,8.461e-8,6.611148357,6.611148357,0.000e0,5.752527237,1.299e-1,6.609768867,6.609768867,0.000e0,2.087e-4
cpu_context,photo-gb82,grass-lossless.png,576,576,0.331776,native,95,211636,2,576|256,1|3,yes,1.002319098,1.002319098,0.000e0,0.000e0,0.363174349,0.363174319,2.980e-8,8.206e-8,1.002319098,1.002319098,0.000e0,1.125741839,1.231e-1,1.002117634,1.002117634,0.000e0,2.010e-4
cpu_context,photo-gb82,grass-lossless.png,576,576,0.331776,native,85,119527,2,576|256,1|3,yes,1.921296835,1.921296835,0.000e0,0.000e0,0.713777959,0.713777840,1.192e-7,1.670e-7,1.921296835,1.921296835,0.000e0,2.137014866,1.123e-1,1.920912027,1.920912027,0.000e0,2.003e-4
cpu_context,photo-gb82,grass-lossless.png,576,576,0.331776,native,70,80762,2,576|256,1|3,yes,2.644868612,2.644868612,0.000e0,0.000e0,1.065188646,1.065188766,1.192e-7,1.119e-7,2.644868612,2.644868612,0.000e0,2.725150824,3.035e-2,2.644330978,2.644330978,0.000e0,2.033e-4
cpu_context,photo-gb82,grass-lossless.png,576,576,0.331776,native,50,59652,2,576|256,1|3,yes,3.218286037,3.218286037,0.000e0,0.000e0,1.414639354,1.414639235,1.192e-7,8.427e-8,3.218286037,3.218286037,0.000e0,3.227806568,2.958e-3,3.217625380,3.217625380,0.000e0,2.053e-4
cpu_context,photo-gb82,grass-lossless.png,576,576,0.331776,native,30,43738,2,576|256,1|3,yes,4.008721828,4.008721828,0.000e0,0.000e0,1.864548802,1.864548802,0.000e0,0.000e0,4.008721828,4.008721828,0.000e0,3.988445282,5.058e-3,4.007872581,4.007872581,0.000e0,2.119e-4
cpu_context,photo-gb82,grass-lossless.png,576,576,0.331776,native,15,28851,2,576|256,1|3,yes,6.718513966,6.718513966,0.000e0,0.000e0,2.920954704,2.920954704,0.000e0,0.000e0,6.718513966,6.718513966,0.000e0,6.362725258,5.296e-2,6.717181206,6.717181206,0.000e0,1.984e-4
cpu_context,photo-gb82,haze-lossless.png,576,576,0.331776,native,95,74558,2,576|256,1|3,yes,1.066022635,1.066022635,0.000e0,0.000e0,0.449205697,0.449205667,2.980e-8,6.634e-8,1.066022635,1.066022635,0.000e0,1.106829405,3.828e-2,1.065811157,1.065811157,0.000e0,1.984e-4
cpu_context,photo-gb82,haze-lossless.png,576,576,0.331776,native,85,33800,2,576|256,1|3,yes,1.790620565,1.790620565,0.000e0,0.000e0,0.723397434,0.723397374,5.960e-8,8.240e-8,1.790620565,1.790620565,0.000e0,1.870393395,4.455e-2,1.790259123,1.790259123,0.000e0,2.019e-4
cpu_context,photo-gb82,haze-lossless.png,576,576,0.331776,native,70,20270,2,576|256,1|3,yes,2.336681604,2.336681604,0.000e0,0.000e0,1.068392515,1.068392396,1.192e-7,1.116e-7,2.336681604,2.336681604,0.000e0,2.165328026,7.333e-2,2.336163282,2.336163282,0.000e0,2.219e-4
cpu_context,photo-gb82,haze-lossless.png,576,576,0.331776,native,50,15423,2,576|256,1|3,yes,2.613417864,2.613417864,0.000e0,0.000e0,1.350557804,1.350557804,0.000e0,0.000e0,2.613417864,2.613417864,0.000e0,2.479859352,5.110e-2,2.612828970,2.612828970,0.000e0,2.254e-4
cpu_context,photo-gb82,haze-lossless.png,576,576,0.331776,native,30,12835,2,576|256,1|3,yes,4.255705833,4.255705833,0.000e0,0.000e0,1.870836020,1.870835662,3.576e-7,1.912e-7,4.255705833,4.255705833,0.000e0,3.949652672,7.192e-2,4.254810333,4.254810333,0.000e0,2.105e-4
cpu_context,photo-gb82,haze-lossless.png,576,576,0.331776,native,15,11004,2,576|256,1|3,yes,6.909577370,6.909577370,0.000e0,0.000e0,3.051966190,3.051965952,2.384e-7,7.812e-8,6.909577370,6.909577370,0.000e0,6.311738491,8.652e-2,6.907249451,6.907249451,0.000e0,3.370e-4
cpu_context,photo-gb82,mc1-lossless.png,576,576,0.331776,native,95,134782,2,576|256,1|3,yes,1.181936502,1.181936502,0.000e0,0.000e0,0.460009843,0.460009754,8.941e-8,1.944e-7,1.181936502,1.181936502,0.000e0,1.164385915,1.485e-2,1.181095004,1.181095004,0.000e0,7.125e-4
cpu_context,photo-gb82,mc1-lossless.png,576,576,0.331776,native,85,72301,2,576|256,1|3,yes,2.380222559,2.380222559,0.000e0,0.000e0,0.773865640,0.773865640,0.000e0,0.000e0,2.380222559,2.380222559,0.000e0,2.381554127,5.594e-4,2.379744291,2.379744291,0.000e0,2.010e-4
cpu_context,photo-gb82,mc1-lossless.png,576,576,0.331776,native,70,48591,2,576|256,1|3,yes,2.991422653,2.991422653,0.000e0,0.000e0,1.090559959,1.090560079,1.192e-7,1.093e-7,2.991422653,2.991422653,0.000e0,3.229173660,7.948e-2,2.990818262,2.990818262,0.000e0,2.021e-4
cpu_context,photo-gb82,mc1-lossless.png,576,576,0.331776,native,50,36130,2,576|256,1|3,yes,3.202879906,3.202879906,0.000e0,0.000e0,1.374989271,1.374989271,0.000e0,0.000e0,3.202879906,3.202879906,0.000e0,3.255949974,1.657e-2,3.202237129,3.202237129,0.000e0,2.007e-4
cpu_context,photo-gb82,mc1-lossless.png,576,576,0.331776,native,30,26609,2,576|256,1|3,yes,4.204129696,4.204129696,0.000e0,0.000e0,1.862785339,1.862785578,2.384e-7,1.280e-7,4.204129696,4.204129696,0.000e0,4.016870975,4.454e-2,4.203316212,4.203316212,0.000e0,1.935e-4
cpu_context,photo-gb82,mc1-lossless.png,576,576,0.331776,native,15,18124,2,576|256,1|3,yes,7.177376270,7.177376270,0.000e0,0.000e0,3.263355494,3.263355494,0.000e0,0.000e0,7.177376270,7.177376270,0.000e0,7.208265305,4.304e-3,7.175892353,7.175892353,0.000e0,2.068e-4
cpu_context,photo-gb82,mc3-lossless.png,576,576,0.331776,native,95,45876,2,576|256,1|3,yes,1.441157460,1.441157460,0.000e0,0.000e0,0.570807457,0.570807517,5.960e-8,1.044e-7,1.441157460,1.441157460,0.000e0,1.205441713,1.636e-1,1.440714717,1.440714717,0.000e0,3.073e-4
cpu_context,photo-gb82,mc3-lossless.png,576,576,0.331776,native,85,23992,2,576|256,1|3,yes,1.726993799,1.726993799,0.000e0,0.000e0,0.689595222,0.689595282,5.960e-8,8.643e-8,1.726993799,1.726993799,0.000e0,1.748764157,1.261e-2,1.726651192,1.726651192,0.000e0,1.984e-4
cpu_context,photo-gb82,mc3-lossless.png,576,576,0.331776,native,70,17325,2,576|256,1|3,yes,2.583147287,2.583147287,0.000e0,0.000e0,0.965189040,0.965189159,1.192e-7,1.235e-7,2.583147287,2.583147287,0.000e0,2.693608046,4.276e-2,2.582627058,2.582627058,0.000e0,2.014e-4
cpu_context,photo-gb82,mc3-lossless.png,576,576,0.331776,native,50,14370,2,576|256,1|3,yes,3.114668131,3.114668131,0.000e0,0.000e0,1.333822608,1.333822608,0.000e0,0.000e0,3.114668131,3.114668131,0.000e0,3.011837244,3.302e-2,3.114133120,3.114133120,0.000e0,1.718e-4
cpu_context,photo-gb82,mc3-lossless.png,576,576,0.331776,native,30,12313,2,576|256,1|3,yes,4.334087372,4.334087372,0.000e0,0.000e0,1.703884006,1.703884006,0.000e0,0.000e0,4.334087372,4.334087372,0.000e0,3.935770750,9.190e-2,4.390507698,4.390507698,0.000e0,1.285e-2
cpu_context,photo-gb82,mc3-lossless.png,576,576,0.331776,native,15,10860,2,576|256,1|3,yes,9.688676834,9.688676834,0.000e0,0.000e0,4.387779713,4.387779713,0.000e0,0.000e0,9.688676834,9.688676834,0.000e0,7.520582199,2.238e-1,9.685531616,9.685531616,0.000e0,3.247e-4
cpu_context,photo-gb82,night-lossless.png,576,576,0.331776,native,95,105886,2,576|256,1|3,yes,0.962895572,0.962895572,0.000e0,0.000e0,0.343672544,0.343672544,0.000e0,0.000e0,0.962895572,0.962895572,0.000e0,1.075093150,1.165e-1,0.962693632,0.962693632,0.000e0,2.098e-4
cpu_context,photo-gb82,night-lossless.png,576,576,0.331776,native,85,60603,2,576|256,1|3,yes,2.104676247,2.104676247,0.000e0,0.000e0,0.662639201,0.662639380,1.788e-7,2.699e-7,2.104676247,2.104676247,0.000e0,2.304970026,9.517e-2,2.104251385,2.104251385,0.000e0,2.019e-4
cpu_context,photo-gb82,night-lossless.png,576,576,0.331776,native,70,43770,2,576|256,1|3,yes,2.665452719,2.665452719,0.000e0,0.000e0,0.961111605,0.961111546,5.960e-8,6.202e-8,2.665452719,2.665452719,0.000e0,2.922899723,9.659e-2,2.664920092,2.664920092,0.000e0,1.999e-4
cpu_context,photo-gb82,night-lossless.png,576,576,0.331776,native,50,34334,2,576|256,1|3,yes,4.049253464,4.049253464,0.000e0,0.000e0,1.260877609,1.260877728,1.192e-7,9.454e-8,4.049253464,4.049253464,0.000e0,4.177193165,3.160e-2,4.048431396,4.048431396,0.000e0,2.031e-4
cpu_context,photo-gb82,night-lossless.png,576,576,0.331776,native,30,27004,2,576|256,1|3,yes,4.301699162,4.301699162,0.000e0,0.000e0,1.601647258,1.601647258,0.000e0,0.000e0,4.301699162,4.301699162,0.000e0,4.228671074,1.698e-2,4.300840855,4.300840855,0.000e0,1.996e-4
cpu_context,photo-gb82,night-lossless.png,576,576,0.331776,native,15,19668,2,576|256,1|3,yes,7.100483894,7.100483894,0.000e0,0.000e0,2.388380766,2.388380766,0.000e0,0.000e0,7.100483894,7.100483894,0.000e0,7.444732666,4.848e-2,7.099047661,7.099047661,0.000e0,2.023e-4
cpu_context,photo-gb82,path-lossless.png,576,576,0.331776,native,95,162934,2,576|256,1|3,yes,1.091283321,1.091283321,0.000e0,0.000e0,0.480774850,0.480774820,2.980e-8,6.199e-8,1.091283321,1.091283321,0.000e0,1.144336939,4.862e-2,1.091051817,1.091051817,0.000e0,2.122e-4
cpu_context,photo-gb82,path-lossless.png,576,576,0.331776,native,85,86254,2,576|256,1|3,yes,2.214459658,2.214459658,0.000e0,0.000e0,0.854128540,0.854128599,5.960e-8,6.978e-8,2.214459658,2.214459658,0.000e0,2.435891628,9.999e-2,2.214012384,2.214012384,0.000e0,2.020e-4
cpu_context,photo-gb82,path-lossless.png,576,576,0.331776,native,70,55955,2,576|256,1|3,yes,3.081311464,3.081311464,0.000e0,0.000e0,1.234345317,1.234345436,1.192e-7,9.658e-8,3.081311464,3.081311464,0.000e0,3.319893122,7.743e-2,3.080693960,3.080693960,0.000e0,2.004e-4
cpu_context,photo-gb82,path-lossless.png,576,576,0.331776,native,50,40202,2,576|256,1|3,yes,4.455159664,4.455159664,0.000e0,0.000e0,1.579021454,1.579021335,1.192e-7,7.550e-8,4.455159664,4.455159664,0.000e0,4.920067310,1.044e-1,4.454263687,4.454263687,0.000e0,2.012e-4
cpu_context,photo-gb82,path-lossless.png,576,576,0.331776,native,30,29404,2,576|256,1|3,yes,4.288512230,4.288512230,0.000e0,0.000e0,1.981187224,1.981187463,2.384e-7,1.203e-7,4.288512230,4.288512230,0.000e0,4.402490616,2.658e-2,4.287663937,4.287663937,0.000e0,1.978e-4
cpu_context,photo-gb82,path-lossless.png,576,576,0.331776,native,15,19727,2,576|256,1|3,yes,6.095856190,6.095856190,0.000e0,0.000e0,2.927241087,2.927241087,0.000e0,0.000e0,6.095856190,6.095856190,0.000e0,5.819192886,4.539e-2,6.094659328,6.094659328,0.000e0,1.964e-4
cpu_context,photo-gb82,prudential-lossless.png,576,576,0.331776,native,95,108637,2,576|256,1|3,yes,1.082404494,1.082404494,0.000e0,0.000e0,0.435390621,0.435390681,5.960e-8,1.369e-7,1.082404494,1.082404494,0.000e0,1.188191295,9.773e-2,1.082188249,1.082188249,0.000e0,1.998e-4
cpu_context,photo-gb82,prudential-lossless.png,576,576,0.331776,native,85,51329,2,576|256,1|3,yes,1.841557741,1.841557741,0.000e0,0.000e0,0.713490605,0.713490486,1.192e-7,1.671e-7,1.841557741,1.841557741,0.000e0,1.935555577,5.104e-2,1.841187954,1.841187954,0.000e0,2.008e-4
cpu_context,photo-gb82,prudential-lossless.png,576,576,0.331776,native,70,32614,2,576|256,1|3,yes,2.916392803,2.916392803,0.000e0,0.000e0,1.008868217,1.008868337,1.192e-7,1.182e-7,2.916392803,2.916392803,0.000e0,2.900295734,5.520e-3,2.915806293,2.915806293,0.000e0,2.011e-4
cpu_context,photo-gb82,prudential-lossless.png,576,576,0.331776,native,50,24646,2,576|256,1|3,yes,3.460271358,3.460271358,0.000e0,0.000e0,1.265197396,1.265197515,1.192e-7,9.422e-8,3.460271358,3.460271358,0.000e0,3.553538799,2.695e-2,3.462884426,3.462884426,0.000e0,7.546e-4
cpu_context,photo-gb82,prudential-lossless.png,576,576,0.331776,native,30,19228,2,576|256,1|3,yes,4.240673542,4.240673542,0.000e0,0.000e0,1.620483994,1.620483994,0.000e0,0.000e0,4.240673542,4.240673542,0.000e0,4.207699299,7.776e-3,4.239817142,4.239817142,0.000e0,2.020e-4
cpu_context,photo-gb82,prudential-lossless.png,576,576,0.331776,native,15,14528,2,576|256,1|3,yes,5.880666733,5.880666733,0.000e0,0.000e0,2.440519333,2.440519571,2.384e-7,9.769e-8,5.880666733,5.880666733,0.000e0,5.304687500,9.794e-2,5.879482746,5.879482746,0.000e0,2.014e-4
cpu_context,photo-gb82,reflect-lossless.png,576,576,0.331776,native,95,138891,2,576|256,1|3,yes,1.267217875,1.267217875,0.000e0,0.000e0,0.465153128,0.465153128,0.000e0,0.000e0,1.267217875,1.267217875,0.000e0,1.407689571,1.109e-1,1.266963005,1.266963005,0.000e0,2.012e-4
cpu_context,photo-gb82,reflect-lossless.png,576,576,0.331776,native,85,75580,2,576|256,1|3,yes,2.166642904,2.166642904,0.000e0,0.000e0,0.790104270,0.790104330,5.960e-8,7.544e-8,2.166642904,2.166642904,0.000e0,2.356189966,8.748e-2,2.166207552,2.166207552,0.000e0,2.010e-4
cpu_context,photo-gb82,reflect-lossless.png,576,576,0.331776,native,70,51174,2,576|256,1|3,yes,2.893338680,2.893338680,0.000e0,0.000e0,1.092149734,1.092149734,0.000e0,0.000e0,2.893338680,2.893338680,0.000e0,3.038634539,5.022e-2,2.892757654,2.892757654,0.000e0,2.009e-4
cpu_context,photo-gb82,reflect-lossless.png,576,576,0.331776,native,50,37895,2,576|256,1|3,yes,3.600856543,3.600856543,0.000e0,0.000e0,1.423599482,1.423599482,0.000e0,0.000e0,3.600856543,3.600856543,0.000e0,3.857577801,7.129e-2,3.600127459,3.600127459,0.000e0,2.025e-4
cpu_context,photo-gb82,reflect-lossless.png,576,576,0.331776,native,30,27873,2,576|256,1|3,yes,4.602734566,4.602734566,0.000e0,0.000e0,1.927768350,1.927768588,2.384e-7,1.237e-7,4.602734566,4.602734566,0.000e0,4.188759327,8.994e-2,4.601476669,4.601476669,0.000e0,2.734e-4
cpu_context,photo-gb82,reflect-lossless.png,576,576,0.331776,native,15,18869,2,576|256,1|3,yes,7.063786507,7.063786507,0.000e0,0.000e0,3.099297523,3.099297523,0.000e0,0.000e0,7.063786507,7.063786507,0.000e0,6.746192455,4.496e-2,7.062336922,7.062336922,0.000e0,2.053e-4
cpu_context,photo-gb82,sumac-lossless.png,576,576,0.331776,native,95,184437,2,576|256,1|3,yes,1.029994607,1.029994607,0.000e0,0.000e0,0.409989506,0.409989446,5.960e-8,1.454e-7,1.029994607,1.029994607,0.000e0,1.128185630,9.533e-2,1.029789209,1.029789209,0.000e0,1.995e-4
cpu_context,photo-gb82,sumac-lossless.png,576,576,0.331776,native,85,105640,2,576|256,1|3,yes,1.801649451,1.801649451,0.000e0,0.000e0,0.706784248,0.706784189,5.960e-8,8.433e-8,1.801649451,1.801649451,0.000e0,1.953313112,8.418e-2,1.805274129,1.805274129,0.000e0,2.008e-3
cpu_context,photo-gb82,sumac-lossless.png,576,576,0.331776,native,70,72706,2,576|256,1|3,yes,2.563896418,2.563896418,0.000e0,0.000e0,0.984256506,0.984256506,0.000e0,0.000e0,2.563896418,2.563896418,0.000e0,2.718144417,6.016e-2,2.563386440,2.563386440,0.000e0,1.989e-4
cpu_context,photo-gb82,sumac-lossless.png,576,576,0.331776,native,50,54384,2,576|256,1|3,yes,3.583840132,3.583840132,0.000e0,0.000e0,1.270476937,1.270476818,1.192e-7,9.383e-8,3.583840132,3.583840132,0.000e0,3.796929359,5.946e-2,3.583115339,3.583115339,0.000e0,2.023e-4
cpu_context,photo-gb82,sumac-lossless.png,576,576,0.331776,native,30,40145,2,576|256,1|3,yes,4.052762985,4.052762985,0.000e0,0.000e0,1.696974874,1.696974635,2.384e-7,1.405e-7,4.052762985,4.052762985,0.000e0,4.042884350,2.438e-3,4.051941872,4.051941872,0.000e0,2.026e-4
cpu_context,photo-gb82,sumac-lossless.png,576,576,0.331776,native,15,26965,2,576|256,1|3,yes,5.806566715,5.806566715,0.000e0,0.000e0,2.750987291,2.750986814,4.768e-7,1.733e-7,5.806566715,5.806566715,0.000e0,5.832628250,4.488e-3,5.805189133,5.805189133,0.000e0,2.373e-4
cpu_context,photo-gb82,waves-lossless.png,576,576,0.331776,native,95,174439,2,576|256,1|3,yes,1.034807920,1.034807920,0.000e0,0.000e0,0.473935813,0.473935753,5.960e-8,1.258e-7,1.034807920,1.034807920,0.000e0,1.089582443,5.293e-2,1.034599781,1.034599781,0.000e0,2.012e-4
cpu_context,photo-gb82,waves-lossless.png,576,576,0.331776,native,85,92783,2,576|256,1|3,yes,1.897477508,1.897477508,0.000e0,0.000e0,0.870760143,0.870760262,1.192e-7,1.369e-7,1.897477508,1.897477508,0.000e0,2.049538851,8.014e-2,1.897094488,1.897094488,0.000e0,2.019e-4
cpu_context,photo-gb82,waves-lossless.png,576,576,0.331776,native,70,62632,2,576|256,1|3,yes,2.789268970,2.789268970,0.000e0,0.000e0,1.185977459,1.185977578,1.192e-7,1.005e-7,2.789268970,2.789268970,0.000e0,2.957211494,6.021e-2,2.788710594,2.788710594,0.000e0,2.002e-4
cpu_context,photo-gb82,waves-lossless.png,576,576,0.331776,native,50,46670,2,576|256,1|3,yes,2.954357624,2.954357624,0.000e0,0.000e0,1.492148280,1.492148280,0.000e0,0.000e0,2.954357624,2.954357624,0.000e0,3.144619942,6.440e-2,2.953761578,2.953761578,0.000e0,2.018e-4
cpu_context,photo-gb82,waves-lossless.png,576,576,0.331776,native,30,34260,2,576|256,1|3,yes,3.573782921,3.573782921,0.000e0,0.000e0,1.928029537,1.928029776,2.384e-7,1.237e-7,3.573782921,3.573782921,0.000e0,3.589475393,4.391e-3,3.573073149,3.573073149,0.000e0,1.986e-4
cpu_context,photo-gb82,waves-lossless.png,576,576,0.331776,native,15,22529,2,576|256,1|3,yes,5.595683098,5.595683098,0.000e0,0.000e0,2.944723129,2.944723606,4.768e-7,1.619e-7,5.595683098,5.595683098,0.000e0,5.641046047,8.107e-3,5.594543934,5.594543934,0.000e0,2.036e-4
cpu_context,screen-gb82sc,codec_wiki.png,2560,1664,4.259840,native,95,373859,2,1664|256,1|7,yes,1.596645594,1.596645594,0.000e0,0.000e0,0.530394316,0.530394554,2.384e-7,4.495e-7,1.596645594,1.596645594,0.000e0,1.655363083,3.678e-2,1.596367836,1.596367836,0.000e0,1.740e-4
cpu_context,screen-gb82sc,codec_wiki.png,2560,1664,4.259840,native,85,277807,2,1664|256,1|7,yes,3.329443693,3.329443693,0.000e0,0.000e0,0.813955903,0.813956022,1.192e-7,1.465e-7,3.329443693,3.329443693,0.000e0,3.570531845,7.241e-2,3.328832150,3.328832150,0.000e0,1.837e-4
cpu_context,screen-gb82sc,codec_wiki.png,2560,1664,4.259840,native,70,231379,2,1664|256,1|7,yes,5.024267673,5.024267673,0.000e0,0.000e0,1.307005405,1.307005405,0.000e0,0.000e0,5.024267673,5.024267673,0.000e0,5.632893562,1.211e-1,5.023257732,5.023257732,0.000e0,2.011e-4
cpu_context,screen-gb82sc,codec_wiki.png,2560,1664,4.259840,native,50,202718,2,1664|256,1|7,yes,5.819847107,5.819847107,0.000e0,0.000e0,1.541039705,1.541039944,2.384e-7,1.547e-7,5.819847107,5.819847107,0.000e0,6.378112316,9.592e-2,5.818669319,5.818669319,0.000e0,2.024e-4
cpu_context,screen-gb82sc,codec_wiki.png,2560,1664,4.259840,native,30,178737,2,1664|256,1|7,yes,8.536692619,8.536692619,0.000e0,0.000e0,2.454855919,2.454856396,4.768e-7,1.942e-7,8.536692619,8.536692619,0.000e0,7.877296448,7.724e-2,8.535013199,8.535013199,0.000e0,1.968e-4
cpu_context,screen-gb82sc,codec_wiki.png,2560,1664,4.259840,native,15,156704,2,1664|256,1|7,yes,10.753223419,10.753223419,0.000e0,0.000e0,3.069135427,3.069135904,4.768e-7,1.554e-7,10.753223419,10.753223419,0.000e0,9.794232368,8.918e-2,10.751087189,10.751087189,0.000e0,1.987e-4
cpu_context,screen-gb82sc,gmessages.png,1440,3088,4.446720,native,95,364314,2,3088|256,1|13,yes,1.272884369,1.272884369,0.000e0,0.000e0,0.296887457,0.296887457,0.000e0,0.000e0,1.272884369,1.272884369,0.000e0,1.398533106,9.871e-2,1.272628307,1.272628427,9.367e-8,2.012e-4
cpu_context,screen-gb82sc,gmessages.png,1440,3088,4.446720,native,85,270051,2,3088|256,1|13,yes,2.877392054,2.877392054,0.000e0,0.000e0,0.649892747,0.649892747,0.000e0,0.000e0,2.877392054,2.877392054,0.000e0,3.217106342,1.181e-1,2.876809359,2.876809359,0.000e0,2.025e-4
cpu_context,screen-gb82sc,gmessages.png,1440,3088,4.446720,native,70,228254,2,3088|256,1|13,yes,4.274008274,4.274008274,0.000e0,0.000e0,0.953958571,0.953958571,0.000e0,0.000e0,4.274008274,4.274008274,0.000e0,4.651525497,8.833e-2,4.273145199,4.273145199,0.000e0,2.020e-4
cpu_context,screen-gb82sc,gmessages.png,1440,3088,4.446720,native,50,202054,2,3088|256,1|13,yes,5.006775856,5.006775856,0.000e0,0.000e0,1.269682527,1.269682765,2.384e-7,1.878e-7,5.006775856,5.006775856,0.000e0,5.517754078,1.021e-1,5.005771160,5.005771160,0.000e0,2.007e-4
cpu_context,screen-gb82sc,gmessages.png,1440,3088,4.446720,native,30,181663,2,3088|256,1|13,yes,6.495364666,6.495364666,0.000e0,0.000e0,1.719167352,1.719167352,0.000e0,0.000e0,6.495364666,6.495364666,0.000e0,7.017410755,8.037e-2,6.494050980,6.494050980,0.000e0,2.023e-4
cpu_context,screen-gb82sc,gmessages.png,1440,3088,4.446720,native,15,160610,2,3088|256,1|13,yes,7.773867607,7.773867607,0.000e0,0.000e0,3.395555019,3.395556211,1.192e-6,3.511e-7,7.773867607,7.773867607,0.000e0,7.871030807,1.250e-2,7.772294044,7.772294044,0.000e0,2.025e-4
cpu_context,screen-gb82sc,graph.png,796,481,0.382876,native,95,56760,2,480|256,2|2,yes,1.612339020,1.612339020,0.000e0,0.000e0,0.995927811,0.995927811,0.000e0,0.000e0,1.612339020,1.612339020,0.000e0,1.683789730,4.431e-2,1.612028718,1.612028718,0.000e0,1.925e-4
cpu_context,screen-gb82sc,graph.png,796,481,0.382876,native,85,39476,2,480|256,2|2,yes,3.282095194,3.282095194,0.000e0,0.000e0,1.184449196,1.184449196,0.000e0,0.000e0,3.282095194,3.282095194,0.000e0,3.542847395,7.945e-2,3.281438112,3.281438112,0.000e0,2.002e-4
cpu_context,screen-gb82sc,graph.png,796,481,0.382876,native,70,31285,2,480|256,2|2,yes,5.029542923,5.029542923,0.000e0,0.000e0,1.481433392,1.481433272,1.192e-7,8.047e-8,5.029542923,5.029542923,0.000e0,5.454916000,8.457e-2,5.028536320,5.028536320,0.000e0,2.002e-4
cpu_context,screen-gb82sc,graph.png,796,481,0.382876,native,50,26197,2,480|256,2|2,yes,6.454276085,6.454276085,0.000e0,0.000e0,1.853425622,1.853425860,2.384e-7,1.286e-7,6.454276085,6.454276085,0.000e0,7.067292213,9.498e-2,6.452978611,6.452978611,0.000e0,2.011e-4
cpu_context,screen-gb82sc,graph.png,796,481,0.382876,native,30,22468,2,480|256,2|2,yes,6.987112999,6.987112999,0.000e0,0.000e0,2.737947941,2.737947464,4.768e-7,1.742e-7,6.987112999,6.987112999,0.000e0,7.113284588,1.806e-2,6.985703945,6.985703945,0.000e0,2.017e-4
cpu_context,screen-gb82sc,graph.png,796,481,0.382876,native,15,17986,2,480|256,2|2,yes,9.087980270,9.087980270,0.000e0,0.000e0,4.546852589,4.546852589,0.000e0,0.000e0,9.087980270,9.087980270,0.000e0,9.090421677,2.686e-4,9.086112022,9.086112022,0.000e0,2.056e-4
cpu_context,screen-gb82sc,gui.png,1356,1132,1.534992,native,95,113695,2,1132|256,1|5,yes,1.224458456,1.224458456,0.000e0,0.000e0,0.298550367,0.298550367,0.000e0,0.000e0,1.224458456,1.224458456,0.000e0,1.364447117,1.143e-1,1.224216342,1.224216342,0.000e0,1.978e-4
cpu_context,screen-gb82sc,gui.png,1356,1132,1.534992,native,85,85370,2,1132|256,1|5,yes,2.556227446,2.556227446,0.000e0,0.000e0,0.592532039,0.592532039,0.000e0,0.000e0,2.556227446,2.556227446,0.000e0,2.824848175,1.051e-1,2.555712938,2.555712938,0.000e0,2.013e-4
cpu_context,screen-gb82sc,gui.png,1356,1132,1.534992,native,70,73487,2,1132|256,1|5,yes,3.572426081,3.572426081,0.000e0,0.000e0,0.865241110,0.865241230,1.192e-7,1.378e-7,3.572426081,3.572426081,0.000e0,3.982037544,1.147e-1,3.571707964,3.571707964,0.000e0,2.011e-4
cpu_context,screen-gb82sc,gui.png,1356,1132,1.534992,native,50,64921,2,1132|256,1|5,yes,4.482543945,4.482543945,0.000e0,0.000e0,1.078999639,1.078999519,1.192e-7,1.105e-7,4.482543945,4.482543945,0.000e0,4.789954662,6.858e-2,4.481638908,4.481638908,0.000e0,2.019e-4
cpu_context,screen-gb82sc,gui.png,1356,1132,1.534992,native,30,58996,2,1132|256,1|5,yes,5.384421349,5.384421349,0.000e0,0.000e0,1.390902877,1.390902996,1.192e-7,8.571e-8,5.384421349,5.384421349,0.000e0,5.693150043,5.734e-2,5.383333206,5.383333206,0.000e0,2.021e-4
cpu_context,screen-gb82sc,gui.png,1356,1132,1.534992,native,15,53167,2,1132|256,1|5,yes,6.443444252,6.443444252,0.000e0,0.000e0,2.157489538,2.157489300,2.384e-7,1.105e-7,6.443444252,6.443444252,0.000e0,6.519554615,1.181e-2,6.442101955,6.442101955,0.000e0,2.084e-4
cpu_context,screen-gb82sc,imac_dark.png,2940,1912,5.621280,native,95,1247291,2,1912|256,1|8,yes,1.307803988,1.307803988,0.000e0,0.000e0,0.331910640,0.331910759,1.192e-7,3.592e-7,1.307803988,1.307803988,0.000e0,1.439792037,1.009e-1,1.307536006,1.307536006,0.000e0,2.050e-4
cpu_context,screen-gb82sc,imac_dark.png,2940,1912,5.621280,native,85,816397,2,1912|256,1|8,yes,2.720645666,2.720645666,0.000e0,0.000e0,0.720771432,0.720771611,1.788e-7,2.481e-7,2.720645666,2.720645666,0.000e0,2.904380083,6.753e-2,2.720095873,2.720095873,0.000e0,2.021e-4
cpu_context,screen-gb82sc,imac_dark.png,2940,1912,5.621280,native,70,631646,2,1912|256,1|8,yes,4.415484428,4.415484428,0.000e0,0.000e0,1.173651814,1.173651576,2.384e-7,2.031e-7,4.415484428,4.415484428,0.000e0,4.966453552,1.248e-1,4.414608955,4.414608955,0.000e0,1.983e-4
cpu_context,screen-gb82sc,imac_dark.png,2940,1912,5.621280,native,50,516542,2,1912|256,1|8,yes,5.715837002,5.715837002,0.000e0,0.000e0,1.471599460,1.471599221,2.384e-7,1.620e-7,5.715837002,5.715837002,0.000e0,6.117629051,7.029e-2,5.714694023,5.714694023,0.000e0,2.000e-4
cpu_context,screen-gb82sc,imac_dark.png,2940,1912,5.621280,native,30,420613,2,1912|256,1|8,yes,6.634752274,6.634752274,0.000e0,0.000e0,1.836665392,1.836665392,0.000e0,0.000e0,6.634752274,6.634752274,0.000e0,7.206757069,8.621e-2,6.633407593,6.633407593,0.000e0,2.027e-4
cpu_context,screen-gb82sc,imac_dark.png,2940,1912,5.621280,native,15,324025,2,1912|256,1|8,yes,8.277878761,8.277878761,0.000e0,0.000e0,2.754897594,2.754897356,2.384e-7,8.654e-8,8.277878761,8.277878761,0.000e0,7.952228546,3.934e-2,8.276143074,8.276143074,0.000e0,2.097e-4
cpu_context,screen-gb82sc,imac_g3.png,2940,1912,5.621280,native,95,1186150,2,1912|256,1|8,yes,1.368108273,1.368108273,0.000e0,0.000e0,0.336688250,0.336688280,2.980e-8,8.852e-8,1.368108273,1.368108273,0.000e0,1.521696091,1.123e-1,1.367824912,1.367824912,0.000e0,2.072e-4
cpu_context,screen-gb82sc,imac_g3.png,2940,1912,5.621280,native,85,782267,2,1912|256,1|8,yes,2.711380243,2.711380243,0.000e0,0.000e0,0.745398521,0.745398462,5.960e-8,7.996e-8,2.711380243,2.711380243,0.000e0,3.020788431,1.141e-1,2.710830450,2.710830450,0.000e0,2.028e-4
cpu_context,screen-gb82sc,imac_g3.png,2940,1912,5.621280,native,70,609249,2,1912|256,1|8,yes,3.932428598,3.932428598,0.000e0,0.000e0,1.141387820,1.141387820,0.000e0,0.000e0,3.932428598,3.932428598,0.000e0,4.359637260,1.086e-1,3.931631804,3.931631804,0.000e0,2.027e-4
cpu_context,screen-gb82sc,imac_g3.png,2940,1912,5.621280,native,50,500658,2,1912|256,1|8,yes,5.105832577,5.105832577,0.000e0,0.000e0,1.568061113,1.568061113,0.000e0,0.000e0,5.105832577,5.105832577,0.000e0,5.572730541,9.144e-2,5.104824066,5.104824066,0.000e0,1.976e-4
cpu_context,screen-gb82sc,imac_g3.png,2940,1912,5.621280,native,30,411750,2,1912|256,1|8,yes,6.830976009,6.830976009,0.000e0,0.000e0,2.429064512,2.429064512,0.000e0,0.000e0,6.830976009,6.830976009,0.000e0,7.565551758,1.075e-1,6.829605579,6.829605579,0.000e0,2.007e-4
cpu_context,screen-gb82sc,imac_g3.png,2940,1912,5.621280,native,15,323467,2,1912|256,1|8,yes,9.741479874,9.741479874,0.000e0,0.000e0,2.733650446,2.733650923,4.768e-7,1.744e-7,9.741479874,9.741479874,0.000e0,9.338560104,4.136e-2,9.739498138,9.739498138,0.000e0,2.035e-4
cpu_context,screen-gb82sc,imessage.png,1206,2622,3.162132,native,95,429604,2,2622|256,1|11,yes,1.640576243,1.640576243,0.000e0,0.000e0,0.498313904,0.498313934,2.980e-8,5.981e-8,1.640576243,1.640576243,0.000e0,1.766475201,7.674e-2,1.640224576,1.640224576,0.000e0,2.144e-4
cpu_context,screen-gb82sc,imessage.png,1206,2622,3.162132,native,85,287615,2,2622|256,1|11,yes,3.186356068,3.186356068,0.000e0,0.000e0,0.804819524,0.804819584,5.960e-8,7.406e-8,3.186356068,3.186356068,0.000e0,3.350059032,5.138e-2,3.185712099,3.185712099,0.000e0,2.021e-4
cpu_context,screen-gb82sc,imessage.png,1206,2622,3.162132,native,70,223629,2,2622|256,1|11,yes,3.952656746,3.952656746,0.000e0,0.000e0,1.125838995,1.125839233,2.384e-7,2.118e-7,3.952656746,3.952656746,0.000e0,4.415917873,1.172e-1,3.951858997,3.951858997,0.000e0,2.019e-4
cpu_context,screen-gb82sc,imessage.png,1206,2622,3.162132,native,50,187779,2,2622|256,1|11,yes,5.319181442,5.319181442,0.000e0,0.000e0,1.424692512,1.424692631,1.192e-7,8.367e-8,5.319181442,5.319181442,0.000e0,5.515170097,3.685e-2,5.318118095,5.318118095,0.000e0,1.999e-4
cpu_context,screen-gb82sc,imessage.png,1206,2622,3.162132,native,30,161073,2,2622|256,1|11,yes,6.521996975,6.521996975,0.000e0,0.000e0,1.771223187,1.771223307,1.192e-7,6.730e-8,6.521996975,6.521996975,0.000e0,6.936601639,6.357e-2,6.520679474,6.520679474,0.000e0,2.020e-4
cpu_context,screen-gb82sc,imessage.png,1206,2622,3.162132,native,15,133635,2,2622|256,1|11,yes,7.729611874,7.729611874,0.000e0,0.000e0,2.643898010,2.643898964,9.537e-7,3.607e-7,7.729611874,7.729611874,0.000e0,7.720753193,1.146e-3,7.728044033,7.728044033,0.000e0,2.029e-4
cpu_context,screen-gb82sc,terminal.png,1646,1062,1.748052,native,95,262070,2,1062|256,1|5,yes,1.406176805,1.406176805,0.000e0,0.000e0,0.371368259,0.371368259,0.000e0,0.000e0,1.406176805,1.406176805,0.000e0,1.607451797,1.431e-1,1.405899525,1.405899525,0.000e0,1.972e-4
cpu_context,screen-gb82sc,terminal.png,1646,1062,1.748052,native,85,178356,2,1062|256,1|5,yes,2.877557993,2.877557993,0.000e0,0.000e0,0.795012116,0.795012116,0.000e0,0.000e0,2.877557993,2.877557993,0.000e0,3.184448719,1.066e-1,2.876978874,2.876978874,0.000e0,2.013e-4
cpu_context,screen-gb82sc,terminal.png,1646,1062,1.748052,native,70,139894,2,1062|256,1|5,yes,4.190837860,4.190837860,0.000e0,0.000e0,1.129958987,1.129958987,0.000e0,0.000e0,4.190837860,4.190837860,0.000e0,4.573716640,9.136e-2,4.189991951,4.189991951,0.000e0,2.019e-4
cpu_context,screen-gb82sc,terminal.png,1646,1062,1.748052,native,50,116734,2,1062|256,1|5,yes,5.840600967,5.840600967,0.000e0,0.000e0,1.412089229,1.412089467,2.384e-7,1.688e-7,5.840600967,5.840600967,0.000e0,6.367475033,9.021e-2,5.839424133,5.839424133,0.000e0,2.015e-4
cpu_context,screen-gb82sc,terminal.png,1646,1062,1.748052,native,30,98545,2,1062|256,1|5,yes,5.111866474,5.111866474,0.000e0,0.000e0,1.741982937,1.741982937,0.000e0,0.000e0,5.111866474,5.111866474,0.000e0,5.458137989,6.774e-2,5.110840797,5.110840797,0.000e0,2.007e-4
cpu_context,screen-gb82sc,terminal.png,1646,1062,1.748052,native,15,80262,2,1062|256,1|5,yes,7.843299389,7.843299389,0.000e0,0.000e0,3.298022270,3.298022509,2.384e-7,7.229e-8,7.843299389,7.843299389,0.000e0,8.156767845,3.997e-2,7.841700077,7.841700077,0.000e0,2.039e-4
cpu_context,screen-gb82sc,windows.png,2560,1392,3.563520,native,95,1022291,2,1392|256,1|6,yes,1.284119487,1.284119487,0.000e0,0.000e0,0.680454433,0.680454433,0.000e0,0.000e0,1.284119487,1.284119487,0.000e0,1.409972191,9.801e-2,1.283855081,1.283855081,0.000e0,2.059e-4
cpu_context,screen-gb82sc,windows.png,2560,1392,3.563520,native,85,642593,2,1392|256,1|6,yes,3.252199173,3.252199173,0.000e0,0.000e0,1.125267625,1.125267863,2.384e-7,2.119e-7,3.252199173,3.252199173,0.000e0,3.179575205,2.233e-2,3.251502991,3.251502991,0.000e0,2.141e-4
cpu_context,screen-gb82sc,windows.png,2560,1392,3.563520,native,70,456134,2,1392|256,1|6,yes,4.664253712,4.664253712,0.000e0,0.000e0,1.769447207,1.769447088,1.192e-7,6.737e-8,4.664253712,4.664253712,0.000e0,5.113615513,9.634e-2,4.665137291,4.665137291,0.000e0,1.894e-4
cpu_context,screen-gb82sc,windows.png,2560,1392,3.563520,native,50,347188,2,1392|256,1|6,yes,6.333682060,6.333682060,0.000e0,0.000e0,2.550877094,2.550877094,0.000e0,0.000e0,6.333682060,6.333682060,0.000e0,6.097233295,3.733e-2,6.332394123,6.332394123,0.000e0,2.034e-4
cpu_context,screen-gb82sc,windows.png,2560,1392,3.563520,native,30,269341,2,1392|256,1|6,yes,8.891372681,8.891372681,0.000e0,0.000e0,3.224543333,3.224542856,4.768e-7,1.479e-7,8.891372681,8.891372681,0.000e0,8.883283615,9.098e-4,8.889519691,8.889519691,0.000e0,2.084e-4
cpu_context,screen-gb82sc,windows.png,2560,1392,3.563520,native,15,199001,2,1392|256,1|6,yes,11.217053413,11.217053413,0.000e0,0.000e0,4.379386902,4.379387379,4.768e-7,1.089e-7,11.217053413,11.217053413,0.000e0,10.633990288,5.198e-2,11.214765549,11.214765549,0.000e0,2.040e-4
cpu_context,screen-gb82sc,windows95.png,640,480,0.307200,native,95,161364,2,480|256,1|2,yes,1.340151191,1.340151191,0.000e0,0.000e0,0.431656569,0.431656569,0.000e0,0.000e0,1.340151191,1.340151191,0.000e0,1.515231371,1.306e-1,1.339880228,1.339880228,0.000e0,2.022e-4
cpu_context,screen-gb82sc,windows95.png,640,480,0.307200,native,85,109111,2,480|256,1|2,yes,3.529794455,3.529794455,0.000e0,0.000e0,1.093554735,1.093554616,1.192e-7,1.090e-7,3.529794455,3.529794455,0.000e0,3.925607920,1.121e-1,3.529080868,3.529080868,0.000e0,2.022e-4
cpu_context,screen-gb82sc,windows95.png,640,480,0.307200,native,70,83509,2,480|256,1|2,yes,5.404261112,5.404261112,0.000e0,0.000e0,1.908740640,1.908740759,1.192e-7,6.245e-8,5.404261112,5.404261112,0.000e0,5.816328049,7.625e-2,5.403164387,5.403164387,0.000e0,2.030e-4
cpu_context,screen-gb82sc,windows95.png,640,480,0.307200,native,50,66910,2,480|256,1|2,yes,7.576833725,7.576833725,0.000e0,0.000e0,2.831892014,2.831891775,2.384e-7,8.419e-8,7.576833725,7.576833725,0.000e0,8.195361137,8.163e-2,7.575305939,7.575305939,0.000e0,2.017e-4
cpu_context,screen-gb82sc,windows95.png,640,480,0.307200,native,30,52167,2,480|256,1|2,yes,10.260149002,10.260149002,0.000e0,0.000e0,3.599863529,3.599863768,2.384e-7,6.623e-8,10.260149002,10.260149002,0.000e0,10.914547920,6.378e-2,10.258084297,10.258084297,0.000e0,2.013e-4
cpu_context,screen-gb82sc,windows95.png,640,480,0.307200,native,15,36767,2,480|256,1|2,yes,15.005572319,15.005572319,0.000e0,0.000e0,5.297697544,5.297697067,4.768e-7,9.001e-8,15.005572319,15.005572319,0.000e0,13.947581291,7.051e-2,15.002561569,15.002561569,0.000e0,2.007e-4
cpu_context,screen-web,apple.com.png,1313,4755,6.243315,native,95,1088060,2,4754|256,2|19,yes,1.624781013,1.624781013,0.000e0,0.000e0,0.892016113,0.892015994,1.192e-7,1.336e-7,1.624781013,1.624781013,0.000e0,1.827545643,1.248e-1,1.624452949,1.624452949,0.000e0,2.020e-4
cpu_context,screen-web,apple.com.png,1313,4755,6.243315,native,85,695908,2,4754|256,2|19,yes,3.536419630,3.536419630,0.000e0,0.000e0,1.008863688,1.008863807,1.192e-7,1.182e-7,3.536419630,3.536419630,0.000e0,3.955179930,1.184e-1,3.535715580,3.535715580,0.000e0,1.991e-4
cpu_context,screen-web,apple.com.png,1313,4755,6.243315,native,70,527521,2,4754|256,2|19,yes,4.643049240,4.643049240,0.000e0,0.000e0,1.404641747,1.404641867,1.192e-7,8.487e-8,4.643049240,4.643049240,0.000e0,5.069967270,9.195e-2,4.642099380,4.642099380,0.000e0,2.046e-4
cpu_context,screen-web,apple.com.png,1313,4755,6.243315,native,50,432834,2,4754|256,2|19,yes,6.084812641,6.084812641,0.000e0,0.000e0,2.078727245,2.078726768,4.768e-7,2.294e-7,6.084812641,6.084812641,0.000e0,6.533574581,7.375e-2,6.083582401,6.083582401,0.000e0,2.022e-4
cpu_context,screen-web,apple.com.png,1313,4755,6.243315,native,30,358739,2,4754|256,2|19,yes,7.795184135,7.795184135,0.000e0,0.000e0,2.737527609,2.737527370,2.384e-7,8.709e-8,7.795184135,7.795184135,0.000e0,8.141926765,4.448e-2,7.793594360,7.793594360,0.000e0,2.040e-4
cpu_context,screen-web,apple.com.png,1313,4755,6.243315,native,15,285414,2,4754|256,2|19,yes,9.334715843,9.334715843,0.000e0,0.000e0,4.293575764,4.293575764,0.000e0,0.000e0,9.334715843,9.334715843,0.000e0,8.965504646,3.955e-2,9.332782745,9.332782745,0.000e0,2.071e-4
cpu_context,screen-web,cnn.com.png,1313,5241,6.881433,native,95,1581399,2,5240|256,2|21,yes,1.271895528,1.271895528,0.000e0,0.000e0,0.332439154,0.332439184,2.980e-8,8.965e-8,1.271895528,1.271895528,0.000e0,1.418852329,1.155e-1,1.271640658,1.271640658,0.000e0,2.004e-4
cpu_context,screen-web,cnn.com.png,1313,5241,6.881433,native,85,1068339,2,5240|256,2|21,yes,2.826990128,2.826990128,0.000e0,0.000e0,0.774186373,0.774186432,5.960e-8,7.699e-8,2.826990128,2.826990128,0.000e0,3.085743189,9.153e-2,2.826416492,2.826416492,0.000e0,2.030e-4
cpu_context,screen-web,cnn.com.png,1313,5241,6.881433,native,70,825238,2,5240|256,2|21,yes,4.914031029,4.914031029,0.000e0,0.000e0,1.298275948,1.298276305,3.576e-7,2.755e-7,4.914031029,4.914031029,0.000e0,4.783658981,2.653e-2,4.912993908,4.912993908,0.000e0,2.111e-4
cpu_context,screen-web,cnn.com.png,1313,5241,6.881433,native,50,670183,2,5240|256,2|21,yes,6.012905598,6.012905598,0.000e0,0.000e0,1.806178927,1.806179166,2.384e-7,1.320e-7,6.012905598,6.012905598,0.000e0,6.460454941,7.443e-2,6.011693478,6.011693478,0.000e0,2.016e-4
cpu_context,screen-web,cnn.com.png,1313,5241,6.881433,native,30,537819,2,5240|256,2|21,yes,8.080484390,8.080484390,0.000e0,0.000e0,2.529742479,2.529743671,1.192e-6,4.712e-7,8.080484390,8.080484390,0.000e0,8.072760582,9.559e-4,8.078813553,8.078813553,0.000e0,2.068e-4
cpu_context,screen-web,cnn.com.png,1313,5241,6.881433,native,15,407495,2,5240|256,2|21,yes,10.266075134,10.266075134,0.000e0,0.000e0,3.534919500,3.534919977,4.768e-7,1.349e-7,10.266075134,10.266075134,0.000e0,9.709913254,5.417e-2,10.263982773,10.263982773,0.000e0,2.039e-4
cpu_context,screen-web,creativecommons.org.png,1551,4354,6.753054,native,95,2214014,2,4354|256,1|18,yes,1.831276655,1.831276655,0.000e0,0.000e0,0.651899517,0.651899576,5.960e-8,9.143e-8,1.831276655,1.831276655,0.000e0,1.938563228,5.859e-2,1.830907106,1.830907106,0.000e0,2.018e-4
cpu_context,screen-web,creativecommons.org.png,1551,4354,6.753054,native,85,1347779,2,4354|256,1|18,yes,3.937942982,3.937942982,0.000e0,0.000e0,0.980448365,0.980448544,1.788e-7,1.824e-7,3.937942982,3.937942982,0.000e0,4.140421391,5.142e-2,3.937146664,3.937146664,0.000e0,2.023e-4
cpu_context,screen-web,creativecommons.org.png,1551,4354,6.753054,native,70,962431,2,4354|256,1|18,yes,5.480077267,5.480077267,0.000e0,0.000e0,1.508700609,1.508700848,2.384e-7,1.580e-7,5.480077267,5.480077267,0.000e0,5.782339096,5.516e-2,5.478971481,5.478971481,0.000e0,2.018e-4
cpu_context,screen-web,creativecommons.org.png,1551,4354,6.753054,native,50,747717,2,4354|256,1|18,yes,6.659623146,6.659623146,0.000e0,0.000e0,1.935002923,1.935003042,1.192e-7,6.161e-8,6.659623146,6.659623146,0.000e0,7.084554672,6.381e-2,6.658287525,6.658287525,0.000e0,2.006e-4
cpu_context,screen-web,creativecommons.org.png,1551,4354,6.753054,native,30,581094,2,4354|256,1|18,yes,8.048736572,8.048736572,0.000e0,0.000e0,2.401732445,2.401732445,0.000e0,0.000e0,8.048736572,8.048736572,0.000e0,8.440038681,4.862e-2,8.047101974,8.047101974,0.000e0,2.031e-4
cpu_context,screen-web,creativecommons.org.png,1551,4354,6.753054,native,15,420560,2,4354|256,1|18,yes,9.929305077,9.929305077,0.000e0,0.000e0,5.454928398,5.454928875,4.768e-7,8.741e-8,9.929305077,9.929305077,0.000e0,9.753939629,1.766e-2,9.927238464,9.927238464,0.000e0,2.082e-4
cpu_context,screen-web,duckduckgo.com.png,1313,2874,3.773562,native,95,468303,2,2874|256,1|12,yes,1.920923471,1.920923471,0.000e0,0.000e0,1.429913521,1.429913521,0.000e0,0.000e0,1.920923471,1.920923471,0.000e0,1.877215862,2.275e-2,1.920906901,1.920906901,0.000e0,8.626e-6
cpu_context,screen-web,duckduckgo.com.png,1313,2874,3.773562,native,85,326416,2,2874|256,1|12,yes,3.451749802,3.451749802,0.000e0,0.000e0,1.440431237,1.440430999,2.384e-7,1.655e-7,3.451749802,3.451749802,0.000e0,3.573278427,3.521e-2,3.451074600,3.451074600,0.000e0,1.956e-4
cpu_context,screen-web,duckduckgo.com.png,1313,2874,3.773562,native,70,260948,2,2874|256,1|12,yes,5.159043789,5.159043789,0.000e0,0.000e0,1.236387134,1.236387134,0.000e0,0.000e0,5.159043789,5.159043789,0.000e0,5.785219669,1.214e-1,5.158008099,5.158008099,0.000e0,2.008e-4
cpu_context,screen-web,duckduckgo.com.png,1313,2874,3.773562,native,50,220008,2,2874|256,1|12,yes,6.138336658,6.138336658,0.000e0,0.000e0,1.594480515,1.594480276,2.384e-7,1.495e-7,6.138336658,6.138336658,0.000e0,6.698671341,9.128e-2,6.137109756,6.137109756,0.000e0,1.999e-4
cpu_context,screen-web,duckduckgo.com.png,1313,2874,3.773562,native,30,188424,2,2874|256,1|12,yes,8.102854729,8.102854729,0.000e0,0.000e0,2.908916473,2.908915997,4.768e-7,1.639e-7,8.102854729,8.102854729,0.000e0,8.519710541,5.145e-2,8.101237297,8.101237297,0.000e0,1.997e-4
cpu_context,screen-web,duckduckgo.com.png,1313,2874,3.773562,native,15,156407,2,2874|256,1|12,yes,9.719356537,9.719356537,0.000e0,0.000e0,6.202953815,6.202957153,3.338e-6,5.381e-7,9.719356537,9.719356537,0.000e0,9.992093086,2.806e-2,9.717378616,9.717378616,0.000e0,2.035e-4
cpu_context,screen-web,en.wikipedia.org.png,1313,2936,3.854968,native,95,1627851,2,2936|256,1|12,yes,1.518170238,1.518170238,0.000e0,0.000e0,0.553574920,0.553574860,5.960e-8,1.077e-7,1.518170238,1.518170238,0.000e0,1.605859637,5.776e-2,1.517881989,1.517881989,0.000e0,1.899e-4
cpu_context,screen-web,en.wikipedia.org.png,1313,2936,3.854968,native,85,1013932,2,2936|256,1|12,yes,3.164913654,3.164913654,0.000e0,0.000e0,1.040592790,1.040592909,1.192e-7,1.146e-7,3.164913654,3.164913654,0.000e0,3.494501591,1.041e-1,3.164280176,3.164280176,0.000e0,2.002e-4
cpu_context,screen-web,en.wikipedia.org.png,1313,2936,3.854968,native,70,727945,2,2936|256,1|12,yes,5.378034592,5.378034592,0.000e0,0.000e0,1.633255720,1.633255839,1.192e-7,7.299e-8,5.378034592,5.378034592,0.000e0,5.464603424,1.610e-2,5.376916885,5.376916885,0.000e0,2.079e-4
cpu_context,screen-web,en.wikipedia.org.png,1313,2936,3.854968,native,50,563676,2,2936|256,1|12,yes,6.029380798,6.029380798,0.000e0,0.000e0,2.216837406,2.216837645,2.384e-7,1.075e-7,6.029380798,6.029380798,0.000e0,6.333751678,5.048e-2,6.028151989,6.028151989,0.000e0,2.038e-4
cpu_context,screen-web,en.wikipedia.org.png,1313,2936,3.854968,native,30,433281,2,2936|256,1|12,yes,8.627594948,8.627594948,0.000e0,0.000e0,3.199559450,3.199559689,2.384e-7,7.452e-8,8.627594948,8.627594948,0.000e0,7.894496441,8.497e-2,8.625850677,8.625850677,0.000e0,2.022e-4
cpu_context,screen-web,en.wikipedia.org.png,1313,2936,3.854968,native,15,302407,2,2936|256,1|12,yes,11.133363724,11.133363724,0.000e0,0.000e0,4.260772228,4.260772705,4.768e-7,1.119e-7,11.133363724,11.133363724,0.000e0,10.479331970,5.875e-2,11.131073952,11.131073952,0.000e0,2.057e-4
cpu_context,screen-web,microsoft.com.png,1313,3328,4.369664,native,95,853250,2,3328|256,1|13,yes,1.549983501,1.549983501,0.000e0,0.000e0,0.494397521,0.494397521,0.000e0,0.000e0,1.549983501,1.549983501,0.000e0,1.738458753,1.216e-1,1.549693823,1.549693823,0.000e0,1.869e-4
cpu_context,screen-web,microsoft.com.png,1313,3328,4.369664,native,85,548886,2,3328|256,1|13,yes,3.292524099,3.292524099,0.000e0,0.000e0,0.906192720,0.906192660,5.960e-8,6.577e-8,3.292524099,3.292524099,0.000e0,3.692197084,1.214e-1,3.291858435,3.291858435,0.000e0,2.022e-4
cpu_context,screen-web,microsoft.com.png,1313,3328,4.369664,native,70,415913,2,3328|256,1|13,yes,5.097263336,5.097263336,0.000e0,0.000e0,1.424738526,1.424738526,0.000e0,0.000e0,5.097263336,5.097263336,0.000e0,5.287100792,3.724e-2,5.096211433,5.096211433,0.000e0,2.064e-4
cpu_context,screen-web,microsoft.com.png,1313,3328,4.369664,native,50,339342,2,3328|256,1|13,yes,6.214730740,6.214730740,0.000e0,0.000e0,1.879910946,1.879911184,2.384e-7,1.268e-7,6.214730740,6.214730740,0.000e0,6.498241901,4.562e-2,6.213474751,6.213474751,0.000e0,2.021e-4
cpu_context,screen-web,microsoft.com.png,1313,3328,4.369664,native,30,277825,2,3328|256,1|13,yes,8.022521973,8.022521973,0.000e0,0.000e0,2.488502264,2.488502741,4.768e-7,1.916e-7,8.022521973,8.022521973,0.000e0,8.173026085,1.876e-2,8.020871162,8.020871162,0.000e0,2.058e-4
cpu_context,screen-web,microsoft.com.png,1313,3328,4.369664,native,15,216879,2,3328|256,1|13,yes,11.725613594,11.725613594,0.000e0,0.000e0,3.663599014,3.663599968,9.537e-7,2.603e-7,11.725613594,11.725613594,0.000e0,10.540396690,1.011e-1,11.723232269,11.723232269,0.000e0,2.031e-4
cpu_context,screen-web,news.ycombinator.com.png,1325,1450,1.921250,native,95,355236,2,1450|256,1|6,yes,1.481552005,1.481552005,0.000e0,0.000e0,0.687602460,0.687602401,5.960e-8,8.668e-8,1.481552005,1.481552005,0.000e0,1.632467866,1.019e-1,1.481249928,1.481249928,0.000e0,2.039e-4
cpu_context,screen-web,news.ycombinator.com.png,1325,1450,1.921250,native,85,238832,2,1450|256,1|6,yes,3.290044785,3.290044785,0.000e0,0.000e0,1.044084430,1.044084430,0.000e0,0.000e0,3.290044785,3.290044785,0.000e0,3.599525690,9.407e-2,3.289401054,3.289401054,0.000e0,1.957e-4
cpu_context,screen-web,news.ycombinator.com.png,1325,1450,1.921250,native,70,185350,2,1450|256,1|6,yes,4.855485916,4.855485916,0.000e0,0.000e0,1.689355493,1.689355373,1.192e-7,7.056e-8,4.855485916,4.855485916,0.000e0,5.268702984,8.510e-2,4.854507446,4.854507446,0.000e0,2.016e-4
cpu_context,screen-web,news.ycombinator.com.png,1325,1450,1.921250,native,50,152118,2,1450|256,1|6,yes,5.867903709,5.867903709,0.000e0,0.000e0,1.939450383,1.939450264,1.192e-7,6.147e-8,5.867903709,5.867903709,0.000e0,6.441738129,9.779e-2,5.866704464,5.866704464,0.000e0,2.044e-4
cpu_context,screen-web,news.ycombinator.com.png,1325,1450,1.921250,native,30,124634,2,1450|256,1|6,yes,7.277816296,7.277816296,0.000e0,0.000e0,2.554840803,2.554841042,2.384e-7,9.332e-8,7.277816296,7.277816296,0.000e0,7.688519478,5.643e-2,7.276320457,7.276320457,0.000e0,2.056e-4
cpu_context,screen-web,news.ycombinator.com.png,1325,1450,1.921250,native,15,96594,2,1450|256,1|6,yes,10.526931763,10.526931763,0.000e0,0.000e0,5.666389465,5.666389942,4.768e-7,8.415e-8,10.526931763,10.526931763,0.000e0,9.927424431,5.695e-2,10.524809837,10.524809837,0.000e0,2.016e-4
cpu_context,screen-web,nytimes.com.png,1313,5780,7.589140,native,95,1712396,2,5780|256,1|23,yes,1.383898616,1.383898616,0.000e0,0.000e0,0.364113599,0.364113629,2.980e-8,8.185e-8,1.383898616,1.383898616,0.000e0,1.511037588,9.187e-2,1.383616567,1.383616567,0.000e0,2.038e-4
cpu_context,screen-web,nytimes.com.png,1313,5780,7.589140,native,85,1132156,2,5780|256,1|23,yes,3.038055420,3.038055420,0.000e0,0.000e0,0.831595838,0.831595898,5.960e-8,7.168e-8,3.038055420,3.038055420,0.000e0,3.277378321,7.878e-2,3.037441492,3.037441492,0.000e0,2.021e-4
cpu_context,screen-web,nytimes.com.png,1313,5780,7.589140,native,70,868975,2,5780|256,1|23,yes,5.014019489,5.014019489,0.000e0,0.000e0,1.374382496,1.374382734,2.384e-7,1.735e-7,5.014019489,5.014019489,0.000e0,4.710274220,6.058e-2,5.012994289,5.012994289,0.000e0,2.045e-4
cpu_context,screen-web,nytimes.com.png,1313,5780,7.589140,native,50,704906,2,5780|256,1|23,yes,7.192818642,7.192818642,0.000e0,0.000e0,1.926134586,1.926134825,2.384e-7,1.238e-7,7.192818642,7.192818642,0.000e0,6.695347309,6.916e-2,7.191323757,7.191323757,0.000e0,2.079e-4
cpu_context,screen-web,nytimes.com.png,1313,5780,7.589140,native,30,573269,2,5780|256,1|23,yes,8.026694298,8.026694298,0.000e0,0.000e0,2.530805826,2.530805826,0.000e0,0.000e0,8.026694298,8.026694298,0.000e0,7.530170441,6.186e-2,8.025043488,8.025043488,0.000e0,2.057e-4
cpu_context,screen-web,nytimes.com.png,1313,5780,7.589140,native,15,435609,2,5780|256,1|23,yes,11.272047997,11.272047997,0.000e0,0.000e0,3.500832081,3.500831366,7.153e-7,2.043e-7,11.272047997,11.272047997,0.000e0,10.004851341,1.124e-1,11.269770622,11.269770622,0.000e0,2.021e-4
cpu_context,lineart-plot,plot-7000_plots_line-00056-s6bcec02a_1024x1024.sdr.png,1024,1024,1.048576,native,95,973069,2,1024|256,1|4,yes,1.359972358,1.359972358,0.000e0,0.000e0,0.460365355,0.460365355,0.000e0,0.000e0,1.359972358,1.359972358,0.000e0,1.544490457,1.357e-1,1.359692574,1.359692574,0.000e0,2.058e-4
cpu_context,lineart-plot,plot-7000_plots_line-00056-s6bcec02a_1024x1024.sdr.png,1024,1024,1.048576,native,85,622208,2,1024|256,1|4,yes,2.904515505,2.904515505,0.000e0,0.000e0,1.081838846,1.081838965,1.192e-7,1.102e-7,2.904515505,2.904515505,0.000e0,3.186430931,9.706e-2,2.903926611,2.903926611,0.000e0,2.028e-4
cpu_context,lineart-plot,plot-7000_plots_line-00056-s6bcec02a_1024x1024.sdr.png,1024,1024,1.048576,native,70,456799,2,1024|256,1|4,yes,4.586963654,4.586963654,0.000e0,0.000e0,1.888852835,1.888852477,3.576e-7,1.893e-7,4.586963654,4.586963654,0.000e0,4.643125057,1.224e-2,4.586041927,4.586041927,0.000e0,2.010e-4
cpu_context,lineart-plot,plot-7000_plots_line-00056-s6bcec02a_1024x1024.sdr.png,1024,1024,1.048576,native,50,352972,2,1024|256,1|4,yes,6.882946968,6.882946968,0.000e0,0.000e0,2.922415018,2.922415257,2.384e-7,8.158e-8,6.882946968,6.882946968,0.000e0,6.661024570,3.224e-2,6.881505966,6.881505966,0.000e0,2.094e-4
cpu_context,lineart-plot,plot-7000_plots_line-00056-s6bcec02a_1024x1024.sdr.png,1024,1024,1.048576,native,30,270113,2,1024|256,1|4,yes,9.661202431,9.661202431,0.000e0,0.000e0,4.289584637,4.289584637,0.000e0,0.000e0,9.661202431,9.661202431,0.000e0,9.277931213,3.967e-2,9.659256935,9.659256935,0.000e0,2.014e-4
cpu_context,lineart-plot,plot-7000_plots_line-00056-s6bcec02a_1024x1024.sdr.png,1024,1024,1.048576,native,15,187818,2,1024|256,1|4,yes,12.910782814,12.910782814,0.000e0,0.000e0,6.131778240,6.131778240,0.000e0,0.000e0,12.910782814,12.910782814,0.000e0,12.608253479,2.343e-2,12.908212662,12.908212662,0.000e0,1.991e-4
cpu_context,lineart-plot,plot-7002_plots_line-00118-s306ca2bd_1024x1024.sdr.png,1024,1024,1.048576,native,95,1093039,2,1024|256,1|4,yes,1.442908049,1.442908049,0.000e0,0.000e0,0.526037276,0.526037157,1.192e-7,2.266e-7,1.442908049,1.442908049,0.000e0,1.569883585,8.800e-2,1.442639232,1.442639232,0.000e0,1.863e-4
cpu_context,lineart-plot,plot-7002_plots_line-00118-s306ca2bd_1024x1024.sdr.png,1024,1024,1.048576,native,85,668143,2,1024|256,1|4,yes,3.090755939,3.090755939,0.000e0,0.000e0,1.174170852,1.174170852,0.000e0,0.000e0,3.090755939,3.090755939,0.000e0,3.324668646,7.568e-2,3.090152502,3.090152502,0.000e0,1.953e-4
cpu_context,lineart-plot,plot-7002_plots_line-00118-s306ca2bd_1024x1024.sdr.png,1024,1024,1.048576,native,70,479156,2,1024|256,1|4,yes,4.805066109,4.805066109,0.000e0,0.000e0,1.819059968,1.819059730,2.384e-7,1.311e-7,4.805066109,4.805066109,0.000e0,5.236077309,8.970e-2,4.804112911,4.804112911,0.000e0,1.984e-4
cpu_context,lineart-plot,plot-7002_plots_line-00118-s306ca2bd_1024x1024.sdr.png,1024,1024,1.048576,native,50,368942,2,1024|256,1|4,yes,5.932752132,5.932752132,0.000e0,0.000e0,2.543752193,2.543752193,0.000e0,0.000e0,5.932752132,5.932752132,0.000e0,6.376276016,7.476e-2,5.931556225,5.931556225,0.000e0,2.016e-4
cpu_context,lineart-plot,plot-7002_plots_line-00118-s306ca2bd_1024x1024.sdr.png,1024,1024,1.048576,native,30,277471,2,1024|256,1|4,yes,9.189444542,9.189444542,0.000e0,0.000e0,3.843131065,3.843130589,4.768e-7,1.241e-7,9.189444542,9.189444542,0.000e0,9.689908028,5.446e-2,9.187582016,9.187582016,0.000e0,2.027e-4
cpu_context,lineart-plot,plot-7002_plots_line-00118-s306ca2bd_1024x1024.sdr.png,1024,1024,1.048576,native,15,189892,2,1024|256,1|4,yes,11.887282372,11.887282372,0.000e0,0.000e0,5.422897339,5.422896862,4.768e-7,8.793e-8,11.887282372,11.887282372,0.000e0,12.416885376,4.455e-2,11.884888649,11.884888649,0.000e0,2.014e-4
cpu_context,lineart-plot,plot-7003_plots_line-00208-s6c4f8551_1024x1024.sdr.png,1024,1024,1.048576,native,95,1144121,2,1024|256,1|4,yes,0.963843822,0.963843822,0.000e0,0.000e0,0.284422398,0.284422427,2.980e-8,1.048e-7,0.963843822,0.963843822,0.000e0,1.077896357,1.183e-1,0.963646948,0.963646948,0.000e0,2.043e-4
cpu_context,lineart-plot,plot-7003_plots_line-00208-s6c4f8551_1024x1024.sdr.png,1024,1024,1.048576,native,85,713946,2,1024|256,1|4,yes,2.404939890,2.404939890,0.000e0,0.000e0,0.735627949,0.735628188,2.384e-7,3.241e-7,2.404939890,2.404939890,0.000e0,2.616599798,8.801e-2,2.404453516,2.404453516,0.000e0,2.023e-4
cpu_context,lineart-plot,plot-7003_plots_line-00208-s6c4f8551_1024x1024.sdr.png,1024,1024,1.048576,native,70,519402,2,1024|256,1|4,yes,3.884628534,3.884628534,0.000e0,0.000e0,1.281885266,1.281885266,0.000e0,0.000e0,3.884628534,3.884628534,0.000e0,4.225381374,8.772e-2,3.883848667,3.883848667,0.000e0,2.008e-4
cpu_context,lineart-plot,plot-7003_plots_line-00208-s6c4f8551_1024x1024.sdr.png,1024,1024,1.048576,native,50,400530,2,1024|256,1|4,yes,5.895797729,5.895797729,0.000e0,0.000e0,1.961467028,1.961466789,2.384e-7,1.216e-7,5.895797729,5.895797729,0.000e0,5.498620033,6.737e-2,5.894636631,5.894636631,0.000e0,1.970e-4
cpu_context,lineart-plot,plot-7003_plots_line-00208-s6c4f8551_1024x1024.sdr.png,1024,1024,1.048576,native,30,307561,2,1024|256,1|4,yes,8.317941666,8.317941666,0.000e0,0.000e0,2.888351679,2.888351917,2.384e-7,8.254e-8,8.317941666,8.317941666,0.000e0,8.468915939,1.815e-2,8.316293716,8.316293716,0.000e0,1.982e-4
cpu_context,lineart-plot,plot-7003_plots_line-00208-s6c4f8551_1024x1024.sdr.png,1024,1024,1.048576,native,15,210594,2,1024|256,1|4,yes,11.635800362,11.635800362,0.000e0,0.000e0,4.270852566,4.270852089,4.768e-7,1.116e-7,11.635800362,11.635800362,0.000e0,11.608654022,2.333e-3,11.633438110,11.633438110,0.000e0,2.031e-4
cpu_context,lineart-plot,plot-7005_plots_line-00260-s5da77574_1024x1024.sdr.png,1024,1024,1.048576,native,95,789212,2,1024|256,1|4,yes,1.306704879,1.306704879,0.000e0,0.000e0,0.500438631,0.500438631,0.000e0,0.000e0,1.306704879,1.306704879,0.000e0,1.288349867,1.405e-2,1.306442380,1.306442380,0.000e0,2.009e-4
cpu_context,lineart-plot,plot-7005_plots_line-00260-s5da77574_1024x1024.sdr.png,1024,1024,1.048576,native,85,509424,2,1024|256,1|4,yes,3.524570704,3.524570704,0.000e0,0.000e0,1.422671199,1.422671199,0.000e0,0.000e0,3.524570704,3.524570704,0.000e0,3.300078154,6.369e-2,3.523797750,3.523797750,0.000e0,2.194e-4
cpu_context,lineart-plot,plot-7005_plots_line-00260-s5da77574_1024x1024.sdr.png,1024,1024,1.048576,native,70,376968,2,1024|256,1|4,yes,6.201933384,6.201933384,0.000e0,0.000e0,2.517137766,2.517137527,2.384e-7,9.472e-8,6.201933384,6.201933384,0.000e0,5.510512829,1.115e-1,6.200666428,6.200666428,0.000e0,2.043e-4
cpu_context,lineart-plot,plot-7005_plots_line-00260-s5da77574_1024x1024.sdr.png,1024,1024,1.048576,native,50,293899,2,1024|256,1|4,yes,8.497483253,8.497483253,0.000e0,0.000e0,3.567852497,3.567852974,4.768e-7,1.336e-7,8.497483253,8.497483253,0.000e0,7.648612022,9.990e-2,8.495644569,8.495644569,0.000e0,2.164e-4
cpu_context,lineart-plot,plot-7005_plots_line-00260-s5da77574_1024x1024.sdr.png,1024,1024,1.048576,native,30,225519,2,1024|256,1|4,yes,11.427286148,11.427286148,0.000e0,0.000e0,4.854312897,4.854312420,4.768e-7,9.823e-8,11.427286148,11.427286148,0.000e0,10.197036743,1.077e-1,11.424946785,11.424946785,0.000e0,2.048e-4
cpu_context,lineart-plot,plot-7005_plots_line-00260-s5da77574_1024x1024.sdr.png,1024,1024,1.048576,native,15,158989,2,1024|256,1|4,yes,14.447340012,14.447340012,0.000e0,0.000e0,6.463706970,6.463707447,4.768e-7,7.377e-8,14.447340012,14.447340012,0.000e0,13.548994064,6.218e-2,14.444443703,14.444443703,0.000e0,2.005e-4
cpu_context,lineart-plot,plot-7007_plots_line-00020-s1aac7045_1024x1024.sdr.png,1024,1024,1.048576,native,95,850691,2,1024|256,1|4,yes,1.342642903,1.342642903,0.000e0,0.000e0,0.475220710,0.475220799,8.941e-8,1.881e-7,1.342642903,1.342642903,0.000e0,1.452020764,8.146e-2,1.342400432,1.342400432,0.000e0,1.806e-4
cpu_context,lineart-plot,plot-7007_plots_line-00020-s1aac7045_1024x1024.sdr.png,1024,1024,1.048576,native,85,540097,2,1024|256,1|4,yes,3.057929993,3.057929993,0.000e0,0.000e0,1.041217208,1.041217327,1.192e-7,1.145e-7,3.057929993,3.057929993,0.000e0,3.337272882,9.135e-2,3.057315111,3.057315111,0.000e0,2.011e-4
cpu_context,lineart-plot,plot-7007_plots_line-00020-s1aac7045_1024x1024.sdr.png,1024,1024,1.048576,native,70,398369,2,1024|256,1|4,yes,5.152427673,5.152427673,0.000e0,0.000e0,1.657100081,1.657099962,1.192e-7,7.194e-8,5.152427673,5.152427673,0.000e0,5.652338505,9.702e-2,5.151401043,5.151401043,0.000e0,1.993e-4
cpu_context,lineart-plot,plot-7007_plots_line-00020-s1aac7045_1024x1024.sdr.png,1024,1024,1.048576,native,50,310078,2,1024|256,1|4,yes,5.997851372,5.997851372,0.000e0,0.000e0,2.275554895,2.275554895,0.000e0,0.000e0,5.997851372,5.997851372,0.000e0,6.455400944,7.629e-2,5.996653557,5.996653557,0.000e0,1.997e-4
cpu_context,lineart-plot,plot-7007_plots_line-00020-s1aac7045_1024x1024.sdr.png,1024,1024,1.048576,native,30,239393,2,1024|256,1|4,yes,8.313791275,8.313791275,0.000e0,0.000e0,3.193067789,3.193068027,2.384e-7,7.467e-8,8.313791275,8.313791275,0.000e0,8.473983765,1.927e-2,8.312087059,8.312087059,0.000e0,2.050e-4
cpu_context,lineart-plot,plot-7007_plots_line-00020-s1aac7045_1024x1024.sdr.png,1024,1024,1.048576,native,15,168313,2,1024|256,1|4,yes,12.869734764,12.869734764,0.000e0,0.000e0,4.881753922,4.881753922,0.000e0,0.000e0,12.869734764,12.869734764,0.000e0,12.349910736,4.039e-2,12.867111206,12.867111206,0.000e0,2.039e-4
cpu_context,lineart-plot,plot-7008_plots_line-00027-s195cfe6a_1024x1024.sdr.png,1024,1024,1.048576,native,95,279882,2,1024|256,1|4,yes,1.502155781,1.502155781,0.000e0,0.000e0,0.781161427,0.781161427,0.000e0,0.000e0,1.502155781,1.502155781,0.000e0,1.584893227,5.508e-2,1.501941562,1.501941562,0.000e0,1.426e-4
cpu_context,lineart-plot,plot-7008_plots_line-00027-s195cfe6a_1024x1024.sdr.png,1024,1024,1.048576,native,85,182828,2,1024|256,1|4,yes,3.283728838,3.283728838,0.000e0,0.000e0,1.220293880,1.220293880,0.000e0,0.000e0,3.283728838,3.283728838,0.000e0,3.536134243,7.687e-2,3.283103228,3.283103228,0.000e0,1.906e-4
cpu_context,lineart-plot,plot-7008_plots_line-00027-s195cfe6a_1024x1024.sdr.png,1024,1024,1.048576,native,70,143177,2,1024|256,1|4,yes,5.631000519,5.631000519,0.000e0,0.000e0,1.980013251,1.980013132,1.192e-7,6.021e-8,5.631000519,5.631000519,0.000e0,6.216839314,1.040e-1,5.629882812,5.629882812,0.000e0,1.985e-4
cpu_context,lineart-plot,plot-7008_plots_line-00027-s195cfe6a_1024x1024.sdr.png,1024,1024,1.048576,native,50,119092,2,1024|256,1|4,yes,7.477452278,7.477452278,0.000e0,0.000e0,2.999499559,2.999499559,0.000e0,0.000e0,7.477452278,7.477452278,0.000e0,7.948419571,6.298e-2,7.475974560,7.475974560,0.000e0,1.977e-4
cpu_context,lineart-plot,plot-7008_plots_line-00027-s195cfe6a_1024x1024.sdr.png,1024,1024,1.048576,native,30,96333,2,1024|256,1|4,yes,10.292777061,10.292777061,0.000e0,0.000e0,3.979077578,3.979078770,1.192e-6,2.996e-7,10.292777061,10.292777061,0.000e0,10.066242218,2.201e-2,10.290678024,10.290678024,0.000e0,2.040e-4
cpu_context,lineart-plot,plot-7008_plots_line-00027-s195cfe6a_1024x1024.sdr.png,1024,1024,1.048576,native,15,74298,2,1024|256,1|4,yes,15.507249832,15.507249832,0.000e0,0.000e0,6.143078804,6.143079758,9.537e-7,1.552e-7,15.507249832,15.507249832,0.000e0,14.421194077,7.004e-2,15.504111290,15.504111290,0.000e0,2.024e-4
cpu_context,lineart-plot,plot-7011_plots_line-00121-s3491d29b_1024x1024.sdr.png,1024,1024,1.048576,native,95,429213,2,1024|256,1|4,yes,1.452487588,1.452487588,0.000e0,0.000e0,0.736912608,0.736912549,5.960e-8,8.088e-8,1.452487588,1.452487588,0.000e0,1.569800735,8.077e-2,1.452227592,1.452227592,0.000e0,1.790e-4
cpu_context,lineart-plot,plot-7011_plots_line-00121-s3491d29b_1024x1024.sdr.png,1024,1024,1.048576,native,85,274358,2,1024|256,1|4,yes,3.283934355,3.283934355,0.000e0,0.000e0,1.239498377,1.239498377,0.000e0,0.000e0,3.283934355,3.283934355,0.000e0,3.486333847,6.163e-2,3.283281326,3.283281326,0.000e0,1.989e-4
cpu_context,lineart-plot,plot-7011_plots_line-00121-s3491d29b_1024x1024.sdr.png,1024,1024,1.048576,native,70,210815,2,1024|256,1|4,yes,5.711284161,5.711284161,0.000e0,0.000e0,2.023441076,2.023440838,2.384e-7,1.178e-7,5.711284161,5.711284161,0.000e0,6.286746979,1.008e-1,5.710145950,5.710145950,0.000e0,1.993e-4
cpu_context,lineart-plot,plot-7011_plots_line-00121-s3491d29b_1024x1024.sdr.png,1024,1024,1.048576,native,50,172754,2,1024|256,1|4,yes,6.972392082,6.972392082,0.000e0,0.000e0,2.948114395,2.948113918,4.768e-7,1.617e-7,6.972392082,6.972392082,0.000e0,7.587493420,8.822e-2,6.971004486,6.971004486,0.000e0,1.991e-4
cpu_context,lineart-plot,plot-7011_plots_line-00121-s3491d29b_1024x1024.sdr.png,1024,1024,1.048576,native,30,137310,2,1024|256,1|4,yes,11.079801559,11.079801559,0.000e0,0.000e0,4.032653809,4.032653809,0.000e0,0.000e0,11.079801559,11.079801559,0.000e0,10.379197121,6.323e-2,11.077569962,11.077569962,0.000e0,2.015e-4
cpu_context,lineart-plot,plot-7011_plots_line-00121-s3491d29b_1024x1024.sdr.png,1024,1024,1.048576,native,15,101852,2,1024|256,1|4,yes,15.282356262,15.282356262,0.000e0,0.000e0,6.255074978,6.255075455,4.768e-7,7.623e-8,15.282356262,15.282356262,0.000e0,14.262720108,6.672e-2,15.279270172,15.279270172,0.000e0,2.020e-4
cpu_context,lineart-plot,plot-7013_plots_line-00146-s6f881573_1024x1024.sdr.png,1024,1024,1.048576,native,95,884735,2,1024|256,1|4,yes,1.428526044,1.428526044,0.000e0,0.000e0,0.583244503,0.583244443,5.960e-8,1.022e-7,1.428526044,1.428526044,0.000e0,1.534711361,7.433e-2,1.428281307,1.428281307,0.000e0,1.714e-4
cpu_context,lineart-plot,plot-7013_plots_line-00146-s6f881573_1024x1024.sdr.png,1024,1024,1.048576,native,85,550959,2,1024|256,1|4,yes,3.070012331,3.070012331,0.000e0,0.000e0,1.015728474,1.015728354,1.192e-7,1.174e-7,3.070012331,3.070012331,0.000e0,3.321351528,8.187e-2,3.069403172,3.069403172,0.000e0,1.985e-4
cpu_context,lineart-plot,plot-7013_plots_line-00146-s6f881573_1024x1024.sdr.png,1024,1024,1.048576,native,70,397930,2,1024|256,1|4,yes,4.978378296,4.978378296,0.000e0,0.000e0,1.607692361,1.607692122,2.384e-7,1.483e-7,4.978378296,4.978378296,0.000e0,5.476622105,1.001e-1,4.977388382,4.977388382,0.000e0,1.989e-4
cpu_context,lineart-plot,plot-7013_plots_line-00146-s6f881573_1024x1024.sdr.png,1024,1024,1.048576,native,50,306406,2,1024|256,1|4,yes,6.451775074,6.451775074,0.000e0,0.000e0,2.295802355,2.295802593,2.384e-7,1.038e-7,6.451775074,6.451775074,0.000e0,6.825755119,5.797e-2,6.450497150,6.450497150,0.000e0,1.981e-4
cpu_context,lineart-plot,plot-7013_plots_line-00146-s6f881573_1024x1024.sdr.png,1024,1024,1.048576,native,30,231922,2,1024|256,1|4,yes,7.926782608,7.926782608,0.000e0,0.000e0,3.129773617,3.129773855,2.384e-7,7.618e-8,7.926782608,7.926782608,0.000e0,7.869233608,7.260e-3,7.925173283,7.925173283,0.000e0,2.031e-4
cpu_context,lineart-plot,plot-7013_plots_line-00146-s6f881573_1024x1024.sdr.png,1024,1024,1.048576,native,15,159863,2,1024|256,1|4,yes,11.476051331,11.476051331,0.000e0,0.000e0,4.801186085,4.801186562,4.768e-7,9.932e-8,11.476051331,11.476051331,0.000e0,11.926688194,3.927e-2,11.473727226,11.473727226,0.000e0,2.026e-4
cpu_context,illustration,illustration-9097_gen_illustrations_autumn-deciduous-path_1024x1536.sdr.png,1024,1536,1.572864,native,95,1471764,2,1536|256,1|6,yes,1.065198302,1.065198302,0.000e0,0.000e0,0.416183621,0.416183621,0.000e0,0.000e0,1.065198302,1.065198302,0.000e0,1.130422592,6.123e-2,1.065036535,1.065036535,0.000e0,1.519e-4
cpu_context,illustration,illustration-9097_gen_illustrations_autumn-deciduous-path_1024x1536.sdr.png,1024,1536,1.572864,native,85,808858,2,1536|256,1|6,yes,1.877005339,1.877005339,0.000e0,0.000e0,0.864234567,0.864234447,1.192e-7,1.379e-7,1.877005339,1.877005339,0.000e0,2.021349907,7.690e-2,1.876677632,1.876677632,0.000e0,1.746e-4
cpu_context,illustration,illustration-9097_gen_illustrations_autumn-deciduous-path_1024x1536.sdr.png,1024,1536,1.572864,native,70,538584,2,1536|256,1|6,yes,2.780379772,2.780379772,0.000e0,0.000e0,1.243203402,1.243203640,2.384e-7,1.918e-7,2.780379772,2.780379772,0.000e0,2.985510588,7.378e-2,2.779823065,2.779823065,0.000e0,2.003e-4
cpu_context,illustration,illustration-9097_gen_illustrations_autumn-deciduous-path_1024x1536.sdr.png,1024,1536,1.572864,native,50,393310,2,1536|256,1|6,yes,3.555993080,3.555993080,0.000e0,0.000e0,1.580633402,1.580633044,3.576e-7,2.263e-7,3.555993080,3.555993080,0.000e0,3.732790470,4.972e-2,3.555271864,3.555271864,0.000e0,2.029e-4
cpu_context,illustration,illustration-9097_gen_illustrations_autumn-deciduous-path_1024x1536.sdr.png,1024,1536,1.572864,native,30,279997,2,1536|256,1|6,yes,4.374977589,4.374977589,0.000e0,0.000e0,2.013197899,2.013198376,4.768e-7,2.369e-7,4.374977589,4.374977589,0.000e0,4.461833000,1.985e-2,4.374096394,4.374096394,0.000e0,2.015e-4
cpu_context,illustration,illustration-9097_gen_illustrations_autumn-deciduous-path_1024x1536.sdr.png,1024,1536,1.572864,native,15,168594,2,1536|256,1|6,yes,6.452188969,6.452188969,0.000e0,0.000e0,2.981165648,2.981165648,0.000e0,0.000e0,6.452188969,6.452188969,0.000e0,6.054860592,6.158e-2,6.450937748,6.450937748,0.000e0,1.940e-4
cpu_context,illustration,illustration-9100_gen_illustrations_bath-candles-evening_1024x1536.sdr.png,1024,1536,1.572864,native,95,908373,2,1536|256,1|6,yes,1.111957550,1.111957550,0.000e0,0.000e0,0.485993862,0.485993803,5.960e-8,1.226e-7,1.111957550,1.111957550,0.000e0,1.208705187,8.701e-2,1.117521524,1.117521524,0.000e0,4.979e-3
cpu_context,illustration,illustration-9100_gen_illustrations_bath-candles-evening_1024x1536.sdr.png,1024,1536,1.572864,native,85,463552,2,1536|256,1|6,yes,2.027972460,2.027972460,0.000e0,0.000e0,0.946163118,0.946163237,1.192e-7,1.260e-7,2.027972460,2.027972460,0.000e0,2.081581116,2.643e-2,2.027554989,2.027554989,0.000e0,2.059e-4
cpu_context,illustration,illustration-9100_gen_illustrations_bath-candles-evening_1024x1536.sdr.png,1024,1536,1.572864,native,70,296119,2,1536|256,1|6,yes,3.106794357,3.106794357,0.000e0,0.000e0,1.279348016,1.279348254,2.384e-7,1.864e-7,3.106794357,3.106794357,0.000e0,3.096794844,3.219e-3,3.106291533,3.106291533,0.000e0,1.619e-4
cpu_context,illustration,illustration-9100_gen_illustrations_bath-candles-evening_1024x1536.sdr.png,1024,1536,1.572864,native,50,212523,2,1536|256,1|6,yes,3.882024288,3.882024288,0.000e0,0.000e0,1.585719228,1.585719228,0.000e0,0.000e0,3.882024288,3.882024288,0.000e0,3.890092611,2.078e-3,3.881240129,3.881240129,0.000e0,2.020e-4
cpu_context,illustration,illustration-9100_gen_illustrations_bath-candles-evening_1024x1536.sdr.png,1024,1536,1.572864,native,30,148865,2,1536|256,1|6,yes,4.737783909,4.737783909,0.000e0,0.000e0,2.008397818,2.008397818,0.000e0,0.000e0,4.737783909,4.737783909,0.000e0,4.894199371,3.301e-2,4.736815453,4.736815453,0.000e0,2.045e-4
cpu_context,illustration,illustration-9100_gen_illustrations_bath-candles-evening_1024x1536.sdr.png,1024,1536,1.572864,native,15,90863,2,1536|256,1|6,yes,6.522344589,6.522344589,0.000e0,0.000e0,2.936213017,2.936212778,2.384e-7,8.120e-8,6.522344589,6.522344589,0.000e0,6.267457008,3.908e-2,6.521037102,6.521037102,0.000e0,2.005e-4
cpu_context,illustration,illustration-9104_gen_illustrations_cellist-rehearsing-attic_1024x1536.sdr.png,1024,1536,1.572864,native,95,1003762,2,1536|256,1|6,yes,1.098617673,1.098617673,0.000e0,0.000e0,0.496619612,0.496619642,2.980e-8,6.001e-8,1.098617673,1.098617673,0.000e0,1.175183177,6.969e-2,1.098398447,1.098398447,0.000e0,1.996e-4
cpu_context,illustration,illustration-9104_gen_illustrations_cellist-rehearsing-attic_1024x1536.sdr.png,1024,1536,1.572864,native,85,511823,2,1536|256,1|6,yes,2.237167835,2.237167835,0.000e0,0.000e0,0.983078361,0.983078241,1.192e-7,1.213e-7,2.237167835,2.237167835,0.000e0,2.358625889,5.429e-2,2.236723661,2.236723661,0.000e0,1.986e-4
cpu_context,illustration,illustration-9104_gen_illustrations_cellist-rehearsing-attic_1024x1536.sdr.png,1024,1536,1.572864,native,70,325287,2,1536|256,1|6,yes,3.158087969,3.158087969,0.000e0,0.000e0,1.363791585,1.363791823,2.384e-7,1.748e-7,3.158087969,3.158087969,0.000e0,3.373214006,6.812e-2,3.157455206,3.157455206,0.000e0,2.004e-4
cpu_context,illustration,illustration-9104_gen_illustrations_cellist-rehearsing-attic_1024x1536.sdr.png,1024,1536,1.572864,native,50,232338,2,1536|256,1|6,yes,4.300643444,4.300643444,0.000e0,0.000e0,1.726798058,1.726798177,1.192e-7,6.903e-8,4.300643444,4.300643444,0.000e0,4.490094185,4.405e-2,4.299780369,4.299780369,0.000e0,2.007e-4
cpu_context,illustration,illustration-9104_gen_illustrations_cellist-rehearsing-attic_1024x1536.sdr.png,1024,1536,1.572864,native,30,161615,2,1536|256,1|6,yes,5.692615509,5.692615509,0.000e0,0.000e0,2.216319084,2.216318846,2.384e-7,1.076e-7,5.692615509,5.692615509,0.000e0,5.778516769,1.509e-2,5.691450596,5.691450596,0.000e0,2.047e-4
cpu_context,illustration,illustration-9104_gen_illustrations_cellist-rehearsing-attic_1024x1536.sdr.png,1024,1536,1.572864,native,15,97245,2,1536|256,1|6,yes,7.594355106,7.594355106,0.000e0,0.000e0,3.181817770,3.181818008,2.384e-7,7.493e-8,7.594355106,7.594355106,0.000e0,7.065117359,6.969e-2,7.592818260,7.592818260,0.000e0,2.024e-4
cpu_context,illustration,illustration-9107_gen_illustrations_choir-scene-cathedral_1024x1536.sdr.png,1024,1536,1.572864,native,95,1128329,2,1536|256,1|6,yes,1.061912537,1.061912537,0.000e0,0.000e0,0.446324319,0.446324348,2.980e-8,6.677e-8,1.061912537,1.061912537,0.000e0,1.144184709,7.748e-2,1.061696291,1.061696291,0.000e0,2.037e-4
cpu_context,illustration,illustration-9107_gen_illustrations_choir-scene-cathedral_1024x1536.sdr.png,1024,1536,1.572864,native,85,591648,2,1536|256,1|6,yes,2.329049587,2.329049587,0.000e0,0.000e0,0.889112473,0.889112473,0.000e0,0.000e0,2.329049587,2.329049587,0.000e0,2.134004831,8.374e-2,2.328577518,2.328577518,0.000e0,2.027e-4
cpu_context,illustration,illustration-9107_gen_illustrations_choir-scene-cathedral_1024x1536.sdr.png,1024,1536,1.572864,native,70,381796,2,1536|256,1|6,yes,3.293746471,3.293746471,0.000e0,0.000e0,1.250277758,1.250277519,2.384e-7,1.907e-7,3.293746471,3.293746471,0.000e0,3.621853113,9.962e-2,3.293077707,3.293077707,0.000e0,2.031e-4
cpu_context,illustration,illustration-9107_gen_illustrations_choir-scene-cathedral_1024x1536.sdr.png,1024,1536,1.572864,native,50,273509,2,1536|256,1|6,yes,4.086894989,4.086894989,0.000e0,0.000e0,1.597551584,1.597551465,1.192e-7,7.462e-8,4.086894989,4.086894989,0.000e0,4.214348316,3.119e-2,4.086065292,4.086065292,0.000e0,2.031e-4
cpu_context,illustration,illustration-9107_gen_illustrations_choir-scene-cathedral_1024x1536.sdr.png,1024,1536,1.572864,native,30,191742,2,1536|256,1|6,yes,5.105625629,5.105625629,0.000e0,0.000e0,2.035451889,2.035452127,2.384e-7,1.171e-7,5.105625629,5.105625629,0.000e0,5.337408543,4.540e-2,5.104582787,5.104582787,0.000e0,2.043e-4
cpu_context,illustration,illustration-9107_gen_illustrations_choir-scene-cathedral_1024x1536.sdr.png,1024,1536,1.572864,native,15,117720,2,1536|256,1|6,yes,6.571772099,6.571772099,0.000e0,0.000e0,2.941055298,2.941055059,2.384e-7,8.107e-8,6.571772099,6.571772099,0.000e0,6.172534943,6.075e-2,6.570349693,6.570349693,0.000e0,2.165e-4
cpu_context,illustration,illustration-9110_gen_illustrations_coffee-shop-dusk_1536x1024.sdr.png,1536,1024,1.572864,native,95,1127100,2,1024|256,1|4,yes,1.000444651,1.000444651,0.000e0,0.000e0,0.459077746,0.459077656,8.941e-8,1.948e-7,1.000444651,1.000444651,0.000e0,1.111017346,1.105e-1,1.000243902,1.000243902,0.000e0,2.007e-4
cpu_context,illustration,illustration-9110_gen_illustrations_coffee-shop-dusk_1536x1024.sdr.png,1536,1024,1.572864,native,85,576992,2,1024|256,1|4,yes,1.988850832,1.988850832,0.000e0,0.000e0,0.929077744,0.929077864,1.192e-7,1.283e-7,1.988850832,1.988850832,0.000e0,2.104601860,5.820e-2,1.988450646,1.988450646,0.000e0,2.013e-4
cpu_context,illustration,illustration-9110_gen_illustrations_coffee-shop-dusk_1536x1024.sdr.png,1536,1024,1.572864,native,70,365901,2,1024|256,1|4,yes,3.132244587,3.132244587,0.000e0,0.000e0,1.298233509,1.298233509,0.000e0,0.000e0,3.132244587,3.132244587,0.000e0,3.097913265,1.096e-2,3.131612301,3.131612301,0.000e0,2.019e-4
cpu_context,illustration,illustration-9110_gen_illustrations_coffee-shop-dusk_1536x1024.sdr.png,1536,1024,1.572864,native,50,257508,2,1024|256,1|4,yes,4.126412392,4.126412392,0.000e0,0.000e0,1.625070214,1.625070095,1.192e-7,7.336e-8,4.126412392,4.126412392,0.000e0,3.852638006,6.635e-2,4.125581741,4.125581741,0.000e0,2.013e-4
cpu_context,illustration,illustration-9110_gen_illustrations_coffee-shop-dusk_1536x1024.sdr.png,1536,1024,1.572864,native,30,175449,2,1024|256,1|4,yes,4.768451691,4.768451691,0.000e0,0.000e0,2.031677485,2.031677485,0.000e0,0.000e0,4.768451691,4.768451691,0.000e0,4.688555717,1.676e-2,4.767493725,4.767493725,0.000e0,2.009e-4
cpu_context,illustration,illustration-9110_gen_illustrations_coffee-shop-dusk_1536x1024.sdr.png,1536,1024,1.572864,native,15,102263,2,1024|256,1|4,yes,5.796792030,5.796792030,0.000e0,0.000e0,2.902888298,2.902888060,2.384e-7,8.213e-8,5.796792030,5.796792030,0.000e0,5.514594555,4.868e-2,5.795629978,5.795629978,0.000e0,2.005e-4
cpu_context,illustration,illustration-9113_gen_illustrations_cyclist-bridge-golden-hour_1536x1024.sdr.png,1536,1024,1.572864,native,95,1510020,2,1024|256,1|4,yes,1.086043954,1.086043954,0.000e0,0.000e0,0.474095941,0.474096030,8.941e-8,1.886e-7,1.086043954,1.086043954,0.000e0,1.170319557,7.760e-2,1.085824013,1.085824013,0.000e0,2.026e-4
cpu_context,illustration,illustration-9113_gen_illustrations_cyclist-bridge-golden-hour_1536x1024.sdr.png,1536,1024,1.572864,native,85,804722,2,1024|256,1|4,yes,2.108458996,2.108458996,0.000e0,0.000e0,0.979999125,0.979998946,1.788e-7,1.825e-7,2.108458996,2.108458996,0.000e0,2.199263811,4.307e-2,2.108031988,2.108031988,0.000e0,2.026e-4
cpu_context,illustration,illustration-9113_gen_illustrations_cyclist-bridge-golden-hour_1536x1024.sdr.png,1536,1024,1.572864,native,70,515823,2,1024|256,1|4,yes,2.947883844,2.947883844,0.000e0,0.000e0,1.411910295,1.411910176,1.192e-7,8.443e-8,2.947883844,2.947883844,0.000e0,3.113221884,5.609e-2,2.947288990,2.947288990,0.000e0,2.018e-4
cpu_context,illustration,illustration-9113_gen_illustrations_cyclist-bridge-golden-hour_1536x1024.sdr.png,1536,1024,1.572864,native,50,368369,2,1024|256,1|4,yes,3.634626627,3.634626627,0.000e0,0.000e0,1.795759559,1.795759916,3.576e-7,1.992e-7,3.634626627,3.634626627,0.000e0,3.641639948,1.930e-3,3.633882761,3.633882761,0.000e0,2.047e-4
cpu_context,illustration,illustration-9113_gen_illustrations_cyclist-bridge-golden-hour_1536x1024.sdr.png,1536,1024,1.572864,native,30,256481,2,1024|256,1|4,yes,4.838016033,4.838016033,0.000e0,0.000e0,2.265605927,2.265606165,2.384e-7,1.052e-7,4.838016033,4.838016033,0.000e0,4.822973728,3.109e-3,4.837052345,4.837052345,0.000e0,1.992e-4
cpu_context,illustration,illustration-9113_gen_illustrations_cyclist-bridge-golden-hour_1536x1024.sdr.png,1536,1024,1.572864,native,15,148789,2,1024|256,1|4,yes,6.474487782,6.474487782,0.000e0,0.000e0,3.201152802,3.201152563,2.384e-7,7.448e-8,6.474487782,6.474487782,0.000e0,6.091271400,5.919e-2,6.473185062,6.473185062,0.000e0,2.012e-4
cpu_context,illustration,illustration-9115_gen_illustrations_dancer-mid-pose-studio_1024x1536.sdr.png,1024,1536,1.572864,native,95,497228,2,1536|256,1|6,yes,1.218820095,1.218820095,0.000e0,0.000e0,0.575979829,0.575979769,5.960e-8,1.035e-7,1.218820095,1.218820095,0.000e0,1.330312490,9.148e-2,1.218573451,1.218573451,0.000e0,2.024e-4
cpu_context,illustration,illustration-9115_gen_illustrations_dancer-mid-pose-studio_1024x1536.sdr.png,1024,1536,1.572864,native,85,230527,2,1536|256,1|6,yes,2.627034664,2.627034664,0.000e0,0.000e0,0.925265968,0.925265849,1.192e-7,1.288e-7,2.627034664,2.627034664,0.000e0,2.636869907,3.744e-3,2.626510620,2.626510620,0.000e0,1.995e-4
cpu_context,illustration,illustration-9115_gen_illustrations_dancer-mid-pose-studio_1024x1536.sdr.png,1024,1536,1.572864,native,70,148749,2,1536|256,1|6,yes,3.805755615,3.805755615,0.000e0,0.000e0,1.272372246,1.272372365,1.192e-7,9.369e-8,3.805755615,3.805755615,0.000e0,4.111801624,8.042e-2,3.804986477,3.804986477,0.000e0,2.021e-4
cpu_context,illustration,illustration-9115_gen_illustrations_dancer-mid-pose-studio_1024x1536.sdr.png,1024,1536,1.572864,native,50,112303,2,1536|256,1|6,yes,4.426169872,4.426169872,0.000e0,0.000e0,1.606781006,1.606781125,1.192e-7,7.419e-8,4.426169872,4.426169872,0.000e0,4.729675293,6.857e-2,4.425278187,4.425278187,0.000e0,2.015e-4
cpu_context,illustration,illustration-9115_gen_illustrations_dancer-mid-pose-studio_1024x1536.sdr.png,1024,1536,1.572864,native,30,86344,2,1536|256,1|6,yes,5.420983791,5.420983791,0.000e0,0.000e0,2.074106693,2.074106455,2.384e-7,1.150e-7,5.420983791,5.420983791,0.000e0,5.459426403,7.091e-3,5.419890404,5.419890404,0.000e0,2.017e-4
cpu_context,illustration,illustration-9115_gen_illustrations_dancer-mid-pose-studio_1024x1536.sdr.png,1024,1536,1.572864,native,15,64339,2,1536|256,1|6,yes,7.875572205,7.875572205,0.000e0,0.000e0,3.003988743,3.003988266,4.768e-7,1.587e-7,7.875572205,7.875572205,0.000e0,8.122138023,3.131e-2,7.873997688,7.873997688,0.000e0,2.000e-4
cpu_context,illustration,illustration-9116_gen_illustrations_desert-twilight-saguaro_1024x1536.sdr.png,1024,1536,1.572864,native,95,1158838,2,1536|256,1|6,yes,1.125616431,1.125616431,0.000e0,0.000e0,0.512418032,0.512418091,5.960e-8,1.163e-7,1.125616431,1.125616431,0.000e0,1.232233167,9.472e-2,1.125389338,1.125389338,0.000e0,2.018e-4
cpu_context,illustration,illustration-9116_gen_illustrations_desert-twilight-saguaro_1024x1536.sdr.png,1024,1536,1.572864,native,85,596410,2,1536|256,1|6,yes,2.083324432,2.083324432,0.000e0,0.000e0,0.994687259,0.994687319,5.960e-8,5.992e-8,2.083324432,2.083324432,0.000e0,2.165840864,3.961e-2,2.082904577,2.082904577,0.000e0,2.016e-4
cpu_context,illustration,illustration-9116_gen_illustrations_desert-twilight-saguaro_1024x1536.sdr.png,1024,1536,1.572864,native,70,378151,2,1536|256,1|6,yes,3.581077099,3.581077099,0.000e0,0.000e0,1.361767769,1.361767530,2.384e-7,1.751e-7,3.581077099,3.581077099,0.000e0,3.461194754,3.348e-2,3.580353260,3.580353260,0.000e0,2.022e-4
cpu_context,illustration,illustration-9116_gen_illustrations_desert-twilight-saguaro_1024x1536.sdr.png,1024,1536,1.572864,native,50,266325,2,1536|256,1|6,yes,4.039266586,4.039266586,0.000e0,0.000e0,1.697285295,1.697285056,2.384e-7,1.405e-7,4.039266586,4.039266586,0.000e0,4.155846596,2.886e-2,4.038455486,4.038455486,0.000e0,2.008e-4
cpu_context,illustration,illustration-9116_gen_illustrations_desert-twilight-saguaro_1024x1536.sdr.png,1024,1536,1.572864,native,30,183079,2,1536|256,1|6,yes,5.094983101,5.094983101,0.000e0,0.000e0,2.139423609,2.139423847,2.384e-7,1.114e-7,5.094983101,5.094983101,0.000e0,5.343979836,4.887e-2,5.093957901,5.093957901,0.000e0,2.013e-4
cpu_context,illustration,illustration-9116_gen_illustrations_desert-twilight-saguaro_1024x1536.sdr.png,1024,1536,1.572864,native,15,110191,2,1536|256,1|6,yes,6.895410538,6.895410538,0.000e0,0.000e0,3.145326853,3.145326853,0.000e0,0.000e0,6.895410538,6.895410538,0.000e0,6.287009716,8.823e-2,6.894018173,6.894018173,0.000e0,2.020e-4
cpu_context,illustration,illustration-9009_gen_clipart_book-stack_1024x1536.sdr.png,1024,1536,1.572864,native,95,273449,2,1536|256,1|6,yes,1.873019099,1.873019099,0.000e0,0.000e0,0.923005462,0.923005581,1.192e-7,1.292e-7,1.873019099,1.873019099,0.000e0,1.390889645,2.574e-1,1.872699261,1.872699261,0.000e0,1.708e-4
cpu_context,illustration,illustration-9009_gen_clipart_book-stack_1024x1536.sdr.png,1024,1536,1.572864,native,85,171820,2,1536|256,1|6,yes,2.520684004,2.520684004,0.000e0,0.000e0,0.916069329,0.916069448,1.192e-7,1.301e-7,2.520684004,2.520684004,0.000e0,2.823920727,1.203e-1,2.520170450,2.520170450,0.000e0,2.038e-4
cpu_context,illustration,illustration-9009_gen_clipart_book-stack_1024x1536.sdr.png,1024,1536,1.572864,native,70,130437,2,1536|256,1|6,yes,3.758896828,3.758896828,0.000e0,0.000e0,1.589510918,1.589510918,0.000e0,0.000e0,3.758896828,3.758896828,0.000e0,4.011548042,6.721e-2,3.758162022,3.758162022,0.000e0,1.955e-4
cpu_context,illustration,illustration-9009_gen_clipart_book-stack_1024x1536.sdr.png,1024,1536,1.572864,native,50,107147,2,1536|256,1|6,yes,4.892519474,4.892519474,0.000e0,0.000e0,1.676919818,1.676919818,0.000e0,0.000e0,4.892519474,4.892519474,0.000e0,5.219305038,6.679e-2,4.891537666,4.891537666,0.000e0,2.007e-4
cpu_context,illustration,illustration-9009_gen_clipart_book-stack_1024x1536.sdr.png,1024,1536,1.572864,native,30,89322,2,1536|256,1|6,yes,5.353022099,5.353022099,0.000e0,0.000e0,2.061948538,2.061948776,2.384e-7,1.156e-7,5.353022099,5.353022099,0.000e0,5.659784794,5.731e-2,5.351938725,5.351938725,0.000e0,2.024e-4
cpu_context,illustration,illustration-9009_gen_clipart_book-stack_1024x1536.sdr.png,1024,1536,1.572864,native,15,71341,2,1536|256,1|6,yes,7.513381958,7.513381958,0.000e0,0.000e0,4.185298920,4.185297489,1.431e-6,3.418e-7,7.513381958,7.513381958,0.000e0,7.496204376,2.286e-3,7.511941433,7.511941433,0.000e0,1.918e-4
cpu_context,illustration,illustration-9036_gen_clipart_laptop-coffee_1024x1024.sdr.png,1024,1024,1.048576,native,95,142634,2,1024|256,1|4,yes,1.275661230,1.275661230,0.000e0,0.000e0,0.532746375,0.532746375,0.000e0,0.000e0,1.275661230,1.275661230,0.000e0,1.383062363,8.419e-2,1.275518537,1.275518537,0.000e0,1.119e-4
cpu_context,illustration,illustration-9036_gen_clipart_laptop-coffee_1024x1024.sdr.png,1024,1024,1.048576,native,85,93571,2,1024|256,1|4,yes,2.959485292,2.959485292,0.000e0,0.000e0,0.791132033,0.791132092,5.960e-8,7.534e-8,2.959485292,2.959485292,0.000e0,3.306836128,1.174e-1,2.958893538,2.958893538,0.000e0,2.000e-4
cpu_context,illustration,illustration-9036_gen_clipart_laptop-coffee_1024x1024.sdr.png,1024,1024,1.048576,native,70,74737,2,1024|256,1|4,yes,4.065676689,4.065676689,0.000e0,0.000e0,1.175527811,1.175527930,1.192e-7,1.014e-7,4.065676689,4.065676689,0.000e0,4.519670963,1.117e-1,4.064852715,4.064852715,0.000e0,2.027e-4
cpu_context,illustration,illustration-9036_gen_clipart_laptop-coffee_1024x1024.sdr.png,1024,1024,1.048576,native,50,63458,2,1024|256,1|4,yes,6.585217476,6.585217476,0.000e0,0.000e0,1.715018988,1.715018988,0.000e0,0.000e0,6.585217476,6.585217476,0.000e0,7.037956715,6.875e-2,6.583884716,6.583884716,0.000e0,2.024e-4
cpu_context,illustration,illustration-9036_gen_clipart_laptop-coffee_1024x1024.sdr.png,1024,1024,1.048576,native,30,54227,2,1024|256,1|4,yes,6.949145317,6.949145317,0.000e0,0.000e0,2.318411827,2.318412304,4.768e-7,2.057e-7,6.949145317,6.949145317,0.000e0,7.169082642,3.165e-2,6.947731972,6.947731972,0.000e0,2.034e-4
cpu_context,illustration,illustration-9036_gen_clipart_laptop-coffee_1024x1024.sdr.png,1024,1024,1.048576,native,15,45351,2,1024|256,1|4,yes,8.965072632,8.965072632,0.000e0,0.000e0,3.994130850,3.994131565,7.153e-7,1.791e-7,8.965072632,8.965072632,0.000e0,9.359368324,4.398e-2,8.963251114,8.963251114,0.000e0,2.032e-4
cpu_context,illustration,illustration-9050_gen_clipart_parrot-tropical_1024x1536.sdr.png,1024,1536,1.572864,native,95,242405,2,1536|256,1|6,yes,1.669490218,1.669490218,0.000e0,0.000e0,0.585994601,0.585994661,5.960e-8,1.017e-7,1.669490218,1.669490218,0.000e0,1.788071632,7.103e-2,1.669157505,1.669157505,0.000e0,1.993e-4
cpu_context,illustration,illustration-9050_gen_clipart_parrot-tropical_1024x1536.sdr.png,1024,1536,1.572864,native,85,153558,2,1536|256,1|6,yes,3.064041376,3.064041376,0.000e0,0.000e0,0.820385277,0.820385396,1.192e-7,1.453e-7,3.064041376,3.064041376,0.000e0,3.363306284,9.767e-2,3.063426733,3.063426733,0.000e0,2.006e-4
cpu_context,illustration,illustration-9050_gen_clipart_parrot-tropical_1024x1536.sdr.png,1024,1536,1.572864,native,70,118391,2,1536|256,1|6,yes,3.653869152,3.653869152,0.000e0,0.000e0,1.111314893,1.111315131,2.384e-7,2.145e-7,3.653869152,3.653869152,0.000e0,3.943144560,7.917e-2,3.653119326,3.653119326,0.000e0,2.053e-4
cpu_context,illustration,illustration-9050_gen_clipart_parrot-tropical_1024x1536.sdr.png,1024,1536,1.572864,native,50,99364,2,1536|256,1|6,yes,4.840311527,4.840311527,0.000e0,0.000e0,1.575572848,1.575573206,3.576e-7,2.270e-7,4.840311527,4.840311527,0.000e0,4.900646687,1.247e-2,4.839341164,4.839341164,0.000e0,2.005e-4
cpu_context,illustration,illustration-9050_gen_clipart_parrot-tropical_1024x1536.sdr.png,1024,1536,1.572864,native,30,83945,2,1536|256,1|6,yes,6.091469288,6.091469288,0.000e0,0.000e0,2.180332422,2.180332661,2.384e-7,1.093e-7,6.091469288,6.091469288,0.000e0,6.322747707,3.797e-2,6.090240955,6.090240955,0.000e0,2.017e-4
cpu_context,illustration,illustration-9050_gen_clipart_parrot-tropical_1024x1536.sdr.png,1024,1536,1.572864,native,15,68552,2,1536|256,1|6,yes,9.466446877,9.466446877,0.000e0,0.000e0,3.699460506,3.699460268,2.384e-7,6.445e-8,9.466446877,9.466446877,0.000e0,7.590663910,1.982e-1,9.464982986,9.464982986,0.000e0,1.547e-4
cpu_context,illustration,illustration-9055_gen_clipart_rainbow-cloud_1024x1024.sdr.png,1024,1024,1.048576,native,95,149540,2,1024|256,1|4,yes,1.358330727,1.358330727,0.000e0,0.000e0,0.469197720,0.469197750,2.980e-8,6.352e-8,1.358330727,1.358330727,0.000e0,1.404471636,3.397e-2,1.358061194,1.358061194,0.000e0,1.985e-4
cpu_context,illustration,illustration-9055_gen_clipart_rainbow-cloud_1024x1024.sdr.png,1024,1024,1.048576,native,85,98169,2,1024|256,1|4,yes,2.686482668,2.686482668,0.000e0,0.000e0,0.705172777,0.705172777,0.000e0,0.000e0,2.686482668,2.686482668,0.000e0,3.005442142,1.187e-1,2.685928106,2.685928106,0.000e0,2.065e-4
cpu_context,illustration,illustration-9055_gen_clipart_rainbow-cloud_1024x1024.sdr.png,1024,1024,1.048576,native,70,76286,2,1024|256,1|4,yes,3.759222746,3.759222746,0.000e0,0.000e0,1.037089348,1.037089348,0.000e0,0.000e0,3.759222746,3.759222746,0.000e0,4.110624313,9.348e-2,3.758464575,3.758464575,0.000e0,2.017e-4
cpu_context,illustration,illustration-9055_gen_clipart_rainbow-cloud_1024x1024.sdr.png,1024,1024,1.048576,native,50,63927,2,1024|256,1|4,yes,4.765817642,4.765817642,0.000e0,0.000e0,1.477332473,1.477332473,0.000e0,0.000e0,4.765817642,4.765817642,0.000e0,5.340234280,1.205e-1,4.764854908,4.764854908,0.000e0,2.020e-4
cpu_context,illustration,illustration-9055_gen_clipart_rainbow-cloud_1024x1024.sdr.png,1024,1024,1.048576,native,30,54050,2,1024|256,1|4,yes,4.899822712,4.899822712,0.000e0,0.000e0,1.612084985,1.612085104,1.192e-7,7.395e-8,4.899822712,4.899822712,0.000e0,5.149075031,5.087e-2,4.898843765,4.898843765,0.000e0,1.998e-4
cpu_context,illustration,illustration-9055_gen_clipart_rainbow-cloud_1024x1024.sdr.png,1024,1024,1.048576,native,15,44036,2,1024|256,1|4,yes,8.018502235,8.018502235,0.000e0,0.000e0,3.239383936,3.239384413,4.768e-7,1.472e-7,8.018502235,8.018502235,0.000e0,7.286206245,9.133e-2,8.017810822,8.017810822,0.000e0,8.623e-5
cpu_context,illustration,illustration-9057_gen_clipart_running-shoe_1024x1536.sdr.png,1024,1536,1.572864,native,95,176294,2,1536|256,1|6,yes,1.399103403,1.399103403,0.000e0,0.000e0,0.609316289,0.609316349,5.960e-8,9.782e-8,1.399103403,1.399103403,0.000e0,1.367947698,2.227e-2,1.398822665,1.398822665,0.000e0,2.007e-4
cpu_context,illustration,illustration-9057_gen_clipart_running-shoe_1024x1536.sdr.png,1024,1536,1.572864,native,85,119832,2,1536|256,1|6,yes,2.519906998,2.519906998,0.000e0,0.000e0,0.728895307,0.728895366,5.960e-8,8.177e-8,2.519906998,2.519906998,0.000e0,2.799064159,1.108e-1,2.519401789,2.519401789,0.000e0,2.005e-4
cpu_context,illustration,illustration-9057_gen_clipart_running-shoe_1024x1536.sdr.png,1024,1536,1.572864,native,70,95917,2,1536|256,1|6,yes,4.009570122,4.009570122,0.000e0,0.000e0,0.997691393,0.997691453,5.960e-8,5.974e-8,4.009570122,4.009570122,0.000e0,4.450235844,1.099e-1,4.008746147,4.008746147,0.000e0,2.055e-4
cpu_context,illustration,illustration-9057_gen_clipart_running-shoe_1024x1536.sdr.png,1024,1536,1.572864,native,50,82668,2,1536|256,1|6,yes,4.493412971,4.493412971,0.000e0,0.000e0,1.389146328,1.389146447,1.192e-7,8.581e-8,4.493412971,4.493412971,0.000e0,4.884438038,8.702e-2,4.492535114,4.492535114,0.000e0,1.954e-4
cpu_context,illustration,illustration-9057_gen_clipart_running-shoe_1024x1536.sdr.png,1024,1536,1.572864,native,30,71918,2,1536|256,1|6,yes,4.658822060,4.658822060,0.000e0,0.000e0,1.919391036,1.919391394,3.576e-7,1.863e-7,4.658822060,4.658822060,0.000e0,4.839811802,3.885e-2,4.657864094,4.657864094,0.000e0,2.057e-4
cpu_context,illustration,illustration-9057_gen_clipart_running-shoe_1024x1536.sdr.png,1024,1536,1.572864,native,15,61211,2,1536|256,1|6,yes,7.482820034,7.482820034,0.000e0,0.000e0,3.135863066,3.135863304,2.384e-7,7.603e-8,7.482820034,7.482820034,0.000e0,7.103868008,5.064e-2,7.481325626,7.481325626,0.000e0,1.998e-4
cpu_context,illustration,illustration-9059_gen_clipart_scissors-craft_1024x1536.sdr.png,1024,1536,1.572864,native,95,174764,2,1536|256,1|6,yes,1.272015452,1.272015452,0.000e0,0.000e0,0.425296068,0.425296098,2.980e-8,7.007e-8,1.272015452,1.272015452,0.000e0,1.406742930,1.059e-1,1.271742582,1.271742582,0.000e0,2.146e-4
cpu_context,illustration,illustration-9059_gen_clipart_scissors-craft_1024x1536.sdr.png,1024,1536,1.572864,native,85,121232,2,1536|256,1|6,yes,2.463648558,2.463648558,0.000e0,0.000e0,0.670959592,0.670959651,5.960e-8,8.883e-8,2.463648558,2.463648558,0.000e0,2.712690353,1.011e-1,2.463153601,2.463153601,0.000e0,2.009e-4
cpu_context,illustration,illustration-9059_gen_clipart_scissors-craft_1024x1536.sdr.png,1024,1536,1.572864,native,70,97903,2,1536|256,1|6,yes,4.166522980,4.166522980,0.000e0,0.000e0,0.987741649,0.987741649,0.000e0,0.000e0,4.166522980,4.166522980,0.000e0,4.630780697,1.114e-1,4.165682793,4.165682793,0.000e0,2.017e-4
cpu_context,illustration,illustration-9059_gen_clipart_scissors-craft_1024x1536.sdr.png,1024,1536,1.572864,native,50,84500,2,1536|256,1|6,yes,4.901026726,4.901026726,0.000e0,0.000e0,1.294237852,1.294237852,0.000e0,0.000e0,4.901026726,4.901026726,0.000e0,5.100649357,4.073e-2,4.900057793,4.900057793,0.000e0,1.977e-4
cpu_context,illustration,illustration-9059_gen_clipart_scissors-craft_1024x1536.sdr.png,1024,1536,1.572864,native,30,73433,2,1536|256,1|6,yes,7.211451054,7.211451054,0.000e0,0.000e0,1.873817205,1.873815894,1.311e-6,6.998e-7,7.211451054,7.211451054,0.000e0,7.808132172,8.274e-2,7.209990025,7.209990025,0.000e0,2.026e-4
cpu_context,illustration,illustration-9059_gen_clipart_scissors-craft_1024x1536.sdr.png,1024,1536,1.572864,native,15,61685,2,1536|256,1|6,yes,9.265442848,9.265442848,0.000e0,0.000e0,3.614644289,3.614644527,2.384e-7,6.596e-8,9.265442848,9.265442848,0.000e0,8.033108711,1.330e-1,9.263171196,9.263171196,0.000e0,2.452e-4
cpu_context,screen-imz,screen-8106_web-screenshots_climate-news_dpr1_page1_1440x900.sdr.png,1440,900,1.296000,native,95,278665,2,900|256,1|4,yes,1.314579129,1.314579129,0.000e0,0.000e0,0.379929751,0.379929781,2.980e-8,7.844e-8,1.314579129,1.314579129,0.000e0,1.451530814,1.042e-1,1.314308643,1.314308643,0.000e0,2.058e-4
cpu_context,screen-imz,screen-8106_web-screenshots_climate-news_dpr1_page1_1440x900.sdr.png,1440,900,1.296000,native,85,176448,2,900|256,1|4,yes,2.541280985,2.541280985,0.000e0,0.000e0,0.805015087,0.805014968,1.192e-7,1.481e-7,2.541280985,2.541280985,0.000e0,2.692638397,5.956e-2,2.540791035,2.540791035,0.000e0,1.928e-4
cpu_context,screen-imz,screen-8106_web-screenshots_climate-news_dpr1_page1_1440x900.sdr.png,1440,900,1.296000,native,70,131537,2,900|256,1|4,yes,3.820295811,3.820295811,0.000e0,0.000e0,1.219364524,1.219364643,1.192e-7,9.776e-8,3.820295811,3.820295811,0.000e0,4.198866844,9.909e-2,3.819503069,3.819503069,0.000e0,2.076e-4
cpu_context,screen-imz,screen-8106_web-screenshots_climate-news_dpr1_page1_1440x900.sdr.png,1440,900,1.296000,native,50,106364,2,900|256,1|4,yes,5.185076237,5.185076237,0.000e0,0.000e0,1.617455244,1.617455602,3.576e-7,2.211e-7,5.185076237,5.185076237,0.000e0,5.223684788,7.446e-3,5.184008121,5.184008121,0.000e0,2.060e-4
cpu_context,screen-imz,screen-8106_web-screenshots_climate-news_dpr1_page1_1440x900.sdr.png,1440,900,1.296000,native,30,85816,2,900|256,1|4,yes,6.611788750,6.611788750,0.000e0,0.000e0,2.158857346,2.158857346,0.000e0,0.000e0,6.611788750,6.611788750,0.000e0,6.249982357,5.472e-2,6.610396862,6.610396862,0.000e0,2.106e-4
cpu_context,screen-imz,screen-8106_web-screenshots_climate-news_dpr1_page1_1440x900.sdr.png,1440,900,1.296000,native,15,65266,2,900|256,1|4,yes,9.132967949,9.132967949,0.000e0,0.000e0,3.068987608,3.068988323,7.153e-7,2.331e-7,9.132967949,9.132967949,0.000e0,8.862870216,2.957e-2,9.131104469,9.131104469,0.000e0,2.041e-4
cpu_context,screen-imz,screen-8109_web-screenshots_datagov-catalog_dpr1_page2_1440x900.sdr.png,1440,900,1.296000,native,95,376166,2,900|256,1|4,yes,1.139319777,1.139319777,0.000e0,0.000e0,0.351758540,0.351758480,5.960e-8,1.694e-7,1.139319777,1.139319777,0.000e0,1.191374898,4.569e-2,1.139072299,1.139072299,0.000e0,2.173e-4
cpu_context,screen-imz,screen-8109_web-screenshots_datagov-catalog_dpr1_page2_1440x900.sdr.png,1440,900,1.296000,native,85,242121,2,900|256,1|4,yes,2.782205105,2.782205105,0.000e0,0.000e0,0.887442529,0.887442410,1.192e-7,1.343e-7,2.782205105,2.782205105,0.000e0,2.804390430,7.974e-3,2.781649828,2.781649828,0.000e0,1.996e-4
cpu_context,screen-imz,screen-8109_web-screenshots_datagov-catalog_dpr1_page2_1440x900.sdr.png,1440,900,1.296000,native,70,178294,2,900|256,1|4,yes,4.126452446,4.126452446,0.000e0,0.000e0,1.434568167,1.434568167,0.000e0,0.000e0,4.126452446,4.126452446,0.000e0,4.175725937,1.194e-2,4.125613213,4.125613213,0.000e0,2.034e-4
cpu_context,screen-imz,screen-8109_web-screenshots_datagov-catalog_dpr1_page2_1440x900.sdr.png,1440,900,1.296000,native,50,141212,2,900|256,1|4,yes,5.533399582,5.533399582,0.000e0,0.000e0,1.974511743,1.974511743,0.000e0,0.000e0,5.533399582,5.533399582,0.000e0,5.508138180,4.565e-3,5.532254696,5.532254696,0.000e0,2.069e-4
cpu_context,screen-imz,screen-8109_web-screenshots_datagov-catalog_dpr1_page2_1440x900.sdr.png,1440,900,1.296000,native,30,112474,2,900|256,1|4,yes,7.050473213,7.050473213,0.000e0,0.000e0,2.553296804,2.553296804,0.000e0,0.000e0,7.050473213,7.050473213,0.000e0,6.359956741,9.794e-2,7.049059391,7.049059391,0.000e0,2.006e-4
cpu_context,screen-imz,screen-8109_web-screenshots_datagov-catalog_dpr1_page2_1440x900.sdr.png,1440,900,1.296000,native,15,82778,2,900|256,1|4,yes,9.740062714,9.740062714,0.000e0,0.000e0,3.433075190,3.433075428,2.384e-7,6.945e-8,9.740062714,9.740062714,0.000e0,8.853126526,9.106e-2,9.737335205,9.737335205,0.000e0,2.801e-4
cpu_context,screen-imz,screen-8112_web-screenshots_gutenberg-top_dpr1_page2_1440x900.sdr.png,1440,900,1.296000,native,95,540828,2,900|256,1|4,yes,1.103856564,1.103856564,0.000e0,0.000e0,0.379491657,0.379491627,2.980e-8,7.853e-8,1.103856564,1.103856564,0.000e0,1.074764132,2.636e-2,1.103637457,1.103637457,0.000e0,1.985e-4
cpu_context,screen-imz,screen-8112_web-screenshots_gutenberg-top_dpr1_page2_1440x900.sdr.png,1440,900,1.296000,native,85,335338,2,900|256,1|4,yes,2.667942762,2.667942762,0.000e0,0.000e0,0.918904305,0.918904185,1.192e-7,1.297e-7,2.667942762,2.667942762,0.000e0,2.514341354,5.757e-2,2.667373657,2.667373657,0.000e0,2.134e-4
cpu_context,screen-imz,screen-8112_web-screenshots_gutenberg-top_dpr1_page2_1440x900.sdr.png,1440,900,1.296000,native,70,240633,2,900|256,1|4,yes,4.125283718,4.125283718,0.000e0,0.000e0,1.512961507,1.512961745,2.384e-7,1.576e-7,4.125283718,4.125283718,0.000e0,4.010336876,2.786e-2,4.124436855,4.124436855,0.000e0,2.053e-4
cpu_context,screen-imz,screen-8112_web-screenshots_gutenberg-top_dpr1_page2_1440x900.sdr.png,1440,900,1.296000,native,50,183583,2,900|256,1|4,yes,5.899682999,5.899682999,0.000e0,0.000e0,2.187261820,2.187261581,2.384e-7,1.090e-7,5.899682999,5.899682999,0.000e0,5.516837120,6.489e-2,5.898434639,5.898434639,0.000e0,2.116e-4
cpu_context,screen-imz,screen-8112_web-screenshots_gutenberg-top_dpr1_page2_1440x900.sdr.png,1440,900,1.296000,native,30,141825,2,900|256,1|4,yes,8.774727821,8.774727821,0.000e0,0.000e0,2.925693274,2.925693989,7.153e-7,2.445e-7,8.774727821,8.774727821,0.000e0,7.879510880,1.020e-1,8.772912979,8.772912979,0.000e0,2.069e-4
cpu_context,screen-imz,screen-8112_web-screenshots_gutenberg-top_dpr1_page2_1440x900.sdr.png,1440,900,1.296000,native,15,104143,2,900|256,1|4,yes,9.169280052,9.169280052,0.000e0,0.000e0,3.960783720,3.960784674,9.537e-7,2.408e-7,9.169280052,9.169280052,0.000e0,8.874334335,3.217e-2,9.167360306,9.167360306,0.000e0,2.094e-4
cpu_context,screen-imz,screen-8113_web-screenshots_lkml-lists-index_dpr1_page1_1440x900.sdr.png,1440,900,1.296000,native,95,754890,2,900|256,1|4,yes,1.492413402,1.492413402,0.000e0,0.000e0,0.788923502,0.788923502,0.000e0,0.000e0,1.492413402,1.492413402,0.000e0,1.554310203,4.147e-2,1.492090344,1.492090344,0.000e0,2.165e-4
cpu_context,screen-imz,screen-8113_web-screenshots_lkml-lists-index_dpr1_page1_1440x900.sdr.png,1440,900,1.296000,native,85,465637,2,900|256,1|4,yes,3.327023506,3.327023506,0.000e0,0.000e0,1.020773649,1.020773888,2.384e-7,2.336e-7,3.327023506,3.327023506,0.000e0,3.659824848,1.000e-1,3.326346159,3.326346159,0.000e0,2.036e-4
cpu_context,screen-imz,screen-8113_web-screenshots_lkml-lists-index_dpr1_page1_1440x900.sdr.png,1440,900,1.296000,native,70,310825,2,900|256,1|4,yes,4.674692154,4.674692154,0.000e0,0.000e0,1.508221865,1.508221745,1.192e-7,7.904e-8,4.674692154,4.674692154,0.000e0,4.963394642,6.176e-2,4.673744678,4.673744678,0.000e0,2.027e-4
cpu_context,screen-imz,screen-8113_web-screenshots_lkml-lists-index_dpr1_page1_1440x900.sdr.png,1440,900,1.296000,native,50,241630,2,900|256,1|4,yes,6.646535397,6.646535397,0.000e0,0.000e0,2.110346794,2.110347033,2.384e-7,1.130e-7,6.646535397,6.646535397,0.000e0,7.049763203,6.067e-2,6.645185947,6.645185947,0.000e0,2.031e-4
cpu_context,screen-imz,screen-8113_web-screenshots_lkml-lists-index_dpr1_page1_1440x900.sdr.png,1440,900,1.296000,native,30,168544,2,900|256,1|4,yes,7.909121990,7.909121990,0.000e0,0.000e0,2.948033571,2.948033333,2.384e-7,8.087e-8,7.909121990,7.909121990,0.000e0,7.713000298,2.480e-2,7.907521248,7.907521248,0.000e0,2.024e-4
cpu_context,screen-imz,screen-8113_web-screenshots_lkml-lists-index_dpr1_page1_1440x900.sdr.png,1440,900,1.296000,native,15,105976,2,900|256,1|4,yes,9.390067101,9.390067101,0.000e0,0.000e0,4.072715282,4.072714806,4.768e-7,1.171e-7,9.390067101,9.390067101,0.000e0,9.201193810,2.011e-2,9.388149261,9.388149261,0.000e0,2.043e-4
cpu_context,screen-imz,screen-8119_web-screenshots_loc-pictures_dpr1_page2_1440x900.sdr.png,1440,900,1.296000,native,95,325085,2,900|256,1|4,yes,1.126802921,1.126802921,0.000e0,0.000e0,0.352449179,0.352449208,2.980e-8,8.456e-8,1.126802921,1.126802921,0.000e0,1.108524442,1.622e-2,1.126557589,1.126557589,0.000e0,2.178e-4
cpu_context,screen-imz,screen-8119_web-screenshots_loc-pictures_dpr1_page2_1440x900.sdr.png,1440,900,1.296000,native,85,205918,2,900|256,1|4,yes,2.633124113,2.633124113,0.000e0,0.000e0,0.859354556,0.859354556,0.000e0,0.000e0,2.633124113,2.633124113,0.000e0,2.505558014,4.845e-2,2.632589817,2.632589817,0.000e0,2.030e-4
cpu_context,screen-imz,screen-8119_web-screenshots_loc-pictures_dpr1_page2_1440x900.sdr.png,1440,900,1.296000,native,70,152821,2,900|256,1|4,yes,4.736060143,4.736060143,0.000e0,0.000e0,1.426544309,1.426544070,2.384e-7,1.671e-7,4.736060143,4.736060143,0.000e0,4.718701839,3.665e-3,4.735081196,4.735081196,0.000e0,2.067e-4
cpu_context,screen-imz,screen-8119_web-screenshots_loc-pictures_dpr1_page2_1440x900.sdr.png,1440,900,1.296000,native,50,120237,2,900|256,1|4,yes,5.790737152,5.790737152,0.000e0,0.000e0,1.988109350,1.988109231,1.192e-7,5.996e-8,5.790737152,5.790737152,0.000e0,5.401073456,6.729e-2,5.789558887,5.789558887,0.000e0,2.035e-4
cpu_context,screen-imz,screen-8119_web-screenshots_loc-pictures_dpr1_page2_1440x900.sdr.png,1440,900,1.296000,native,30,96286,2,900|256,1|4,yes,8.213891983,8.213891983,0.000e0,0.000e0,2.692554951,2.692554951,0.000e0,0.000e0,8.213891983,8.213891983,0.000e0,7.785984039,5.210e-2,8.212262154,8.212262154,0.000e0,1.985e-4
cpu_context,screen-imz,screen-8119_web-screenshots_loc-pictures_dpr1_page2_1440x900.sdr.png,1440,900,1.296000,native,15,74011,2,900|256,1|4,yes,10.911166191,10.911166191,0.000e0,0.000e0,3.826879740,3.826880455,7.153e-7,1.869e-7,10.911166191,10.911166191,0.000e0,9.897936821,9.286e-2,10.908961296,10.908961296,0.000e0,2.021e-4
cpu_context,screen-imz,screen-8126_web-screenshots_nasa-missions_dpr1_page1_1440x900.sdr.png,1440,900,1.296000,native,95,334206,2,900|256,1|4,yes,1.287170529,1.287170529,0.000e0,0.000e0,0.376610279,0.376610339,5.960e-8,1.583e-7,1.287170529,1.287170529,0.000e0,1.427014709,1.086e-1,1.286913276,1.286913276,0.000e0,1.999e-4
cpu_context,screen-imz,screen-8126_web-screenshots_nasa-missions_dpr1_page1_1440x900.sdr.png,1440,900,1.296000,native,85,214505,2,900|256,1|4,yes,2.518110275,2.518110275,0.000e0,0.000e0,0.825503230,0.825503290,5.960e-8,7.220e-8,2.518110275,2.518110275,0.000e0,2.634740829,4.632e-2,2.517593622,2.517593622,0.000e0,2.052e-4
cpu_context,screen-imz,screen-8126_web-screenshots_nasa-missions_dpr1_page1_1440x900.sdr.png,1440,900,1.296000,native,70,162800,2,900|256,1|4,yes,4.717851162,4.717851162,0.000e0,0.000e0,1.355784774,1.355784774,0.000e0,0.000e0,4.717851162,4.717851162,0.000e0,4.365844727,7.461e-2,4.716875076,4.716875076,0.000e0,2.069e-4
cpu_context,screen-imz,screen-8126_web-screenshots_nasa-missions_dpr1_page1_1440x900.sdr.png,1440,900,1.296000,native,50,132098,2,900|256,1|4,yes,5.495807171,5.495807171,0.000e0,0.000e0,1.876795530,1.876795769,2.384e-7,1.270e-7,5.495807171,5.495807171,0.000e0,5.595765114,1.819e-2,5.494692326,5.494692326,0.000e0,2.029e-4
cpu_context,screen-imz,screen-8126_web-screenshots_nasa-missions_dpr1_page1_1440x900.sdr.png,1440,900,1.296000,native,30,106653,2,900|256,1|4,yes,8.336480141,8.336480141,0.000e0,0.000e0,2.563199759,2.563199997,2.384e-7,9.302e-8,8.336480141,8.336480141,0.000e0,7.623586655,8.551e-2,8.334736824,8.334736824,0.000e0,2.092e-4
cpu_context,screen-imz,screen-8126_web-screenshots_nasa-missions_dpr1_page1_1440x900.sdr.png,1440,900,1.296000,native,15,80523,2,900|256,1|4,yes,11.464387894,11.464387894,0.000e0,0.000e0,3.607122660,3.607122421,2.384e-7,6.610e-8,11.464387894,11.464387894,0.000e0,10.751680374,6.217e-2,11.461997986,11.461997986,0.000e0,2.085e-4
cpu_context,screen-imz,screen-8129_web-screenshots_nasa-news_dpr1_page2_1440x900.sdr.png,1440,900,1.296000,native,95,319889,2,900|256,1|4,yes,1.250330329,1.250330329,0.000e0,0.000e0,0.351690650,0.351690680,2.980e-8,8.474e-8,1.250330329,1.250330329,0.000e0,1.400057793,1.198e-1,1.250084639,1.250084639,0.000e0,1.965e-4
cpu_context,screen-imz,screen-8129_web-screenshots_nasa-news_dpr1_page2_1440x900.sdr.png,1440,900,1.296000,native,85,196804,2,900|256,1|4,yes,2.632778406,2.632778406,0.000e0,0.000e0,0.730815768,0.730815768,0.000e0,0.000e0,2.632778406,2.632778406,0.000e0,2.572743177,2.280e-2,2.632240534,2.632240534,0.000e0,2.043e-4
cpu_context,screen-imz,screen-8129_web-screenshots_nasa-news_dpr1_page2_1440x900.sdr.png,1440,900,1.296000,native,70,146665,2,900|256,1|4,yes,3.836094856,3.836094856,0.000e0,0.000e0,1.087563872,1.087563872,0.000e0,0.000e0,3.836094856,3.836094856,0.000e0,3.478657484,9.318e-2,3.835292816,3.835292816,0.000e0,2.091e-4
cpu_context,screen-imz,screen-8129_web-screenshots_nasa-news_dpr1_page2_1440x900.sdr.png,1440,900,1.296000,native,50,118539,2,900|256,1|4,yes,5.574026108,5.574026108,0.000e0,0.000e0,1.473912716,1.473912716,0.000e0,0.000e0,5.574026108,5.574026108,0.000e0,6.036371231,8.295e-2,5.572902203,5.572902203,0.000e0,2.017e-4
cpu_context,screen-imz,screen-8129_web-screenshots_nasa-news_dpr1_page2_1440x900.sdr.png,1440,900,1.296000,native,30,96201,2,900|256,1|4,yes,6.493178844,6.493178844,0.000e0,0.000e0,1.948994160,1.948994160,0.000e0,0.000e0,6.493178844,6.493178844,0.000e0,6.773861885,4.323e-2,6.491877556,6.491877556,0.000e0,2.004e-4
cpu_context,screen-imz,screen-8129_web-screenshots_nasa-news_dpr1_page2_1440x900.sdr.png,1440,900,1.296000,native,15,73193,2,900|256,1|4,yes,9.963643074,9.963643074,0.000e0,0.000e0,2.936328650,2.936329365,7.153e-7,2.436e-7,9.963643074,9.963643074,0.000e0,9.716282845,2.483e-2,9.961626053,9.961626053,0.000e0,2.025e-4
cpu_context,screen-imz,screen-8134_web-screenshots_nps-grand-canyon_dpr1_page1_1440x900.sdr.png,1440,900,1.296000,native,95,547267,2,900|256,1|4,yes,1.329453707,1.329453707,0.000e0,0.000e0,0.513861358,0.513861299,5.960e-8,1.160e-7,1.329453707,1.329453707,0.000e0,1.423985958,7.111e-2,1.329187989,1.329187989,0.000e0,1.999e-4
cpu_context,screen-imz,screen-8134_web-screenshots_nps-grand-canyon_dpr1_page1_1440x900.sdr.png,1440,900,1.296000,native,85,327040,2,900|256,1|4,yes,2.957730770,2.957730770,0.000e0,0.000e0,0.932228625,0.932228744,1.192e-7,1.279e-7,2.957730770,2.957730770,0.000e0,3.158315182,6.782e-2,2.957148075,2.957148075,0.000e0,1.970e-4
cpu_context,screen-imz,screen-8134_web-screenshots_nps-grand-canyon_dpr1_page1_1440x900.sdr.png,1440,900,1.296000,native,70,229768,2,900|256,1|4,yes,4.230935097,4.230935097,0.000e0,0.000e0,1.439099789,1.439099669,1.192e-7,8.284e-8,4.230935097,4.230935097,0.000e0,4.275255680,1.048e-2,4.230066299,4.230066299,0.000e0,2.054e-4
cpu_context,screen-imz,screen-8134_web-screenshots_nps-grand-canyon_dpr1_page1_1440x900.sdr.png,1440,900,1.296000,native,50,173711,2,900|256,1|4,yes,5.652605057,5.652605057,0.000e0,0.000e0,1.875430584,1.875430346,2.384e-7,1.271e-7,5.652605057,5.652605057,0.000e0,6.054476261,7.109e-2,5.651481152,5.651481152,0.000e0,1.989e-4
cpu_context,screen-imz,screen-8134_web-screenshots_nps-grand-canyon_dpr1_page1_1440x900.sdr.png,1440,900,1.296000,native,30,132015,2,900|256,1|4,yes,6.721243858,6.721243858,0.000e0,0.000e0,2.673407793,2.673407793,0.000e0,0.000e0,6.721243858,6.721243858,0.000e0,6.615678310,1.571e-2,6.719869137,6.719869137,0.000e0,2.046e-4
cpu_context,screen-imz,screen-8134_web-screenshots_nps-grand-canyon_dpr1_page1_1440x900.sdr.png,1440,900,1.296000,native,15,91027,2,900|256,1|4,yes,9.663750648,9.663750648,0.000e0,0.000e0,3.438344002,3.438344240,2.384e-7,6.934e-8,9.663750648,9.663750648,0.000e0,8.675826073,1.022e-1,9.661767006,9.661767006,0.000e0,2.053e-4
