width,height,megapixels,h_body,whole_ms,strip_ms,strip_overhead_pct,whole_score,strip_score,score_rel_diff
1024,1024,1.048576,256,23.540,57.083,142.49,0.33637172,0.33637111,0.000002
2048,2048,4.194304,256,30.369,144.258,375.02,0.33580506,0.33580489,0.000000
3464,3464,11.999296,256,44.869,262.713,485.51,0.33741648,0.33741761,0.000003
3464,3464,11.999296,512,37.231,177.919,377.87,0.33741631,0.33741492,0.000004
4898,4898,23.990404,256,74.854,455.863,509.00,0.33888446,0.33888560,0.000003
4898,4898,23.990404,512,75.728,251.565,232.20,0.33888441,0.33888521,0.000002
