w_h,mp,mode,mean_ms,min_ms,score,working_set_mb
1024x1024,1.05,whole,9.543,5.575,0.025419,106.2
1024x1024,1.05,strip(body=1024,alloc=1536),10.391,8.957,0.025419,159.2
2048x2048,4.19,whole,25.797,14.894,0.030356,424.6
2048x2048,4.19,strip(body=1024,alloc=1536),43.748,34.266,0.030356,318.5
4000x3000,12.00,whole,90.530,86.202,0.029949,1214.8
4000x3000,12.00,strip(body=1024,alloc=1536),151.601,106.527,0.029949,622.0
6000x4000,24.00,whole,SKIP_OOM,SKIP_OOM,n/a,2429.6
6000x4000,24.00,strip(body=1024,alloc=1536),516.319,498.075,0.029411,933.0
