metric,size,q,legacy,orchestrator,abs_diff,tolerance,verdict,legacy_extra_cols,orch_extra_cols,notes
iwssim-gpu,256,20,0.926276,0.926276,0.000000e+00,5.000000e-05,PASS-EXACT,,,
iwssim-gpu,256,50,0.968235,0.968235,0.000000e+00,5.000000e-05,PASS-EXACT,,,
iwssim-gpu,256,80,0.986055,0.986055,0.000000e+00,5.000000e-05,PASS-EXACT,,,
iwssim-gpu,1024,20,0.858085,0.858085,0.000000e+00,5.000000e-05,PASS-EXACT,,,
iwssim-gpu,1024,50,0.953837,0.953837,0.000000e+00,5.000000e-05,PASS-EXACT,,,
iwssim-gpu,1024,80,0.983684,0.983684,0.000000e+00,5.000000e-05,PASS-EXACT,,,
iwssim-gpu,4096,20,0.860366,0.860366,0.000000e+00,5.000000e-05,PASS-EXACT,,,
iwssim-gpu,4096,50,0.951840,0.951840,0.000000e+00,5.000000e-05,PASS-EXACT,,,
iwssim-gpu,4096,80,0.983449,0.983449,0.000000e+00,5.000000e-05,PASS-EXACT,,,
