w_h,mp,mode,mean_ms,min_ms,score,working_set_mb
1024x1024,1.05,whole,8.568,5.111,-697.970754,327.1
1024x1024,1.05,strip(body=1024,alloc=1536),7.692,6.199,-718.223640,490.6
2048x2048,4.19,whole,12.395,12.186,-775.366639,1308.3
2048x2048,4.19,strip(body=1024,alloc=1536),19.765,19.344,-786.269069,981.2
4000x3000,12.00,whole,30.774,30.422,-354.943682,3743.1
4000x3000,12.00,strip(body=1024,alloc=1536),52.146,51.555,-355.356241,1916.5
6000x4000,24.00,whole,SKIP_OOM,SKIP_OOM,n/a,7486.2
6000x4000,24.00,strip(body=1024,alloc=1536),100.943,99.713,-381.814357,2874.7
