crate,mode,w,h,mp,baseline_mib,peak_mib,delta_mib,warm_ms,score,htod_12mp_prior,wall_s,error
ssim2-gpu,full,1024,1024,1.049,1305,1850,545,415.92,-323.533831,52,1.44,
ssim2-gpu,full,2048,2048,4.194,1305,3002,1697,1351.93,-366.493664,52,2.40,
ssim2-gpu,full,4096,4096,16.777,1305,7583,6278,6787.77,-382.580852,52,7.99,
ssim2-gpu,strip,1024,1024,1.049,1310,1759,449,366.77,-325.444248,-1,1.30,
ssim2-gpu,strip,2048,2048,4.194,1310,2015,705,675.13,-367.659646,-1,1.68,
ssim2-gpu,strip,4096,4096,16.777,1342,2607,1265,1299.25,-383.169845,-1,2.38,
