crate,mode,w,h,mp,baseline_mib,peak_mib,delta_mib,warm_ms,score,htod_12mp_prior,wall_s,error
ssim2-gpu,full,1024,1024,1.049,1283,1858,575,445.91,-323.533831,52,1.44,
ssim2-gpu,full,2048,2048,4.194,1313,3010,1697,1451.51,-366.493664,52,2.53,
ssim2-gpu,full,4096,4096,16.777,1313,7737,6424,7677.90,-382.580852,52,8.92,
ssim2-gpu,strip,1024,1024,1.049,1464,1913,449,398.84,-325.444248,-1,1.39,
ssim2-gpu,strip,2048,2048,4.194,1464,2169,705,769.66,-367.659646,-1,1.81,
ssim2-gpu,strip,4096,4096,16.777,1464,2681,1217,1334.28,-383.169845,-1,2.40,
