crate,mode,w,h,mp,baseline_mib,peak_mib,delta_mib,warm_ms,score,htod_12mp_prior,wall_s,error
ssim2-gpu,full,1024,1024,1.049,4695,5246,551,677.26,-323.533831,52,1.73,
ssim2-gpu,full,2048,2048,4.194,4701,6396,1695,1523.99,-366.493664,52,2.65,
ssim2-gpu,full,4096,4096,16.777,4699,10972,6273,8699.81,-382.580852,52,10.16,
ssim2-gpu,strip,1024,1024,1.049,4699,5148,449,552.01,-325.444248,-1,1.62,
ssim2-gpu,strip,2048,2048,4.194,4699,5404,705,732.61,-367.659646,-1,1.81,
ssim2-gpu,strip,4096,4096,16.777,4699,5916,1217,1514.21,-383.169845,-1,2.75,
